Unnamed: 0,ProdTaken,Age,TypeofContact,CityTier,DurationOfPitch,Occupation,Gender,NumberOfPersonVisiting,NumberOfFollowups,ProductPitched,PreferredPropertyStar,MaritalStatus,NumberOfTrips,Passport,PitchSatisfactionScore,OwnCar,NumberOfChildrenVisiting,Designation,MonthlyIncome
0,1,41.0,Self Enquiry,3,6.0,Salaried,Female,3,3.0,Deluxe,3.0,Single,1.0,1,2,1,0.0,Manager,20993.0
1,0,49.0,Company Invited,1,14.0,Salaried,Male,3,4.0,Deluxe,4.0,Divorced,2.0,0,3,1,2.0,Manager,20130.0
2,1,37.0,Self Enquiry,1,8.0,Free Lancer,Male,3,4.0,Basic,3.0,Single,7.0,1,3,0,0.0,Executive,17090.0
3,0,33.0,Company Invited,1,9.0,Salaried,Female,2,3.0,Basic,3.0,Divorced,2.0,1,5,1,1.0,Executive,17909.0
5,0,32.0,Company Invited,1,8.0,Salaried,Male,3,3.0,Basic,3.0,Single,1.0,0,5,1,1.0,Executive,18068.0
6,0,59.0,Self Enquiry,1,9.0,Small Business,Female,2,2.0,Basic,5.0,Divorced,5.0,1,2,1,1.0,Executive,17670.0
7,0,30.0,Self Enquiry,1,30.0,Salaried,Male,3,3.0,Basic,3.0,Married,2.0,0,2,0,1.0,Executive,17693.0
8,0,38.0,Company Invited,1,29.0,Salaried,Male,2,4.0,Standard,3.0,Unmarried,1.0,0,3,0,0.0,Senior Manager,24526.0
9,0,36.0,Self Enquiry,1,33.0,Small Business,Male,3,3.0,Deluxe,3.0,Divorced,7.0,0,3,1,0.0,Manager,20237.0
10,0,35.0,Self Enquiry,1,22.0,Small Business,Male,2,2.0,Basic,4.0,Divorced,1.0,0,3,1,1.0,Executive,17426.0
12,0,31.0,Self Enquiry,1,32.0,Salaried,Male,2,3.0,Basic,3.0,Married,2.0,0,3,0,1.0,Executive,17911.0
13,0,34.0,Self Enquiry,1,25.0,Small Business,Male,3,3.0,Basic,3.0,Married,1.0,0,3,0,2.0,Executive,17661.0
14,1,28.0,Self Enquiry,1,30.0,Salaried,Male,2,4.0,Basic,3.0,Single,6.0,1,2,0,0.0,Executive,17028.0
15,0,29.0,Self Enquiry,1,27.0,Salaried,Female,2,2.0,Standard,5.0,Married,2.0,0,5,1,1.0,Senior Manager,24980.0
16,0,32.0,Self Enquiry,1,11.0,Salaried,Male,3,2.0,Basic,4.0,Married,1.0,1,2,1,0.0,Executive,18298.0
17,0,22.0,Company Invited,1,22.0,Small Business,Male,3,2.0,Basic,3.0,Married,2.0,1,3,0,0.0,Executive,17935.0
18,0,53.0,Self Enquiry,3,8.0,Salaried,Female,3,4.0,Super Deluxe,3.0,Divorced,3.0,0,3,1,0.0,AVP,30427.0
22,0,34.0,Self Enquiry,1,13.0,Salaried,Fe Male,2,3.0,Standard,4.0,Unmarried,1.0,0,3,1,0.0,Senior Manager,26994.0
23,0,21.0,Self Enquiry,1,21.0,Salaried,Male,3,3.0,Basic,3.0,Single,2.0,0,3,1,1.0,Executive,16232.0
24,1,34.0,Self Enquiry,1,12.0,Small Business,Male,2,3.0,Basic,5.0,Single,3.0,0,2,1,1.0,Executive,17960.0
25,0,53.0,Self Enquiry,1,11.0,Salaried,Female,2,3.0,King,3.0,Married,5.0,0,5,0,1.0,VP,34094.0
27,0,42.0,Self Enquiry,3,14.0,Small Business,Male,2,3.0,Deluxe,4.0,Divorced,1.0,0,3,0,1.0,Manager,21825.0
28,0,44.0,Self Enquiry,1,13.0,Small Business,Female,2,4.0,Standard,3.0,Divorced,4.0,0,4,1,0.0,Senior Manager,25248.0
29,0,46.0,Self Enquiry,3,8.0,Small Business,Female,2,3.0,King,5.0,Single,4.0,0,2,0,1.0,VP,33947.0
30,0,33.0,Self Enquiry,1,8.0,Small Business,Male,3,3.0,Basic,3.0,Single,5.0,0,3,1,2.0,Executive,17496.0
31,0,44.0,Self Enquiry,1,16.0,Salaried,Male,2,3.0,Deluxe,3.0,Divorced,3.0,1,3,1,1.0,Manager,21465.0
32,0,30.0,Self Enquiry,1,15.0,Small Business,Male,2,4.0,Basic,3.0,Single,2.0,0,4,1,1.0,Executive,17206.0
33,1,39.0,Self Enquiry,3,11.0,Large Business,Male,2,3.0,Deluxe,3.0,Divorced,4.0,0,2,0,1.0,Manager,17086.0
34,1,24.0,Self Enquiry,1,6.0,Small Business,Male,3,3.0,Basic,3.0,Divorced,3.0,1,3,1,2.0,Executive,17293.0
35,0,43.0,Self Enquiry,1,8.0,Small Business,Female,3,2.0,Basic,3.0,Married,2.0,0,2,0,1.0,Executive,17645.0
36,1,50.0,Self Enquiry,3,9.0,Small Business,Male,2,4.0,Basic,3.0,Divorced,2.0,1,4,0,0.0,Executive,17683.0
37,0,35.0,Self Enquiry,3,8.0,Small Business,Female,3,3.0,Basic,3.0,Divorced,2.0,0,2,1,0.0,Executive,17014.0
39,0,33.0,Company Invited,3,6.0,Salaried,Female,2,2.0,Deluxe,5.0,Divorced,3.0,0,3,1,0.0,Manager,20376.0
40,0,35.0,Self Enquiry,1,10.0,Salaried,Male,3,3.0,Basic,3.0,Married,2.0,0,4,0,0.0,Executive,16951.0
41,0,27.0,Self Enquiry,1,8.0,Salaried,Female,2,3.0,Basic,5.0,Married,2.0,0,3,0,1.0,Executive,17341.0
42,1,26.0,Self Enquiry,1,31.0,Salaried,Male,2,5.0,Basic,3.0,Single,2.0,0,2,1,1.0,Executive,17293.0
43,0,27.0,Company Invited,3,14.0,Salaried,Male,2,3.0,Standard,3.0,Unmarried,2.0,0,2,1,0.0,Senior Manager,23726.0
45,1,41.0,Self Enquiry,1,18.0,Large Business,Female,2,3.0,King,3.0,Divorced,2.0,0,4,1,0.0,VP,34545.0
47,0,37.0,Self Enquiry,1,25.0,Salaried,Male,3,3.0,Basic,4.0,Divorced,5.0,0,4,1,1.0,Executive,18022.0
48,0,46.0,Company Invited,3,11.0,Small Business,Male,3,3.0,Deluxe,3.0,Single,5.0,1,5,1,1.0,Manager,20772.0
49,0,35.0,Self Enquiry,1,14.0,Salaried,Male,2,2.0,Basic,3.0,Divorced,2.0,0,5,1,1.0,Executive,17269.0
50,1,48.0,Self Enquiry,1,6.0,Salaried,Male,3,4.0,Standard,3.0,Single,1.0,1,5,0,2.0,Senior Manager,20381.0
52,0,44.0,Self Enquiry,3,6.0,Small Business,Female,3,3.0,Deluxe,5.0,Married,6.0,1,2,0,0.0,Manager,20454.0
53,0,35.0,Company Invited,1,17.0,Small Business,Male,3,4.0,Standard,5.0,Divorced,3.0,1,5,1,1.0,Senior Manager,24884.0
55,0,33.0,Company Invited,1,6.0,Salaried,Fe Male,3,3.0,Standard,3.0,Unmarried,2.0,1,2,1,0.0,Senior Manager,28458.0
56,0,35.0,Company Invited,3,24.0,Salaried,Male,3,3.0,Standard,5.0,Divorced,2.0,0,4,1,0.0,Senior Manager,24069.0
58,0,31.0,Self Enquiry,1,13.0,Salaried,Male,2,3.0,Deluxe,3.0,Married,4.0,0,3,1,0.0,Manager,20915.0
59,0,37.0,Self Enquiry,1,6.0,Salaried,Male,2,4.0,Deluxe,3.0,Married,2.0,0,5,1,1.0,Manager,20993.0
60,0,32.0,Self Enquiry,1,6.0,Small Business,Male,2,3.0,Deluxe,3.0,Divorced,2.0,1,4,1,0.0,Manager,21162.0
61,0,38.0,Company Invited,1,35.0,Salaried,Female,2,3.0,Deluxe,3.0,Single,2.0,0,3,1,0.0,Manager,17406.0
62,0,50.0,Self Enquiry,1,13.0,Small Business,Female,2,4.0,King,3.0,Married,6.0,1,4,1,1.0,VP,33740.0
63,0,59.0,Self Enquiry,3,31.0,Salaried,Female,2,3.0,Standard,5.0,Unmarried,1.0,0,3,1,0.0,Senior Manager,22637.0
64,0,36.0,Self Enquiry,1,14.0,Large Business,Female,2,3.0,Standard,3.0,Married,2.0,0,4,1,1.0,Senior Manager,25096.0
65,0,55.0,Self Enquiry,1,14.0,Small Business,Female,2,3.0,Super Deluxe,3.0,Married,3.0,1,3,0,1.0,AVP,29756.0
66,0,36.0,Company Invited,1,17.0,Salaried,Male,3,4.0,Deluxe,4.0,Unmarried,2.0,0,4,1,1.0,Manager,21499.0
67,0,45.0,Self Enquiry,1,13.0,Salaried,Male,2,3.0,Standard,5.0,Married,3.0,0,3,1,1.0,Senior Manager,24724.0
68,0,35.0,Company Invited,1,6.0,Small Business,Male,3,3.0,Basic,5.0,Divorced,5.0,0,2,0,1.0,Executive,17194.0
70,0,59.0,Company Invited,3,6.0,Salaried,Female,2,4.0,Deluxe,3.0,Single,1.0,0,5,1,1.0,Manager,20473.0
71,0,29.0,Self Enquiry,1,8.0,Salaried,Male,3,3.0,Basic,4.0,Divorced,1.0,0,4,0,0.0,Executive,17703.0
72,0,31.0,Self Enquiry,1,6.0,Small Business,Male,2,3.0,Basic,4.0,Single,2.0,0,3,0,0.0,Executive,17501.0
73,0,32.0,Self Enquiry,1,6.0,Salaried,Male,3,3.0,Deluxe,4.0,Divorced,2.0,0,3,0,0.0,Manager,21220.0
74,0,36.0,Self Enquiry,1,12.0,Salaried,Female,2,2.0,Deluxe,3.0,Divorced,4.0,0,2,0,0.0,Manager,18038.0
77,0,45.0,Self Enquiry,1,12.0,Salaried,Male,2,3.0,Standard,5.0,Divorced,5.0,1,3,0,0.0,Senior Manager,28245.0
78,0,37.0,Self Enquiry,1,13.0,Small Business,Male,1,3.0,Standard,3.0,Single,5.0,0,2,0,0.0,Senior Manager,28664.0
80,0,30.0,Self Enquiry,1,6.0,Salaried,Male,2,4.0,Deluxe,3.0,Divorced,2.0,1,2,1,1.0,Manager,20126.0
81,0,35.0,Self Enquiry,1,6.0,Small Business,Male,1,4.0,Basic,3.0,Single,2.0,0,4,1,0.0,Executive,17859.0
82,0,55.0,Self Enquiry,3,6.0,Salaried,Male,3,3.0,Standard,3.0,Divorced,4.0,0,2,0,1.0,Senior Manager,25239.0
83,0,38.0,Company Invited,1,12.0,Small Business,Female,3,5.0,Deluxe,3.0,Married,1.0,1,2,0,2.0,Manager,20329.0
85,0,56.0,Self Enquiry,1,13.0,Salaried,Male,2,5.0,Standard,3.0,Unmarried,5.0,0,2,0,0.0,Senior Manager,22260.0
86,0,23.0,Self Enquiry,3,8.0,Large Business,Male,3,3.0,Basic,5.0,Married,4.0,0,3,1,1.0,Executive,17322.0
87,0,51.0,Self Enquiry,1,15.0,Salaried,Male,3,3.0,Basic,3.0,Divorced,4.0,0,3,1,0.0,Executive,17075.0
89,1,46.0,Self Enquiry,3,15.0,Small Business,Male,3,4.0,Standard,3.0,Unmarried,2.0,0,5,0,1.0,Senior Manager,24619.0
90,0,40.0,Company Invited,1,6.0,Salaried,Male,3,4.0,Super Deluxe,4.0,Divorced,2.0,0,2,1,2.0,AVP,28503.0
91,0,51.0,Self Enquiry,3,27.0,Small Business,Male,3,3.0,Deluxe,3.0,Single,1.0,1,5,1,1.0,Manager,20441.0
92,0,30.0,Self Enquiry,3,10.0,Small Business,Female,3,4.0,Deluxe,4.0,Married,2.0,1,3,1,1.0,Manager,20209.0
93,0,46.0,Company Invited,1,6.0,Small Business,Male,2,4.0,Standard,5.0,Divorced,3.0,1,2,1,1.0,Senior Manager,25673.0
95,0,54.0,Self Enquiry,1,8.0,Large Business,Female,2,3.0,Standard,3.0,Divorced,1.0,0,4,1,0.0,Senior Manager,28549.0
98,0,58.0,Self Enquiry,3,16.0,Small Business,Male,2,3.0,Super Deluxe,3.0,Single,1.0,0,3,1,1.0,AVP,28872.0
99,0,44.0,Company Invited,1,29.0,Small Business,Male,3,3.0,Deluxe,4.0,Divorced,5.0,0,3,1,0.0,Manager,17042.0
100,1,37.0,Self Enquiry,2,12.0,Salaried,Male,3,3.0,Basic,5.0,Married,5.0,1,2,1,0.0,Executive,17073.0
101,0,32.0,Self Enquiry,1,6.0,Salaried,Male,3,3.0,Basic,5.0,Single,2.0,0,2,0,2.0,Executive,17956.0
102,1,20.0,Company Invited,1,12.0,Salaried,Female,3,4.0,Basic,3.0,Single,2.0,1,2,1,1.0,Executive,17926.0
104,0,37.0,Company Invited,1,8.0,Salaried,Male,3,4.0,Deluxe,3.0,Married,6.0,0,2,0,1.0,Manager,20163.0
105,0,59.0,Company Invited,2,8.0,Salaried,Female,2,4.0,King,3.0,Divorced,1.0,0,2,1,1.0,VP,33844.0
106,0,50.0,Company Invited,1,6.0,Salaried,Female,3,3.0,King,4.0,Divorced,4.0,1,2,0,2.0,VP,33172.0
107,1,25.0,Self Enquiry,3,11.0,Small Business,Male,2,4.0,Deluxe,3.0,Single,2.0,1,3,1,0.0,Manager,20744.0
108,0,25.0,Self Enquiry,1,13.0,Small Business,Male,3,4.0,Basic,3.0,Divorced,2.0,0,2,1,2.0,Executive,17889.0
109,0,22.0,Self Enquiry,1,21.0,Small Business,Female,2,3.0,Basic,3.0,Single,2.0,0,2,1,1.0,Executive,17871.0
110,0,51.0,Company Invited,1,6.0,Small Business,Female,1,4.0,Standard,5.0,Unmarried,4.0,0,2,1,0.0,Senior Manager,22484.0
111,1,34.0,Company Invited,1,13.0,Salaried,Male,3,5.0,Deluxe,3.0,Single,2.0,1,5,1,1.0,Manager,21074.0
112,0,54.0,Company Invited,2,32.0,Salaried,Female,1,2.0,Super Deluxe,3.0,Single,3.0,1,3,1,0.0,AVP,32328.0
113,0,24.0,Self Enquiry,1,24.0,Salaried,Male,2,3.0,Basic,3.0,Divorced,1.0,0,4,1,0.0,Executive,17774.0
115,0,37.0,Self Enquiry,3,9.0,Salaried,Male,2,3.0,Standard,3.0,Unmarried,3.0,0,3,0,0.0,Senior Manager,22428.0
116,0,34.0,Self Enquiry,1,11.0,Small Business,Fe Male,2,4.0,Standard,5.0,Unmarried,3.0,0,2,0,0.0,Senior Manager,26631.0
117,0,36.0,Company Invited,3,17.0,Large Business,Female,3,3.0,Standard,3.0,Divorced,1.0,0,5,0,0.0,Senior Manager,24738.0
118,0,36.0,Self Enquiry,1,9.0,Salaried,Female,2,3.0,Basic,3.0,Married,6.0,0,2,1,0.0,Executive,17835.0
119,0,43.0,Company Invited,3,32.0,Salaried,Male,3,3.0,Super Deluxe,3.0,Divorced,2.0,1,2,0,0.0,AVP,31959.0
120,0,30.0,Company Invited,1,29.0,Salaried,Male,3,5.0,Basic,3.0,Married,2.0,0,3,1,2.0,Executive,17613.0
121,0,33.0,Company Invited,3,28.0,Small Business,Male,3,3.0,Deluxe,4.0,Divorced,1.0,0,2,0,1.0,Manager,21146.0
123,0,51.0,Self Enquiry,1,12.0,Salaried,Male,2,3.0,King,3.0,Single,1.0,0,5,1,0.0,VP,34537.0
124,1,31.0,Self Enquiry,3,12.0,Salaried,Male,3,5.0,Deluxe,3.0,Divorced,5.0,1,3,1,1.0,Manager,21172.0
125,0,26.0,Self Enquiry,1,12.0,Salaried,Female,2,4.0,Basic,4.0,Divorced,2.0,0,3,1,0.0,Executive,17368.0
126,1,58.0,Self Enquiry,1,29.0,Small Business,Female,3,3.0,Standard,3.0,Divorced,2.0,0,3,1,0.0,Senior Manager,25312.0
127,1,19.0,Self Enquiry,3,28.0,Small Business,Male,2,3.0,Basic,3.0,Single,2.0,1,2,0,1.0,Executive,16675.0
128,0,22.0,Self Enquiry,1,8.0,Large Business,Male,3,3.0,Basic,3.0,Divorced,1.0,0,5,1,2.0,Executive,17523.0
129,0,49.0,Self Enquiry,1,26.0,Small Business,Female,3,3.0,Deluxe,5.0,Divorced,2.0,0,2,1,2.0,Manager,21567.0
131,0,50.0,Company Invited,3,18.0,Small Business,Fe Male,3,3.0,Standard,3.0,Unmarried,5.0,0,5,0,0.0,Senior Manager,24208.0
133,0,41.0,Self Enquiry,3,15.0,Salaried,Male,3,3.0,Standard,3.0,Married,4.0,1,2,0,1.0,Senior Manager,23189.0
134,0,26.0,Self Enquiry,2,31.0,Salaried,Female,3,3.0,Basic,3.0,Divorced,2.0,0,4,1,0.0,Executive,17942.0
136,1,51.0,Company Invited,1,14.0,Salaried,Male,2,5.0,Standard,3.0,Unmarried,3.0,0,2,0,1.0,Senior Manager,25650.0
137,0,39.0,Self Enquiry,3,10.0,Salaried,Female,2,4.0,Deluxe,3.0,Divorced,5.0,0,5,1,0.0,Manager,20902.0
138,0,25.0,Self Enquiry,3,34.0,Salaried,Male,2,4.0,Deluxe,3.0,Divorced,3.0,0,4,0,0.0,Manager,23639.0
139,0,30.0,Self Enquiry,2,15.0,Salaried,Male,2,3.0,Deluxe,3.0,Divorced,1.0,1,3,1,1.0,Manager,21347.0
142,0,38.0,Self Enquiry,1,9.0,Large Business,Female,2,3.0,Deluxe,3.0,Single,4.0,1,5,0,0.0,Manager,1000.0
143,0,30.0,Self Enquiry,1,24.0,Salaried,Female,3,3.0,Basic,3.0,Single,2.0,0,2,1,0.0,Executive,17632.0
145,0,30.0,Self Enquiry,1,11.0,Large Business,Female,2,3.0,Basic,5.0,Married,6.0,0,5,1,1.0,Executive,18204.0
146,0,30.0,Self Enquiry,1,8.0,Small Business,Male,2,4.0,Basic,3.0,Single,1.0,0,4,0,0.0,Executive,17720.0
147,0,41.0,Company Invited,1,16.0,Salaried,Male,3,4.0,Super Deluxe,5.0,Married,5.0,0,2,1,0.0,AVP,32181.0
148,0,41.0,Self Enquiry,1,15.0,Salaried,Male,3,3.0,Basic,5.0,Divorced,3.0,0,2,0,2.0,Executive,17238.0
149,0,19.0,Self Enquiry,1,9.0,Small Business,Female,3,3.0,Basic,4.0,Single,2.0,0,3,1,2.0,Executive,16483.0
150,0,40.0,Company Invited,1,32.0,Small Business,Female,2,3.0,Deluxe,4.0,Married,2.0,0,2,1,0.0,Manager,20605.0
151,0,35.0,Self Enquiry,3,6.0,Small Business,Male,3,3.0,Standard,4.0,Divorced,2.0,0,4,1,2.0,Senior Manager,22295.0
152,0,53.0,Self Enquiry,3,12.0,Small Business,Male,2,3.0,Deluxe,3.0,Divorced,3.0,1,5,0,0.0,Manager,17306.0
153,0,45.0,Self Enquiry,1,15.0,Salaried,Male,2,3.0,Deluxe,4.0,Married,1.0,0,4,1,0.0,Manager,17348.0
154,0,32.0,Company Invited,3,14.0,Small Business,Fe Male,2,3.0,Standard,3.0,Unmarried,2.0,0,4,1,1.0,Senior Manager,23998.0
156,0,51.0,Self Enquiry,1,13.0,Small Business,Male,2,4.0,Deluxe,3.0,Divorced,3.0,0,3,1,1.0,Manager,21132.0
157,0,58.0,Self Enquiry,1,15.0,Small Business,Female,3,4.0,Basic,4.0,Divorced,5.0,1,2,1,0.0,Executive,18346.0
158,0,40.0,Self Enquiry,3,10.0,Small Business,Male,3,4.0,Standard,3.0,Divorced,1.0,0,2,1,0.0,Senior Manager,25855.0
159,0,34.0,Company Invited,3,8.0,Small Business,Female,3,3.0,Basic,3.0,Divorced,7.0,0,5,1,2.0,Executive,17231.0
160,0,22.0,Self Enquiry,1,25.0,Small Business,Male,3,3.0,Basic,3.0,Divorced,2.0,0,2,0,1.0,Executive,17323.0
161,0,27.0,Company Invited,1,15.0,Small Business,Male,2,3.0,Basic,4.0,Married,7.0,0,3,0,0.0,Executive,17024.0
162,0,28.0,Self Enquiry,1,27.0,Small Business,Male,2,3.0,Basic,3.0,Divorced,2.0,0,2,0,0.0,Executive,17713.0
163,0,57.0,Self Enquiry,1,30.0,Salaried,Male,2,2.0,Standard,3.0,Married,4.0,1,4,1,1.0,Senior Manager,24439.0
164,0,27.0,Company Invited,1,9.0,Small Business,Male,3,4.0,Basic,3.0,Married,2.0,1,2,0,2.0,Executive,17566.0
166,0,41.0,Self Enquiry,1,20.0,Salaried,Male,2,3.0,Basic,3.0,Married,5.0,0,4,1,1.0,Executive,17451.0
167,0,30.0,Self Enquiry,3,11.0,Salaried,Female,2,3.0,Standard,3.0,Divorced,3.0,0,4,1,1.0,Senior Manager,24419.0
168,0,38.0,Self Enquiry,3,6.0,Salaried,Fe Male,2,4.0,Deluxe,3.0,Unmarried,5.0,0,2,1,1.0,Manager,23686.0
169,0,32.0,Self Enquiry,1,12.0,Salaried,Male,2,3.0,Basic,3.0,Single,4.0,0,2,0,1.0,Executive,18038.0
170,0,27.0,Self Enquiry,1,23.0,Large Business,Male,2,3.0,Basic,4.0,Divorced,1.0,1,4,1,0.0,Executive,18058.0
171,1,19.0,Company Invited,3,6.0,Large Business,Female,3,5.0,Basic,5.0,Single,1.0,0,3,1,1.0,Executive,17325.0
172,0,36.0,Company Invited,1,9.0,Small Business,Male,1,3.0,Basic,4.0,Single,5.0,0,4,1,0.0,Executive,17088.0
173,0,30.0,Company Invited,1,15.0,Small Business,Male,3,3.0,Deluxe,5.0,Married,2.0,0,2,0,1.0,Manager,18072.0
176,0,33.0,Self Enquiry,1,8.0,Salaried,Male,2,3.0,Basic,3.0,Single,1.0,0,3,0,1.0,Executive,17500.0
177,1,19.0,Self Enquiry,1,8.0,Salaried,Male,2,4.0,Basic,3.0,Single,2.0,0,5,0,0.0,Executive,16102.0
178,0,46.0,Self Enquiry,3,6.0,Small Business,Female,3,3.0,Standard,5.0,Married,2.0,0,2,1,1.0,Senior Manager,25453.0
179,0,38.0,Self Enquiry,1,15.0,Salaried,Female,3,3.0,Basic,3.0,Single,2.0,0,2,1,1.0,Executive,17288.0
181,0,34.0,Self Enquiry,1,33.0,Small Business,Female,3,3.0,Basic,4.0,Single,3.0,0,3,1,0.0,Executive,17311.0
182,1,41.0,Self Enquiry,3,26.0,Small Business,Female,3,3.0,Basic,4.0,Single,2.0,1,4,0,2.0,Executive,18140.0
185,0,33.0,Self Enquiry,1,20.0,Small Business,Female,3,3.0,Basic,4.0,Divorced,2.0,0,5,0,0.0,Executive,17756.0
186,0,40.0,Self Enquiry,1,10.0,Small Business,Female,2,3.0,King,3.0,Divorced,2.0,0,5,0,1.0,VP,34033.0
187,0,55.0,Self Enquiry,1,20.0,Small Business,Male,3,2.0,King,4.0,Single,1.0,0,2,0,2.0,VP,33722.0
188,0,34.0,Company Invited,1,8.0,Salaried,Male,2,4.0,Deluxe,3.0,Divorced,2.0,0,4,0,0.0,Manager,24547.0
189,0,51.0,Self Enquiry,1,9.0,Small Business,Female,3,3.0,Super Deluxe,4.0,Single,4.0,0,5,0,1.0,AVP,28734.0
191,0,27.0,Self Enquiry,1,15.0,Small Business,Female,2,3.0,Basic,4.0,Single,2.0,0,3,1,0.0,Executive,17279.0
192,1,35.0,Self Enquiry,1,29.0,Salaried,Male,2,4.0,Deluxe,3.0,Divorced,4.0,1,4,1,1.0,Manager,20916.0
193,0,43.0,Company Invited,1,13.0,Small Business,Male,2,2.0,Basic,3.0,Married,5.0,0,4,0,1.0,Executive,17089.0
194,0,45.0,Company Invited,1,8.0,Small Business,Male,3,4.0,Super Deluxe,3.0,Divorced,1.0,0,4,1,0.0,AVP,31792.0
197,0,42.0,Company Invited,1,27.0,Small Business,Female,2,3.0,Deluxe,3.0,Married,3.0,0,2,0,0.0,Manager,20265.0
198,0,38.0,Self Enquiry,1,8.0,Salaried,Male,2,3.0,Deluxe,3.0,Divorced,1.0,0,2,0,1.0,Manager,21553.0
199,0,38.0,Self Enquiry,1,35.0,Large Business,Male,2,3.0,Deluxe,3.0,Divorced,4.0,0,2,0,1.0,Manager,21261.0
201,0,49.0,Company Invited,1,24.0,Salaried,Male,3,3.0,Deluxe,3.0,Married,2.0,1,2,0,1.0,Manager,21804.0
203,0,40.0,Self Enquiry,1,25.0,Small Business,Male,2,3.0,Deluxe,3.0,Divorced,1.0,1,2,1,1.0,Manager,17741.0
204,1,38.0,Self Enquiry,1,35.0,Small Business,Male,3,3.0,Deluxe,5.0,Divorced,1.0,1,3,0,1.0,Manager,21673.0
205,1,29.0,Self Enquiry,3,33.0,Small Business,Female,2,3.0,Standard,3.0,Divorced,2.0,0,3,1,1.0,Senior Manager,22639.0
206,0,22.0,Self Enquiry,1,11.0,Salaried,Male,2,2.0,Basic,4.0,Married,2.0,1,4,0,0.0,Executive,17328.0
207,0,36.0,Company Invited,1,24.0,Small Business,Female,3,3.0,Basic,3.0,Single,2.0,0,3,1,2.0,Executive,17153.0
209,0,46.0,Self Enquiry,1,6.0,Small Business,Male,3,3.0,Standard,5.0,Married,1.0,0,2,0,0.0,Senior Manager,24396.0
210,1,32.0,Self Enquiry,3,10.0,Small Business,Male,2,5.0,Standard,3.0,Divorced,2.0,0,2,1,1.0,Senior Manager,25400.0
211,0,30.0,Company Invited,1,6.0,Salaried,Male,2,4.0,Standard,3.0,Unmarried,2.0,0,5,1,1.0,Senior Manager,23474.0
212,0,27.0,Company Invited,3,26.0,Salaried,Fe Male,2,3.0,Deluxe,3.0,Unmarried,2.0,0,2,1,1.0,Manager,24981.0
213,0,51.0,Self Enquiry,1,14.0,Salaried,Male,2,4.0,Standard,4.0,Divorced,6.0,0,3,1,1.0,Senior Manager,27490.0
214,1,30.0,Self Enquiry,1,9.0,Large Business,Female,2,3.0,Basic,5.0,Single,6.0,1,4,1,1.0,Executive,17657.0
215,0,41.0,Self Enquiry,3,12.0,Salaried,Fe Male,3,3.0,Standard,3.0,Single,4.0,1,2,0,1.0,Senior Manager,28591.0
216,1,30.0,Company Invited,3,32.0,Small Business,Female,2,4.0,Deluxe,5.0,Unmarried,6.0,0,2,0,1.0,Manager,21696.0
217,1,29.0,Self Enquiry,1,6.0,Large Business,Male,2,3.0,Basic,3.0,Single,1.0,0,2,0,0.0,Executive,17058.0
218,0,45.0,Company Invited,3,12.0,Small Business,Fe Male,2,4.0,Standard,3.0,Unmarried,7.0,0,4,1,0.0,Senior Manager,23865.0
219,0,54.0,Self Enquiry,3,9.0,Small Business,Female,2,3.0,Deluxe,5.0,Divorced,3.0,0,4,1,1.0,Manager,20940.0
220,0,36.0,Self Enquiry,1,11.0,Salaried,Male,3,3.0,Deluxe,4.0,Single,1.0,0,2,0,2.0,Manager,20914.0
221,0,33.0,Self Enquiry,1,10.0,Small Business,Female,2,4.0,Basic,4.0,Divorced,7.0,0,4,0,0.0,Executive,17622.0
222,0,37.0,Company Invited,1,17.0,Salaried,Male,2,3.0,Standard,3.0,Married,2.0,1,3,0,1.0,Senior Manager,27185.0
223,0,38.0,Self Enquiry,3,9.0,Salaried,Male,3,3.0,Standard,3.0,Married,1.0,0,2,1,1.0,Senior Manager,25609.0
225,0,59.0,Self Enquiry,1,9.0,Salaried,Male,3,4.0,Basic,3.0,Divorced,4.0,0,3,0,1.0,Executive,17177.0
226,0,37.0,Company Invited,3,10.0,Small Business,Male,2,3.0,Basic,3.0,Married,5.0,0,4,1,0.0,Executive,17177.0
227,0,29.0,Company Invited,3,6.0,Small Business,Female,2,3.0,Standard,3.0,Divorced,2.0,0,3,1,0.0,Senior Manager,22918.0
228,0,35.0,Company Invited,3,6.0,Small Business,Fe Male,3,3.0,Standard,3.0,Unmarried,2.0,0,5,1,0.0,Senior Manager,23789.0
229,1,29.0,Self Enquiry,1,24.0,Small Business,Male,2,4.0,Basic,3.0,Single,2.0,1,3,0,1.0,Executive,17389.0
230,0,52.0,Self Enquiry,1,8.0,Salaried,Female,2,4.0,Basic,3.0,Single,1.0,0,3,0,0.0,Executive,18212.0
231,0,42.0,Self Enquiry,1,10.0,Large Business,Male,2,3.0,King,3.0,Divorced,2.0,0,2,0,1.0,VP,34232.0
232,0,59.0,Self Enquiry,2,12.0,Small Business,Male,2,3.0,Basic,3.0,Divorced,1.0,0,4,1,0.0,Executive,17267.0
233,0,50.0,Self Enquiry,3,6.0,Small Business,Female,3,3.0,King,3.0,Married,4.0,0,2,1,1.0,VP,34517.0
234,1,33.0,Self Enquiry,1,20.0,Small Business,Male,2,3.0,Basic,3.0,Divorced,6.0,1,2,0,1.0,Executive,17436.0
235,0,43.0,Self Enquiry,3,22.0,Small Business,Female,3,3.0,Super Deluxe,3.0,Divorced,6.0,1,3,0,1.0,AVP,31064.0
236,1,33.0,Self Enquiry,1,8.0,Salaried,Female,2,3.0,Basic,5.0,Divorced,1.0,0,3,1,0.0,Executive,17707.0
237,0,52.0,Company Invited,3,8.0,Salaried,Male,3,4.0,King,3.0,Single,2.0,1,2,1,2.0,VP,34068.0
240,0,39.0,Self Enquiry,1,6.0,Small Business,Female,3,3.0,Basic,3.0,Married,1.0,0,3,0,1.0,Executive,17232.0
242,0,41.0,Self Enquiry,1,25.0,Salaried,Male,2,3.0,Deluxe,5.0,Married,3.0,0,2,1,0.0,Manager,18072.0
243,0,40.0,Self Enquiry,1,30.0,Large Business,Male,3,3.0,Deluxe,3.0,Married,2.0,0,3,1,1.0,Manager,18319.0
244,0,45.0,Self Enquiry,1,6.0,Salaried,Male,3,2.0,King,3.0,Divorced,1.0,0,4,1,2.0,VP,34202.0
245,0,31.0,Company Invited,1,9.0,Small Business,Male,3,3.0,Standard,3.0,Married,1.0,0,4,1,2.0,Senior Manager,28675.0
246,0,33.0,Self Enquiry,1,11.0,Salaried,Female,3,4.0,Basic,3.0,Divorced,2.0,0,2,0,2.0,Executive,17911.0
247,0,34.0,Self Enquiry,1,8.0,Salaried,Male,2,4.0,Deluxe,5.0,Divorced,7.0,0,4,0,1.0,Manager,20957.0
249,0,45.0,Company Invited,1,13.0,Salaried,Male,3,2.0,Deluxe,3.0,Divorced,5.0,0,2,0,2.0,Manager,21434.0
250,1,37.0,Company Invited,1,16.0,Small Business,Male,3,3.0,Standard,3.0,Married,7.0,0,3,1,2.0,Senior Manager,25048.0
251,0,39.0,Company Invited,1,8.0,Large Business,Fe Male,3,3.0,Standard,3.0,Unmarried,1.0,0,2,1,1.0,Senior Manager,25938.0
252,0,29.0,Self Enquiry,1,21.0,Salaried,Male,2,3.0,Basic,3.0,Single,2.0,0,3,0,0.0,Executive,17340.0
253,0,42.0,Self Enquiry,1,23.0,Salaried,Female,2,2.0,Deluxe,5.0,Unmarried,4.0,1,2,0,0.0,Manager,21545.0
254,0,29.0,Self Enquiry,3,26.0,Small Business,Male,2,3.0,Deluxe,3.0,Married,3.0,0,2,1,1.0,Manager,21931.0
256,0,42.0,Self Enquiry,1,8.0,Small Business,Female,2,4.0,Basic,5.0,Married,1.0,1,4,1,0.0,Executive,17593.0
257,0,40.0,Self Enquiry,1,8.0,Small Business,Male,2,3.0,King,3.0,Married,1.0,0,5,0,0.0,VP,34436.0
258,0,51.0,Self Enquiry,1,6.0,Salaried,Male,3,3.0,Basic,3.0,Divorced,2.0,0,4,1,0.0,Executive,17723.0
260,0,32.0,Company Invited,1,13.0,Salaried,Male,3,2.0,Basic,4.0,Divorced,2.0,0,2,0,1.0,Executive,17794.0
261,0,38.0,Company Invited,3,8.0,Salaried,Male,2,4.0,Deluxe,3.0,Divorced,4.0,0,5,1,1.0,Manager,20249.0
262,0,32.0,Self Enquiry,1,8.0,Large Business,Male,2,4.0,Deluxe,5.0,Single,5.0,0,4,0,1.0,Manager,17176.0
263,0,46.0,Self Enquiry,3,8.0,Large Business,Female,3,5.0,Super Deluxe,4.0,Divorced,4.0,1,5,1,2.0,AVP,31872.0
265,0,29.0,Self Enquiry,3,8.0,Small Business,Male,3,4.0,Deluxe,4.0,Divorced,3.0,0,4,0,1.0,Manager,21644.0
266,0,31.0,Self Enquiry,1,29.0,Small Business,Male,3,4.0,Deluxe,3.0,Divorced,1.0,0,3,1,1.0,Manager,20582.0
268,0,45.0,Self Enquiry,1,26.0,Small Business,Male,3,3.0,Super Deluxe,3.0,Divorced,1.0,1,3,0,0.0,AVP,28496.0
269,0,36.0,Self Enquiry,1,12.0,Salaried,Male,2,3.0,Basic,3.0,Divorced,1.0,0,5,1,1.0,Executive,18210.0
270,0,55.0,Self Enquiry,1,6.0,Small Business,Male,2,3.0,King,5.0,Single,1.0,1,2,1,0.0,VP,34045.0
271,1,47.0,Company Invited,1,35.0,Salaried,Male,2,3.0,Standard,4.0,Divorced,2.0,1,3,1,0.0,Senior Manager,26849.0
272,0,28.0,Self Enquiry,1,15.0,Small Business,Male,3,3.0,Basic,3.0,Divorced,2.0,0,2,1,1.0,Executive,17070.0
273,0,37.0,Self Enquiry,3,12.0,Small Business,Male,3,3.0,Deluxe,3.0,Divorced,5.0,0,3,0,0.0,Manager,21502.0
274,0,21.0,Self Enquiry,1,9.0,Small Business,Male,3,4.0,Basic,3.0,Single,2.0,0,5,1,1.0,Executive,18230.0
275,0,37.0,Company Invited,1,6.0,Small Business,Female,1,3.0,Standard,3.0,Married,3.0,1,3,0,0.0,Senior Manager,28603.0
276,0,35.0,Self Enquiry,1,28.0,Salaried,Female,3,2.0,Standard,4.0,Married,1.0,0,5,1,1.0,Senior Manager,26996.0
277,0,38.0,Self Enquiry,3,13.0,Small Business,Female,2,2.0,Deluxe,5.0,Married,2.0,1,3,0,0.0,Manager,20605.0
278,0,26.0,Company Invited,1,6.0,Salaried,Female,2,3.0,Deluxe,4.0,Married,2.0,0,5,0,1.0,Manager,21397.0
279,0,50.0,Self Enquiry,1,10.0,Salaried,Male,3,3.0,King,4.0,Married,4.0,0,5,1,0.0,VP,34144.0
280,0,53.0,Self Enquiry,1,9.0,Small Business,Male,2,3.0,Super Deluxe,3.0,Divorced,4.0,1,5,0,0.0,AVP,32584.0
281,0,42.0,Self Enquiry,3,6.0,Salaried,Male,2,3.0,Deluxe,3.0,Divorced,2.0,0,3,1,0.0,Manager,19907.0
283,0,55.0,Self Enquiry,1,26.0,Large Business,Male,2,3.0,Deluxe,3.0,Divorced,4.0,1,2,1,1.0,Manager,20415.0
285,0,37.0,Self Enquiry,1,6.0,Salaried,Female,2,3.0,Basic,3.0,Single,2.0,0,2,1,1.0,Executive,17115.0
286,1,44.0,Company Invited,1,30.0,Salaried,Male,2,3.0,Basic,3.0,Married,4.0,1,5,0,1.0,Executive,18161.0
287,0,38.0,Self Enquiry,1,29.0,Salaried,Male,2,3.0,Deluxe,3.0,Married,1.0,0,3,0,0.0,Manager,20745.0
288,1,26.0,Self Enquiry,1,22.0,Small Business,Male,2,3.0,Basic,4.0,Married,3.0,1,2,1,1.0,Executive,17373.0
289,0,28.0,Self Enquiry,1,14.0,Salaried,Female,3,3.0,Basic,3.0,Single,2.0,0,4,0,1.0,Executive,18310.0
290,0,49.0,Company Invited,1,16.0,Salaried,Female,2,3.0,King,5.0,Single,1.0,1,3,0,0.0,VP,33665.0
292,0,31.0,Company Invited,3,11.0,Small Business,Female,2,3.0,Basic,4.0,Married,2.0,0,3,0,1.0,Executive,17789.0
293,1,26.0,Self Enquiry,3,10.0,Small Business,Male,2,4.0,Deluxe,3.0,Single,2.0,1,2,1,1.0,Manager,20828.0
294,0,37.0,Company Invited,1,15.0,Small Business,Male,2,3.0,Basic,3.0,Divorced,2.0,1,2,0,0.0,Executive,17326.0
295,0,42.0,Company Invited,3,32.0,Small Business,Female,3,3.0,Super Deluxe,4.0,Divorced,6.0,0,3,1,2.0,AVP,28525.0
296,1,18.0,Self Enquiry,1,9.0,Salaried,Male,2,3.0,Basic,3.0,Single,2.0,0,4,0,0.0,Executive,16420.0
297,0,35.0,Self Enquiry,3,22.0,Small Business,Male,3,3.0,Standard,4.0,Divorced,1.0,0,2,1,2.0,Senior Manager,23020.0
299,0,51.0,Self Enquiry,1,8.0,Small Business,Male,2,5.0,Deluxe,4.0,Married,6.0,0,2,0,0.0,Manager,20482.0
300,0,41.0,Self Enquiry,3,8.0,Salaried,Male,2,3.0,Super Deluxe,4.0,Single,2.0,0,3,1,0.0,AVP,31015.0
301,0,18.0,Self Enquiry,3,16.0,Small Business,Female,3,4.0,Basic,3.0,Single,2.0,0,2,1,2.0,Executive,16200.0
302,0,28.0,Self Enquiry,1,22.0,Small Business,Male,3,2.0,Deluxe,5.0,Single,1.0,0,5,0,2.0,Manager,20661.0
303,0,31.0,Self Enquiry,3,13.0,Large Business,Male,3,2.0,Deluxe,3.0,Divorced,5.0,0,2,1,0.0,Manager,21929.0
304,0,39.0,Self Enquiry,1,6.0,Small Business,Male,2,2.0,Standard,3.0,Married,1.0,0,3,1,0.0,Senior Manager,24613.0
305,0,36.0,Company Invited,1,30.0,Salaried,Female,2,3.0,Deluxe,4.0,Divorced,1.0,0,3,0,0.0,Manager,20674.0
306,0,32.0,Self Enquiry,3,13.0,Salaried,Male,3,4.0,Deluxe,3.0,Divorced,2.0,0,3,1,2.0,Manager,20484.0
307,0,38.0,Self Enquiry,1,31.0,Salaried,Female,2,4.0,Standard,4.0,Divorced,4.0,0,3,1,0.0,Senior Manager,27061.0
308,0,58.0,Company Invited,1,6.0,Salaried,Male,2,5.0,Deluxe,3.0,Married,3.0,1,2,1,1.0,Manager,20660.0
310,0,31.0,Self Enquiry,2,8.0,Salaried,Male,3,4.0,Deluxe,5.0,Divorced,4.0,0,3,0,1.0,Manager,21410.0
311,0,45.0,Company Invited,1,13.0,Salaried,Male,3,3.0,Standard,5.0,Married,2.0,0,2,1,2.0,Senior Manager,20210.0
312,0,31.0,Self Enquiry,1,8.0,Salaried,Male,2,3.0,Basic,3.0,Married,1.0,1,4,1,1.0,Executive,17695.0
313,0,33.0,Company Invited,1,11.0,Salaried,Female,3,3.0,Standard,4.0,Divorced,7.0,0,3,1,2.0,Senior Manager,26878.0
314,0,39.0,Self Enquiry,1,16.0,Small Business,Male,2,3.0,Super Deluxe,5.0,Divorced,2.0,1,3,1,1.0,AVP,32068.0
315,0,43.0,Company Invited,1,16.0,Salaried,Female,2,3.0,Basic,3.0,Single,1.0,0,5,0,1.0,Executive,17455.0
316,0,49.0,Self Enquiry,1,6.0,Large Business,Female,2,4.0,Super Deluxe,3.0,Single,1.0,1,3,1,0.0,AVP,28964.0
318,0,27.0,Self Enquiry,1,11.0,Salaried,Female,2,3.0,Basic,4.0,Single,2.0,1,3,0,1.0,Executive,17478.0
319,0,32.0,Self Enquiry,3,14.0,Large Business,Female,3,4.0,Deluxe,4.0,Divorced,2.0,1,2,1,0.0,Manager,20228.0
321,0,31.0,Self Enquiry,3,13.0,Small Business,Male,3,3.0,Deluxe,3.0,Married,5.0,0,2,0,0.0,Manager,22547.0
324,0,30.0,Self Enquiry,1,34.0,Small Business,Female,3,3.0,Deluxe,3.0,Divorced,2.0,0,3,0,2.0,Manager,20775.0
325,0,31.0,Company Invited,1,13.0,Salaried,Female,2,4.0,Standard,3.0,Divorced,2.0,0,2,1,1.0,Senior Manager,23943.0
326,0,39.0,Company Invited,1,5.0,Small Business,Male,2,4.0,King,3.0,Divorced,2.0,0,5,1,1.0,VP,34272.0
327,1,39.0,Self Enquiry,3,9.0,Small Business,Female,2,3.0,Deluxe,3.0,Divorced,5.0,1,4,1,1.0,Manager,20238.0
329,0,47.0,Self Enquiry,1,11.0,Salaried,Male,2,3.0,King,3.0,Divorced,5.0,0,2,0,1.0,VP,33300.0
330,0,43.0,Company Invited,1,16.0,Salaried,Female,2,4.0,Deluxe,3.0,Married,2.0,0,3,0,0.0,Manager,20257.0
331,0,27.0,Company Invited,3,6.0,Small Business,Male,3,3.0,Deluxe,4.0,Divorced,1.0,1,2,0,2.0,Manager,21349.0
333,0,43.0,Self Enquiry,1,13.0,Salaried,Female,2,3.0,Standard,5.0,Divorced,1.0,0,5,1,0.0,Senior Manager,24985.0
335,0,40.0,Self Enquiry,3,6.0,Small Business,Male,2,5.0,Deluxe,3.0,Divorced,3.0,1,3,1,0.0,Manager,22457.0
336,1,29.0,Self Enquiry,1,14.0,Salaried,Male,3,5.0,Basic,5.0,Divorced,2.0,1,3,1,1.0,Executive,17119.0
338,0,30.0,Self Enquiry,3,11.0,Small Business,Female,1,4.0,Deluxe,3.0,Married,2.0,0,2,0,0.0,Manager,21118.0
339,0,27.0,Self Enquiry,3,14.0,Small Business,Female,2,3.0,Deluxe,4.0,Divorced,2.0,0,2,0,0.0,Manager,21214.0
340,0,37.0,Self Enquiry,1,11.0,Small Business,Male,3,3.0,Deluxe,3.0,Married,1.0,0,3,0,0.0,Manager,21347.0
341,0,38.0,Self Enquiry,1,21.0,Salaried,Male,3,4.0,Standard,3.0,Married,1.0,1,5,1,1.0,Senior Manager,26510.0
342,0,31.0,Self Enquiry,1,13.0,Small Business,Female,2,3.0,Standard,3.0,Unmarried,2.0,1,4,1,1.0,Senior Manager,22143.0
343,0,29.0,Self Enquiry,3,16.0,Small Business,Female,2,4.0,Deluxe,4.0,Married,2.0,1,5,0,1.0,Manager,23268.0
344,0,35.0,Self Enquiry,1,11.0,Large Business,Male,3,3.0,Standard,4.0,Unmarried,1.0,0,3,0,0.0,Senior Manager,23095.0
345,0,23.0,Self Enquiry,1,32.0,Salaried,Male,2,3.0,Basic,3.0,Married,2.0,0,2,1,1.0,Executive,17904.0
346,0,41.0,Self Enquiry,1,12.0,Small Business,Male,3,4.0,Deluxe,4.0,Single,7.0,1,3,1,0.0,Manager,21032.0
347,0,47.0,Company Invited,3,10.0,Small Business,Male,2,3.0,Deluxe,3.0,Single,4.0,0,4,0,1.0,Manager,17976.0
348,0,42.0,Self Enquiry,1,29.0,Salaried,Female,2,3.0,Super Deluxe,3.0,Single,3.0,0,3,0,0.0,AVP,30992.0
350,0,42.0,Self Enquiry,2,8.0,Large Business,Male,2,3.0,Basic,3.0,Married,1.0,1,4,1,0.0,Executive,17696.0
351,0,32.0,Self Enquiry,1,8.0,Small Business,Female,3,3.0,Basic,4.0,Divorced,2.0,0,4,0,0.0,Executive,17370.0
352,0,48.0,Self Enquiry,3,35.0,Small Business,Female,3,3.0,Standard,3.0,Divorced,4.0,0,4,0,0.0,Senior Manager,27504.0
353,0,37.0,Self Enquiry,1,12.0,Small Business,Male,2,2.0,Deluxe,5.0,Married,5.0,1,3,1,1.0,Manager,20974.0
355,0,26.0,Self Enquiry,3,6.0,Salaried,Male,2,3.0,Deluxe,3.0,Divorced,2.0,0,5,1,0.0,Manager,20296.0
356,0,42.0,Self Enquiry,1,8.0,Salaried,Male,3,4.0,Deluxe,3.0,Unmarried,4.0,0,2,0,1.0,Manager,21781.0
357,1,21.0,Company Invited,3,6.0,Large Business,Female,2,4.0,Basic,4.0,Single,2.0,1,5,1,1.0,Executive,17174.0
358,0,36.0,Company Invited,3,6.0,Small Business,Female,2,3.0,Deluxe,3.0,Unmarried,5.0,0,2,1,1.0,Manager,21653.0
359,0,36.0,Company Invited,3,9.0,Small Business,Male,2,4.0,Standard,3.0,Divorced,5.0,0,2,0,1.0,Senior Manager,24699.0
360,0,57.0,Self Enquiry,1,6.0,Small Business,Male,2,3.0,Deluxe,3.0,Divorced,3.0,0,3,1,1.0,Manager,21755.0
361,0,40.0,Self Enquiry,1,16.0,Salaried,Female,2,2.0,Basic,3.0,Divorced,4.0,1,3,0,1.0,Executive,17213.0
362,0,21.0,Company Invited,3,15.0,Small Business,Male,2,3.0,Basic,3.0,Single,2.0,0,4,0,0.0,Executive,17610.0
363,1,33.0,Self Enquiry,3,11.0,Small Business,Female,2,3.0,Basic,3.0,Single,2.0,1,2,1,0.0,Executive,17851.0
365,0,46.0,Company Invited,1,13.0,Small Business,Female,1,3.0,Deluxe,3.0,Divorced,3.0,0,5,0,0.0,Manager,20258.0
366,1,41.0,Company Invited,3,10.0,Small Business,Male,2,3.0,Deluxe,4.0,Unmarried,2.0,0,3,1,0.0,Manager,24355.0
367,0,50.0,Self Enquiry,1,16.0,Large Business,Male,3,4.0,Standard,3.0,Unmarried,7.0,0,5,0,2.0,Senior Manager,25496.0
368,1,40.0,Self Enquiry,3,28.0,Small Business,Male,3,4.0,Deluxe,3.0,Divorced,3.0,1,3,1,1.0,Manager,21380.0
369,0,31.0,Self Enquiry,1,15.0,Salaried,Male,2,4.0,Basic,4.0,Single,1.0,1,3,1,0.0,Executive,17657.0
370,1,21.0,Self Enquiry,3,18.0,Salaried,Female,2,2.0,Basic,4.0,Single,2.0,0,5,0,1.0,Executive,17716.0
371,0,29.0,Self Enquiry,1,29.0,Salaried,Male,2,3.0,Basic,3.0,Single,1.0,0,3,1,0.0,Executive,17201.0
372,0,35.0,Self Enquiry,1,15.0,Salaried,Male,3,4.0,Deluxe,4.0,Unmarried,1.0,0,2,1,2.0,Manager,21540.0
374,0,28.0,Self Enquiry,3,15.0,Salaried,Male,3,3.0,Deluxe,3.0,Single,2.0,0,3,1,0.0,Manager,20253.0
375,0,49.0,Self Enquiry,1,13.0,Salaried,Male,2,4.0,Standard,3.0,Unmarried,1.0,0,2,1,1.0,Senior Manager,25965.0
377,0,36.0,Self Enquiry,1,8.0,Salaried,Female,3,3.0,Basic,3.0,Divorced,5.0,0,5,1,0.0,Executive,17543.0
378,1,34.0,Company Invited,3,25.0,Small Business,Male,3,2.0,Deluxe,3.0,Single,1.0,1,2,1,2.0,Manager,20304.0
379,0,55.0,Self Enquiry,1,8.0,Salaried,Female,3,3.0,Super Deluxe,3.0,Single,3.0,1,5,0,1.0,AVP,31659.0
381,0,30.0,Self Enquiry,3,8.0,Large Business,Male,3,3.0,Basic,4.0,Divorced,2.0,0,3,1,2.0,Executive,17476.0
382,1,26.0,Company Invited,1,9.0,Large Business,Male,3,3.0,Basic,5.0,Single,1.0,0,3,0,2.0,Executive,18102.0
383,0,22.0,Self Enquiry,1,17.0,Small Business,Female,2,3.0,Basic,4.0,Divorced,2.0,0,2,1,0.0,Executive,17244.0
384,0,36.0,Self Enquiry,3,8.0,Small Business,Male,3,4.0,Standard,3.0,Divorced,2.0,0,2,1,0.0,Senior Manager,22596.0
385,1,30.0,Company Invited,1,10.0,Large Business,Male,2,3.0,Basic,3.0,Single,19.0,1,4,1,1.0,Executive,17285.0
386,0,37.0,Self Enquiry,1,20.0,Salaried,Female,3,3.0,Basic,5.0,Married,2.0,0,4,1,0.0,Executive,18034.0
387,0,40.0,Self Enquiry,3,8.0,Small Business,Female,2,3.0,Deluxe,4.0,Married,1.0,0,2,0,1.0,Manager,20715.0
388,0,42.0,Self Enquiry,1,6.0,Salaried,Female,3,3.0,Basic,5.0,Married,4.0,0,3,1,1.0,Executive,17576.0
390,0,43.0,Self Enquiry,1,18.0,Salaried,Male,2,4.0,Super Deluxe,4.0,Married,2.0,0,3,0,1.0,AVP,29336.0
392,0,54.0,Self Enquiry,1,11.0,Small Business,Male,2,3.0,King,5.0,Divorced,5.0,0,4,1,0.0,VP,34406.0
393,0,34.0,Company Invited,3,10.0,Small Business,Female,3,3.0,Deluxe,3.0,Divorced,1.0,0,2,1,0.0,Manager,21538.0
395,0,43.0,Company Invited,1,27.0,Small Business,Male,3,3.0,Basic,3.0,Divorced,1.0,0,4,0,2.0,Executive,17258.0
399,0,31.0,Self Enquiry,1,6.0,Salaried,Male,3,4.0,Basic,5.0,Divorced,2.0,0,4,0,0.0,Executive,17218.0
400,0,39.0,Company Invited,1,6.0,Salaried,Male,2,3.0,King,3.0,Married,2.0,1,3,0,1.0,VP,34197.0
401,0,56.0,Company Invited,3,12.0,Salaried,Female,2,2.0,Super Deluxe,5.0,Divorced,1.0,0,3,1,0.0,AVP,28212.0
402,0,30.0,Self Enquiry,3,18.0,Large Business,Female,2,3.0,Deluxe,3.0,Unmarried,1.0,0,2,1,0.0,Manager,21577.0
403,0,41.0,Self Enquiry,3,6.0,Small Business,Male,2,2.0,Standard,5.0,Divorced,2.0,0,3,1,1.0,Senior Manager,23392.0
406,0,52.0,Self Enquiry,1,9.0,Small Business,Male,2,4.0,Standard,3.0,Divorced,3.0,1,2,0,0.0,Senior Manager,22969.0
407,0,45.0,Self Enquiry,1,16.0,Salaried,Male,3,3.0,Basic,3.0,Divorced,4.0,0,5,1,0.0,Executive,17654.0
408,0,52.0,Self Enquiry,1,10.0,Salaried,Female,1,3.0,Super Deluxe,3.0,Divorced,3.0,0,5,1,0.0,AVP,31555.0
410,0,30.0,Self Enquiry,1,8.0,Salaried,Female,2,5.0,Deluxe,3.0,Single,3.0,0,2,0,1.0,Manager,21091.0
411,0,60.0,Self Enquiry,1,13.0,Salaried,Female,2,3.0,King,5.0,Divorced,6.0,0,5,0,0.0,VP,34566.0
414,1,24.0,Self Enquiry,3,6.0,Large Business,Female,3,3.0,Basic,4.0,Single,2.0,1,4,1,2.0,Executive,18202.0
415,1,34.0,Company Invited,3,12.0,Small Business,Female,2,5.0,Basic,3.0,Married,1.0,0,4,1,1.0,Executive,17351.0
416,0,38.0,Company Invited,1,8.0,Salaried,Male,2,3.0,Basic,3.0,Divorced,2.0,1,5,1,1.0,Executive,16702.0
417,0,40.0,Self Enquiry,3,8.0,Salaried,Female,3,3.0,King,3.0,Divorced,1.0,0,3,0,0.0,VP,33041.0
418,0,26.0,Self Enquiry,1,29.0,Salaried,Female,2,3.0,Basic,3.0,Married,2.0,0,3,1,1.0,Executive,17886.0
419,0,30.0,Company Invited,1,9.0,Salaried,Male,2,3.0,Basic,3.0,Divorced,5.0,0,3,0,1.0,Executive,17097.0
420,0,29.0,Self Enquiry,1,9.0,Small Business,Male,3,4.0,Standard,3.0,Divorced,2.0,0,2,1,2.0,Senior Manager,26935.0
421,1,29.0,Self Enquiry,1,31.0,Large Business,Female,3,4.0,Basic,4.0,Divorced,6.0,0,3,0,2.0,Executive,17546.0
422,1,19.0,Self Enquiry,2,8.0,Large Business,Male,2,4.0,Basic,3.0,Single,2.0,0,3,1,1.0,Executive,17564.0
423,0,30.0,Company Invited,3,28.0,Salaried,Female,3,3.0,Standard,5.0,Divorced,1.0,0,2,1,0.0,Senior Manager,23412.0
424,0,57.0,Self Enquiry,3,35.0,Small Business,Male,2,4.0,Super Deluxe,3.0,Married,4.0,0,3,0,0.0,AVP,29118.0
425,0,50.0,Self Enquiry,1,35.0,Salaried,Male,2,4.0,Super Deluxe,3.0,Divorced,1.0,0,5,1,1.0,AVP,32046.0
426,0,30.0,Company Invited,1,8.0,Small Business,Female,2,3.0,Basic,3.0,Single,1.0,0,4,1,0.0,Executive,17564.0
427,0,60.0,Company Invited,3,34.0,Small Business,Female,3,4.0,Standard,5.0,Divorced,5.0,0,2,1,0.0,Senior Manager,25266.0
428,0,47.0,Self Enquiry,1,8.0,Small Business,Female,3,3.0,Deluxe,3.0,Married,6.0,0,2,0,1.0,Manager,20070.0
429,0,46.0,Self Enquiry,1,8.0,Salaried,Male,2,3.0,Super Deluxe,3.0,Divorced,7.0,0,5,0,0.0,AVP,32861.0
432,0,34.0,Self Enquiry,1,8.0,Salaried,Male,3,4.0,Basic,3.0,Married,4.0,0,5,1,0.0,Executive,17768.0
433,0,46.0,Self Enquiry,3,16.0,Small Business,Female,3,4.0,Standard,3.0,Divorced,3.0,1,2,1,1.0,Senior Manager,24071.0
434,0,31.0,Self Enquiry,1,15.0,Salaried,Male,2,3.0,Standard,4.0,Married,2.0,0,3,1,1.0,Senior Manager,25648.0
435,1,33.0,Self Enquiry,1,21.0,Small Business,Male,2,3.0,Standard,3.0,Divorced,1.0,1,5,0,0.0,Senior Manager,28610.0
437,0,30.0,Self Enquiry,3,13.0,Small Business,Male,2,3.0,Basic,4.0,Single,1.0,0,2,1,0.0,Executive,17983.0
438,0,35.0,Self Enquiry,1,22.0,Salaried,Male,3,3.0,Standard,3.0,Divorced,5.0,1,2,0,1.0,Senior Manager,22632.0
439,1,31.0,Company Invited,1,26.0,Salaried,Male,3,3.0,Standard,3.0,Divorced,4.0,0,3,1,0.0,Senior Manager,24824.0
440,1,34.0,Company Invited,2,29.0,Salaried,Female,2,3.0,Standard,5.0,Married,1.0,1,3,1,0.0,Senior Manager,24950.0
441,0,42.0,Company Invited,1,11.0,Salaried,Male,3,3.0,Basic,3.0,Divorced,5.0,0,3,1,0.0,Executive,17093.0
442,0,36.0,Company Invited,3,16.0,Small Business,Male,2,3.0,Standard,3.0,Unmarried,2.0,0,2,1,1.0,Senior Manager,24980.0
445,0,55.0,Self Enquiry,3,24.0,Salaried,Female,2,3.0,Super Deluxe,4.0,Single,4.0,0,2,0,1.0,AVP,31835.0
446,0,41.0,Company Invited,3,16.0,Salaried,Male,2,3.0,Deluxe,3.0,Single,1.0,0,2,0,1.0,Manager,21230.0
448,0,40.0,Self Enquiry,1,12.0,Salaried,Fe Male,3,3.0,Super Deluxe,3.0,Unmarried,1.0,0,5,1,2.0,AVP,28237.0
450,0,31.0,Self Enquiry,3,8.0,Salaried,Male,3,3.0,Deluxe,3.0,Unmarried,5.0,1,5,1,1.0,Manager,21582.0
451,0,42.0,Self Enquiry,1,30.0,Small Business,Male,2,3.0,Standard,5.0,Divorced,2.0,1,2,1,1.0,Senior Manager,22406.0
453,1,26.0,Company Invited,2,23.0,Salaried,Female,2,3.0,Basic,3.0,Married,1.0,1,5,0,1.0,Executive,17741.0
455,0,33.0,Self Enquiry,1,6.0,Small Business,Female,3,2.0,Super Deluxe,3.0,Married,5.0,0,2,0,2.0,AVP,31184.0
456,0,31.0,Self Enquiry,3,13.0,Salaried,Male,2,4.0,Standard,3.0,Married,1.0,0,3,1,0.0,Senior Manager,26557.0
457,1,18.0,Company Invited,3,11.0,Small Business,Male,3,3.0,Basic,4.0,Single,2.0,1,4,1,2.0,Executive,16878.0
458,0,40.0,Company Invited,3,34.0,Salaried,Male,2,5.0,Standard,5.0,Married,4.0,0,5,1,0.0,Senior Manager,25932.0
459,0,41.0,Company Invited,1,8.0,Salaried,Female,3,4.0,Deluxe,3.0,Unmarried,3.0,1,2,0,0.0,Manager,21811.0
462,0,34.0,Self Enquiry,3,27.0,Salaried,Male,3,2.0,Deluxe,3.0,Single,2.0,0,3,1,0.0,Manager,20337.0
463,1,26.0,Self Enquiry,1,30.0,Large Business,Male,3,5.0,Basic,3.0,Single,2.0,1,3,1,2.0,Executive,17340.0
464,0,37.0,Self Enquiry,1,6.0,Large Business,Female,2,3.0,Standard,3.0,Unmarried,5.0,0,5,1,1.0,Senior Manager,22491.0
465,0,46.0,Company Invited,1,24.0,Small Business,Female,2,3.0,Standard,3.0,Divorced,6.0,0,3,1,0.0,Senior Manager,25527.0
466,0,41.0,Self Enquiry,3,8.0,Salaried,Female,3,3.0,Super Deluxe,5.0,Divorced,1.0,0,5,1,1.0,AVP,31595.0
467,0,37.0,Company Invited,3,15.0,Small Business,Male,3,3.0,Standard,4.0,Married,2.0,0,2,1,0.0,Senior Manager,23834.0
468,0,52.0,Self Enquiry,1,12.0,Large Business,Male,3,3.0,Deluxe,5.0,Married,4.0,1,4,1,2.0,Manager,20577.0
470,0,24.0,Company Invited,3,30.0,Small Business,Male,2,3.0,Basic,3.0,Divorced,1.0,0,4,0,1.0,Executive,17400.0
471,0,38.0,Self Enquiry,1,16.0,Small Business,Female,3,3.0,Deluxe,3.0,Divorced,4.0,0,3,1,2.0,Manager,24824.0
472,0,37.0,Self Enquiry,1,6.0,Salaried,Female,3,3.0,Deluxe,4.0,Divorced,7.0,0,2,1,1.0,Manager,21447.0
473,0,49.0,Self Enquiry,1,24.0,Salaried,Male,2,4.0,King,3.0,Married,2.0,1,3,0,1.0,VP,34502.0
474,0,24.0,Self Enquiry,1,29.0,Small Business,Male,2,2.0,Basic,3.0,Divorced,2.0,1,4,0,1.0,Executive,17725.0
475,0,26.0,Self Enquiry,3,34.0,Small Business,Male,3,3.0,Deluxe,4.0,Divorced,2.0,0,3,1,0.0,Manager,21272.0
476,0,24.0,Self Enquiry,1,23.0,Salaried,Male,3,4.0,Basic,4.0,Divorced,2.0,0,3,1,1.0,Executive,17127.0
477,0,50.0,Company Invited,2,9.0,Small Business,Male,2,3.0,King,4.0,Divorced,2.0,0,2,1,0.0,VP,33200.0
478,0,25.0,Self Enquiry,3,19.0,Small Business,Male,2,3.0,Basic,3.0,Divorced,2.0,0,3,1,0.0,Executive,17096.0
479,1,24.0,Company Invited,1,13.0,Salaried,Female,2,3.0,Basic,3.0,Divorced,2.0,1,4,0,0.0,Executive,17886.0
480,1,30.0,Company Invited,3,18.0,Salaried,Male,3,4.0,Basic,5.0,Divorced,2.0,0,5,1,0.0,Executive,17033.0
484,0,31.0,Self Enquiry,3,12.0,Small Business,Male,3,2.0,Deluxe,3.0,Married,5.0,0,5,1,2.0,Manager,20460.0
485,0,27.0,Self Enquiry,1,12.0,Small Business,Female,3,4.0,Basic,3.0,Married,1.0,0,2,1,1.0,Executive,17187.0
486,0,37.0,Self Enquiry,3,8.0,Small Business,Male,3,3.0,Deluxe,3.0,Divorced,5.0,1,3,0,1.0,Manager,24602.0
487,0,20.0,Self Enquiry,1,6.0,Salaried,Female,2,4.0,Basic,4.0,Single,2.0,0,4,1,0.0,Executive,17836.0
489,0,43.0,Self Enquiry,1,12.0,Salaried,Male,2,4.0,Super Deluxe,3.0,Married,5.0,1,3,1,0.0,AVP,31627.0
490,0,38.0,Self Enquiry,1,6.0,Salaried,Female,2,3.0,Basic,5.0,Single,4.0,0,2,1,1.0,Executive,17619.0
491,0,43.0,Company Invited,1,15.0,Small Business,Male,3,3.0,Deluxe,3.0,Married,4.0,1,3,1,0.0,Manager,20679.0
492,0,48.0,Self Enquiry,1,6.0,Salaried,Female,2,4.0,Super Deluxe,5.0,Divorced,1.0,0,4,0,1.0,AVP,30402.0
493,0,44.0,Self Enquiry,2,6.0,Salaried,Female,2,4.0,Deluxe,3.0,Single,5.0,0,5,1,1.0,Manager,20985.0
494,0,34.0,Self Enquiry,3,20.0,Large Business,Female,2,3.0,Basic,3.0,Married,2.0,1,5,1,1.0,Executive,17579.0
495,1,27.0,Self Enquiry,3,8.0,Small Business,Male,2,3.0,Basic,5.0,Married,1.0,0,5,0,1.0,Executive,18041.0
497,0,44.0,Self Enquiry,1,9.0,Salaried,Male,2,3.0,King,3.0,Divorced,5.0,1,2,1,0.0,VP,34513.0
498,0,22.0,Self Enquiry,1,12.0,Small Business,Male,3,3.0,Basic,3.0,Divorced,1.0,0,2,1,0.0,Executive,17773.0
499,0,33.0,Self Enquiry,3,14.0,Small Business,Male,2,3.0,Deluxe,3.0,Married,1.0,0,2,1,1.0,Manager,22104.0
500,0,32.0,Self Enquiry,1,15.0,Salaried,Female,3,3.0,Deluxe,3.0,Divorced,2.0,1,5,1,2.0,Manager,21322.0
501,0,30.0,Company Invited,1,9.0,Small Business,Female,3,3.0,Basic,3.0,Married,2.0,0,3,1,1.0,Executive,17083.0
502,0,53.0,Self Enquiry,3,6.0,Small Business,Female,2,3.0,Deluxe,5.0,Unmarried,1.0,0,2,1,1.0,Manager,23381.0
503,0,34.0,Self Enquiry,1,6.0,Salaried,Male,2,3.0,Basic,3.0,Divorced,2.0,0,3,1,0.0,Executive,17691.0
505,0,26.0,Self Enquiry,1,12.0,Salaried,Female,3,3.0,Basic,3.0,Divorced,2.0,1,2,0,0.0,Executive,17659.0
506,0,37.0,Self Enquiry,1,9.0,Salaried,Male,2,3.0,Standard,3.0,Divorced,2.0,0,2,1,0.0,Senior Manager,24434.0
507,0,29.0,Self Enquiry,3,9.0,Small Business,Female,3,3.0,Deluxe,3.0,Divorced,2.0,0,2,0,0.0,Manager,20561.0
508,0,35.0,Self Enquiry,1,12.0,Salaried,Male,2,5.0,Deluxe,3.0,Unmarried,2.0,0,5,1,0.0,Manager,21646.0
509,0,33.0,Company Invited,1,12.0,Salaried,Male,1,3.0,Deluxe,3.0,Married,4.0,0,5,1,0.0,Manager,22725.0
510,0,54.0,Self Enquiry,2,25.0,Small Business,Male,2,3.0,Standard,4.0,Divorced,3.0,0,3,1,0.0,Senior Manager,25725.0
511,0,36.0,Self Enquiry,1,15.0,Small Business,Male,2,4.0,Deluxe,4.0,Married,3.0,1,4,1,0.0,Manager,23847.0
512,0,27.0,Self Enquiry,1,9.0,Small Business,Male,2,4.0,Basic,3.0,Single,1.0,0,2,0,0.0,Executive,17045.0
513,1,20.0,Self Enquiry,1,16.0,Small Business,Male,2,3.0,Basic,3.0,Single,2.0,1,5,0,0.0,Executive,16009.0
514,1,33.0,Company Invited,1,9.0,Salaried,Male,3,3.0,Basic,5.0,Single,2.0,1,5,1,2.0,Executive,18348.0
515,0,35.0,Company Invited,1,9.0,Salaried,Male,2,4.0,Basic,3.0,Divorced,2.0,0,2,1,1.0,Executive,16281.0
516,0,23.0,Self Enquiry,1,10.0,Small Business,Male,2,2.0,Basic,5.0,Divorced,3.0,0,4,0,1.0,Executive,17819.0
519,0,29.0,Company Invited,1,6.0,Salaried,Male,3,5.0,Basic,3.0,Married,2.0,0,2,1,0.0,Executive,17720.0
520,0,48.0,Self Enquiry,3,8.0,Small Business,Male,2,2.0,Deluxe,4.0,Divorced,4.0,0,3,1,0.0,Manager,23120.0
523,0,50.0,Self Enquiry,1,34.0,Small Business,Male,3,2.0,Basic,3.0,Divorced,2.0,1,2,1,2.0,Executive,18221.0
524,0,34.0,Self Enquiry,1,15.0,Small Business,Fe Male,2,4.0,Standard,4.0,Unmarried,2.0,0,2,1,1.0,Senior Manager,23621.0
527,0,32.0,Self Enquiry,3,16.0,Small Business,Male,2,3.0,Deluxe,3.0,Single,2.0,0,4,0,1.0,Manager,20396.0
528,1,50.0,Company Invited,3,14.0,Large Business,Male,2,3.0,Deluxe,3.0,Divorced,4.0,1,5,1,0.0,Manager,21796.0
529,0,38.0,Self Enquiry,1,6.0,Salaried,Female,2,2.0,Deluxe,3.0,Unmarried,1.0,0,2,1,1.0,Manager,22625.0
530,0,27.0,Self Enquiry,1,6.0,Salaried,Female,3,3.0,Standard,5.0,Divorced,2.0,0,4,1,2.0,Senior Manager,22412.0
531,0,32.0,Self Enquiry,1,9.0,Salaried,Fe Male,2,3.0,Standard,3.0,Unmarried,4.0,0,2,1,1.0,Senior Manager,26159.0
533,0,40.0,Company Invited,3,11.0,Salaried,Male,2,4.0,Standard,5.0,Divorced,6.0,1,5,0,1.0,Senior Manager,25475.0
534,0,53.0,Self Enquiry,1,13.0,Salaried,Male,2,2.0,Super Deluxe,3.0,Divorced,4.0,0,2,0,0.0,AVP,29814.0
535,0,41.0,Self Enquiry,2,16.0,Salaried,Male,3,4.0,King,3.0,Married,4.0,0,2,1,0.0,VP,34141.0
536,0,60.0,Self Enquiry,3,22.0,Small Business,Male,2,3.0,Deluxe,5.0,Single,1.0,0,4,1,0.0,Manager,20405.0
537,0,27.0,Company Invited,1,16.0,Salaried,Male,2,3.0,Standard,5.0,Married,2.0,0,3,1,0.0,Senior Manager,23793.0
538,0,41.0,Self Enquiry,2,6.0,Salaried,Male,2,4.0,King,3.0,Divorced,2.0,0,2,1,1.0,VP,34189.0
540,1,28.0,Self Enquiry,1,6.0,Salaried,Female,3,5.0,Basic,4.0,Single,1.0,1,2,1,0.0,Executive,17216.0
541,0,36.0,Company Invited,1,14.0,Salaried,Female,3,2.0,Standard,5.0,Divorced,1.0,0,3,0,0.0,Senior Manager,26713.0
542,0,38.0,Self Enquiry,1,6.0,Salaried,Female,2,3.0,Standard,3.0,Unmarried,5.0,1,2,0,1.0,Senior Manager,22861.0
544,0,47.0,Company Invited,3,9.0,Small Business,Female,2,3.0,Super Deluxe,3.0,Married,1.0,1,5,1,1.0,AVP,28770.0
545,0,30.0,Self Enquiry,3,33.0,Small Business,Male,2,3.0,Deluxe,3.0,Married,1.0,0,3,1,0.0,Manager,20304.0
546,0,29.0,Self Enquiry,3,16.0,Salaried,Male,2,3.0,Basic,3.0,Single,2.0,0,4,0,0.0,Executive,17642.0
547,1,42.0,Company Invited,1,25.0,Small Business,Male,2,2.0,Basic,3.0,Married,7.0,1,3,1,1.0,Executive,17759.0
548,0,43.0,Company Invited,3,21.0,Salaried,Male,2,4.0,Deluxe,3.0,Divorced,4.0,0,5,0,1.0,Manager,21804.0
549,0,34.0,Self Enquiry,1,14.0,Small Business,Female,3,3.0,Deluxe,3.0,Single,4.0,0,4,1,1.0,Manager,21142.0
550,0,23.0,Self Enquiry,1,15.0,Small Business,Male,2,3.0,Basic,5.0,Divorced,2.0,0,3,0,1.0,Executive,17500.0
551,0,39.0,Self Enquiry,2,9.0,Salaried,Female,2,2.0,Deluxe,4.0,Divorced,1.0,0,2,1,0.0,Manager,21389.0
552,0,56.0,Self Enquiry,1,15.0,Small Business,Male,2,3.0,Super Deluxe,3.0,Divorced,1.0,0,4,0,0.0,AVP,26103.0
553,0,40.0,Self Enquiry,1,8.0,Small Business,Female,2,4.0,Basic,3.0,Single,1.0,1,3,1,1.0,Executive,17342.0
554,0,27.0,Self Enquiry,1,13.0,Small Business,Female,2,4.0,Deluxe,5.0,Unmarried,1.0,0,3,1,0.0,Manager,21811.0
555,0,29.0,Self Enquiry,3,16.0,Small Business,Male,2,3.0,Basic,4.0,Married,2.0,0,2,0,1.0,Executive,17297.0
556,0,53.0,Self Enquiry,1,12.0,Salaried,Male,2,3.0,Deluxe,3.0,Single,3.0,0,5,1,0.0,Manager,17450.0
557,0,35.0,Company Invited,1,8.0,Salaried,Female,3,3.0,Deluxe,5.0,Married,3.0,0,4,0,0.0,Manager,20093.0
558,0,32.0,Company Invited,1,30.0,Salaried,Male,3,3.0,Deluxe,3.0,Divorced,2.0,0,4,1,0.0,Manager,20309.0
559,0,38.0,Self Enquiry,1,8.0,Small Business,Male,3,3.0,Basic,3.0,Divorced,7.0,1,4,0,0.0,Executive,18057.0
560,0,34.0,Self Enquiry,1,14.0,Salaried,Female,2,3.0,Deluxe,5.0,Married,4.0,0,5,1,0.0,Manager,20121.0
561,0,52.0,Self Enquiry,3,9.0,Small Business,Male,2,4.0,Super Deluxe,5.0,Divorced,2.0,0,5,1,0.0,AVP,31856.0
562,1,33.0,Self Enquiry,1,6.0,Salaried,Male,3,3.0,Basic,3.0,Single,2.0,1,3,1,0.0,Executive,17686.0
563,0,25.0,Self Enquiry,3,32.0,Small Business,Female,2,3.0,Deluxe,3.0,Single,2.0,0,4,0,0.0,Manager,21180.0
564,0,45.0,Self Enquiry,3,8.0,Large Business,Male,2,5.0,Deluxe,3.0,Unmarried,1.0,0,5,0,0.0,Manager,21632.0
566,1,47.0,Company Invited,3,33.0,Salaried,Female,3,1.0,Deluxe,3.0,Unmarried,5.0,1,4,1,2.0,Manager,21397.0
567,0,34.0,Self Enquiry,3,8.0,Salaried,Male,2,3.0,Deluxe,3.0,Single,2.0,0,5,0,0.0,Manager,21274.0
569,0,36.0,Company Invited,3,14.0,Salaried,Male,3,4.0,Standard,5.0,Unmarried,2.0,0,2,0,2.0,Senior Manager,22587.0
573,1,26.0,Self Enquiry,3,14.0,Large Business,Male,2,4.0,Deluxe,5.0,Single,7.0,0,3,1,1.0,Manager,20326.0
574,0,34.0,Self Enquiry,1,6.0,Salaried,Female,3,1.0,Basic,3.0,Single,3.0,0,2,0,0.0,Executive,18280.0
575,0,54.0,Self Enquiry,1,25.0,Small Business,Female,3,3.0,Deluxe,5.0,Married,1.0,1,3,0,0.0,Manager,20485.0
577,0,37.0,Self Enquiry,1,16.0,Salaried,Female,2,3.0,Basic,5.0,Married,1.0,1,3,1,1.0,Executive,17782.0
578,0,38.0,Company Invited,1,8.0,Salaried,Female,3,1.0,Deluxe,5.0,Single,7.0,1,2,1,2.0,Manager,20980.0
580,0,35.0,Self Enquiry,3,14.0,Salaried,Female,3,3.0,Basic,3.0,Divorced,2.0,0,3,0,0.0,Executive,17572.0
583,0,34.0,Self Enquiry,3,14.0,Salaried,Female,3,3.0,Deluxe,5.0,Divorced,6.0,0,2,1,0.0,Manager,21500.0
584,0,42.0,Company Invited,1,14.0,Salaried,Male,3,3.0,King,3.0,Married,2.0,0,5,0,1.0,VP,33430.0
585,1,23.0,Self Enquiry,1,12.0,Salaried,Male,3,1.0,Basic,5.0,Divorced,2.0,1,3,1,2.0,Executive,16601.0
586,0,24.0,Company Invited,1,15.0,Salaried,Male,2,4.0,Basic,4.0,Married,2.0,0,5,1,0.0,Executive,17694.0
587,0,52.0,Self Enquiry,1,17.0,Salaried,Female,2,3.0,Deluxe,3.0,Divorced,1.0,0,2,1,1.0,Manager,18149.0
588,0,50.0,Self Enquiry,1,8.0,Small Business,Male,3,3.0,Super Deluxe,3.0,Divorced,6.0,0,2,0,1.0,AVP,32639.0
589,1,29.0,Self Enquiry,1,6.0,Salaried,Female,2,4.0,Basic,5.0,Divorced,2.0,1,2,0,0.0,Executive,17319.0
590,0,33.0,Self Enquiry,1,13.0,Small Business,Male,2,3.0,Standard,3.0,Divorced,1.0,0,4,0,0.0,Senior Manager,26691.0
591,1,33.0,Self Enquiry,3,22.0,Small Business,Female,3,3.0,Deluxe,5.0,Single,6.0,0,3,1,0.0,Manager,20324.0
592,0,47.0,Self Enquiry,1,8.0,Salaried,Female,2,3.0,Super Deluxe,3.0,Divorced,2.0,1,4,1,0.0,AVP,31752.0
593,0,36.0,Self Enquiry,1,6.0,Salaried,Female,2,3.0,Deluxe,4.0,Divorced,1.0,0,5,0,0.0,Manager,20228.0
594,0,29.0,Self Enquiry,1,29.0,Salaried,Male,2,1.0,Basic,3.0,Divorced,2.0,0,2,1,1.0,Executive,17700.0
595,1,58.0,Self Enquiry,1,8.0,Salaried,Male,2,3.0,King,4.0,Single,1.0,1,3,1,1.0,VP,34246.0
596,0,35.0,Self Enquiry,1,6.0,Salaried,Female,2,1.0,Basic,3.0,Single,4.0,0,3,0,0.0,Executive,17506.0
597,0,42.0,Self Enquiry,1,6.0,Salaried,Female,2,4.0,Deluxe,3.0,Divorced,1.0,1,3,0,1.0,Manager,21062.0
599,0,36.0,Self Enquiry,2,19.0,Salaried,Male,2,3.0,Basic,4.0,Divorced,5.0,0,3,1,0.0,Executive,17143.0
600,0,32.0,Self Enquiry,1,10.0,Salaried,Female,3,4.0,Deluxe,3.0,Divorced,2.0,0,4,1,0.0,Manager,21162.0
601,0,40.0,Company Invited,1,22.0,Small Business,Male,2,4.0,Deluxe,3.0,Single,7.0,0,5,1,1.0,Manager,20094.0
602,0,30.0,Self Enquiry,1,8.0,Small Business,Female,2,4.0,Deluxe,3.0,Unmarried,6.0,1,2,1,1.0,Manager,21877.0
603,0,45.0,Self Enquiry,1,8.0,Salaried,Female,3,4.0,Basic,3.0,Single,2.0,0,3,1,1.0,Executive,17274.0
605,0,38.0,Company Invited,1,18.0,Salaried,Male,2,4.0,Deluxe,5.0,Married,3.0,0,5,1,0.0,Manager,21288.0
606,0,34.0,Company Invited,1,22.0,Salaried,Female,3,4.0,Basic,3.0,Single,2.0,0,5,1,1.0,Executive,17553.0
607,1,49.0,Self Enquiry,3,17.0,Small Business,Female,2,3.0,Standard,3.0,Divorced,2.0,0,4,0,1.0,Senior Manager,22654.0
608,1,55.0,Self Enquiry,3,8.0,Small Business,Male,2,3.0,Deluxe,3.0,Single,5.0,0,2,0,1.0,Manager,20160.0
609,0,43.0,Self Enquiry,1,20.0,Salaried,Male,3,3.0,Super Deluxe,5.0,Divorced,7.0,0,5,1,0.0,AVP,32159.0
610,0,27.0,Self Enquiry,1,11.0,Large Business,Male,2,4.0,Standard,3.0,Married,2.0,1,3,0,0.0,Senior Manager,27808.0
611,0,35.0,Self Enquiry,1,13.0,Salaried,Male,2,3.0,Standard,3.0,Unmarried,4.0,0,3,0,0.0,Senior Manager,25221.0
614,1,26.0,Company Invited,1,11.0,Small Business,Female,2,4.0,Basic,3.0,Divorced,2.0,1,2,0,1.0,Executive,17366.0
615,0,27.0,Company Invited,1,9.0,Small Business,Male,2,3.0,Basic,3.0,Divorced,2.0,0,2,1,0.0,Executive,16706.0
616,0,51.0,Self Enquiry,3,32.0,Small Business,Female,3,3.0,Super Deluxe,3.0,Divorced,3.0,0,3,0,1.0,AVP,31307.0
617,0,44.0,Self Enquiry,1,10.0,Small Business,Male,2,3.0,Deluxe,4.0,Single,1.0,0,2,1,0.0,Manager,20933.0
620,0,35.0,Self Enquiry,1,33.0,Small Business,Female,2,4.0,Basic,5.0,Single,2.0,0,4,1,1.0,Executive,17559.0
621,0,36.0,Self Enquiry,3,6.0,Salaried,Male,2,3.0,Deluxe,3.0,Divorced,2.0,1,3,1,1.0,Manager,21201.0
624,0,53.0,Self Enquiry,3,13.0,Small Business,Female,3,4.0,Standard,3.0,Divorced,1.0,1,2,0,0.0,Senior Manager,25934.0
625,0,45.0,Self Enquiry,3,15.0,Small Business,Male,3,3.0,Standard,5.0,Married,5.0,1,2,1,0.0,Senior Manager,25761.0
626,0,32.0,Self Enquiry,1,14.0,Small Business,Female,3,1.0,Deluxe,3.0,Divorced,6.0,0,3,1,2.0,Manager,20175.0
627,0,52.0,Company Invited,1,31.0,Small Business,Female,2,4.0,Super Deluxe,3.0,Divorced,4.0,0,5,0,1.0,AVP,28826.0
628,0,37.0,Self Enquiry,3,22.0,Small Business,Male,3,4.0,Deluxe,3.0,Married,5.0,0,5,1,2.0,Manager,21334.0
631,0,44.0,Self Enquiry,1,14.0,Salaried,Male,3,1.0,Basic,3.0,Divorced,3.0,1,3,1,2.0,Executive,17818.0
632,0,42.0,Company Invited,1,8.0,Small Business,Male,2,3.0,Basic,3.0,Single,6.0,1,2,0,1.0,Executive,17515.0
633,0,36.0,Self Enquiry,2,14.0,Salaried,Male,3,4.0,Basic,5.0,Divorced,1.0,0,2,1,2.0,Executive,17342.0
635,0,35.0,Self Enquiry,1,15.0,Salaried,Female,3,4.0,Standard,3.0,Divorced,2.0,1,4,1,1.0,Senior Manager,25685.0
636,1,35.0,Company Invited,1,31.0,Salaried,Female,3,3.0,Basic,4.0,Married,2.0,1,3,0,0.0,Executive,17022.0
637,0,32.0,Company Invited,1,6.0,Salaried,Male,3,3.0,Basic,3.0,Married,1.0,0,5,0,0.0,Executive,17314.0
640,0,24.0,Company Invited,1,10.0,Salaried,Male,2,4.0,Basic,3.0,Divorced,1.0,0,3,0,0.0,Executive,18162.0
641,0,32.0,Company Invited,3,11.0,Salaried,Male,2,3.0,Deluxe,4.0,Divorced,2.0,0,3,1,1.0,Manager,21524.0
642,0,38.0,Self Enquiry,3,15.0,Small Business,Male,3,4.0,Basic,4.0,Divorced,1.0,0,4,0,0.0,Executive,17899.0
643,0,42.0,Self Enquiry,1,9.0,Salaried,Female,3,1.0,Deluxe,3.0,Divorced,3.0,1,5,0,0.0,Manager,20231.0
644,0,31.0,Self Enquiry,1,17.0,Salaried,Male,2,3.0,Basic,3.0,Divorced,4.0,1,3,1,1.0,Executive,17356.0
645,1,29.0,Self Enquiry,3,6.0,Small Business,Female,2,4.0,Basic,3.0,Married,7.0,1,2,0,1.0,Executive,17800.0
646,0,53.0,Self Enquiry,3,14.0,Small Business,Male,3,3.0,Super Deluxe,3.0,Divorced,6.0,0,3,0,2.0,AVP,26836.0
647,0,35.0,Self Enquiry,1,31.0,Large Business,Male,3,4.0,Standard,4.0,Divorced,4.0,0,3,1,1.0,Senior Manager,25903.0
648,0,37.0,Company Invited,3,27.0,Small Business,Female,2,3.0,Basic,3.0,Divorced,6.0,0,2,1,1.0,Executive,17973.0
649,0,53.0,Self Enquiry,1,29.0,Salaried,Female,3,3.0,Super Deluxe,3.0,Single,7.0,0,5,1,1.0,AVP,29275.0
650,0,43.0,Company Invited,1,6.0,Salaried,Female,2,3.0,Deluxe,3.0,Divorced,5.0,0,2,1,1.0,Manager,20562.0
652,0,37.0,Company Invited,3,25.0,Small Business,Male,2,3.0,Standard,4.0,Unmarried,2.0,1,5,0,0.0,Senior Manager,22642.0
653,0,50.0,Company Invited,1,8.0,Salaried,Male,3,3.0,Super Deluxe,5.0,Married,2.0,0,5,1,2.0,AVP,32924.0
654,0,39.0,Self Enquiry,2,8.0,Salaried,Female,2,4.0,Deluxe,3.0,Divorced,1.0,0,3,0,0.0,Manager,20204.0
655,0,33.0,Self Enquiry,2,9.0,Salaried,Male,2,3.0,Basic,4.0,Married,4.0,1,5,0,1.0,Executive,17277.0
656,1,32.0,Self Enquiry,1,31.0,Salaried,Male,2,3.0,Basic,3.0,Single,2.0,1,5,1,0.0,Executive,17795.0
657,0,29.0,Self Enquiry,1,13.0,Small Business,Female,3,4.0,Basic,3.0,Married,7.0,0,5,1,0.0,Executive,17532.0
658,0,44.0,Self Enquiry,1,15.0,Salaried,Male,3,3.0,Basic,5.0,Divorced,2.0,1,3,1,0.0,Executive,17559.0
659,0,28.0,Self Enquiry,3,11.0,Small Business,Male,3,3.0,Deluxe,3.0,Single,2.0,0,3,1,0.0,Manager,19908.0
660,1,58.0,Company Invited,1,8.0,Salaried,Male,2,4.0,Basic,3.0,Married,1.0,1,2,0,0.0,Executive,17380.0
662,1,20.0,Self Enquiry,3,8.0,Small Business,Female,2,4.0,Basic,3.0,Single,2.0,0,4,0,1.0,Executive,17044.0
663,1,21.0,Self Enquiry,1,24.0,Salaried,Female,3,3.0,Basic,3.0,Single,2.0,0,3,1,1.0,Executive,17693.0
664,0,36.0,Self Enquiry,1,20.0,Salaried,Male,3,3.0,Deluxe,3.0,Divorced,1.0,1,5,1,2.0,Manager,21586.0
665,0,47.0,Self Enquiry,3,8.0,Salaried,Female,3,4.0,Basic,3.0,Single,2.0,1,2,1,0.0,Executive,18294.0
667,1,41.0,Self Enquiry,1,8.0,Salaried,Female,2,5.0,Basic,3.0,Married,5.0,1,3,0,0.0,Executive,17778.0
668,0,28.0,Self Enquiry,1,15.0,Small Business,Female,3,3.0,Basic,3.0,Married,6.0,0,3,1,1.0,Executive,17377.0
669,1,39.0,Self Enquiry,1,12.0,Small Business,Male,3,3.0,Basic,5.0,Divorced,1.0,1,2,1,1.0,Executive,17404.0
670,0,27.0,Self Enquiry,1,10.0,Salaried,Female,3,3.0,Basic,3.0,Single,2.0,0,2,1,1.0,Executive,17318.0
671,0,34.0,Self Enquiry,1,16.0,Salaried,Male,2,3.0,Basic,4.0,Married,2.0,0,2,1,0.0,Executive,17008.0
672,0,42.0,Self Enquiry,3,20.0,Small Business,Female,3,4.0,Deluxe,3.0,Single,1.0,0,3,0,0.0,Manager,21244.0
673,0,33.0,Self Enquiry,1,6.0,Salaried,Male,3,4.0,Basic,5.0,Single,4.0,1,4,0,0.0,Executive,17799.0
674,0,58.0,Self Enquiry,1,11.0,Large Business,Female,2,4.0,Standard,4.0,Married,3.0,1,5,1,1.0,Senior Manager,25552.0
675,0,31.0,Self Enquiry,3,13.0,Salaried,Male,2,4.0,Basic,3.0,Divorced,4.0,0,4,1,1.0,Executive,17329.0
677,0,49.0,Self Enquiry,1,14.0,Salaried,Female,2,3.0,Standard,4.0,Divorced,5.0,0,4,0,0.0,Senior Manager,22403.0
678,0,48.0,Self Enquiry,1,26.0,Small Business,Male,2,3.0,Basic,3.0,Divorced,5.0,0,2,0,0.0,Executive,17259.0
679,0,31.0,Company Invited,3,26.0,Small Business,Female,2,3.0,Deluxe,3.0,Divorced,2.0,0,2,1,0.0,Manager,21932.0
681,0,38.0,Self Enquiry,1,6.0,Large Business,Female,3,3.0,Standard,5.0,Divorced,2.0,0,4,1,2.0,Senior Manager,28582.0
682,0,32.0,Company Invited,1,6.0,Salaried,Female,3,4.0,Basic,4.0,Divorced,7.0,0,3,1,0.0,Executive,17332.0
683,1,25.0,Self Enquiry,3,25.0,Small Business,Male,2,4.0,Basic,4.0,Divorced,2.0,1,2,0,0.0,Executive,17413.0
684,0,40.0,Self Enquiry,3,16.0,Small Business,Male,3,4.0,Standard,4.0,Married,3.0,0,4,1,1.0,Senior Manager,24705.0
687,0,36.0,Self Enquiry,1,8.0,Small Business,Male,3,3.0,Basic,3.0,Single,5.0,0,5,1,0.0,Executive,17519.0
688,1,19.0,Self Enquiry,3,27.0,Salaried,Male,2,4.0,Basic,4.0,Single,2.0,1,2,0,1.0,Executive,17121.0
689,1,20.0,Self Enquiry,1,10.0,Large Business,Male,2,3.0,Basic,5.0,Single,2.0,0,3,1,1.0,Executive,17973.0
690,0,31.0,Self Enquiry,1,18.0,Small Business,Female,2,3.0,Deluxe,3.0,Divorced,1.0,1,4,0,1.0,Manager,20855.0
692,0,32.0,Self Enquiry,1,9.0,Small Business,Female,3,3.0,Deluxe,5.0,Divorced,2.0,0,2,1,1.0,Manager,21725.0
693,1,36.0,Self Enquiry,3,9.0,Salaried,Male,2,4.0,Standard,3.0,Divorced,2.0,1,2,1,0.0,Senior Manager,25325.0
694,0,33.0,Self Enquiry,1,6.0,Salaried,Female,2,4.0,Deluxe,3.0,Unmarried,1.0,0,4,0,0.0,Manager,21949.0
695,1,37.0,Self Enquiry,3,6.0,Salaried,Male,2,4.0,Standard,3.0,Divorced,6.0,0,2,1,1.0,Senior Manager,25609.0
697,0,29.0,Company Invited,3,26.0,Large Business,Female,2,3.0,Basic,3.0,Divorced,2.0,0,3,0,1.0,Executive,17157.0
699,0,52.0,Self Enquiry,1,6.0,Salaried,Male,3,3.0,Super Deluxe,3.0,Divorced,3.0,0,2,1,1.0,AVP,32099.0
700,1,58.0,Self Enquiry,1,8.0,Large Business,Male,2,3.0,Basic,3.0,Single,5.0,0,2,1,1.0,Executive,17479.0
701,0,53.0,Self Enquiry,3,8.0,Small Business,Male,2,3.0,Super Deluxe,3.0,Married,7.0,0,3,1,0.0,AVP,29852.0
702,0,30.0,Self Enquiry,3,14.0,Salaried,Male,3,3.0,Standard,3.0,Married,6.0,0,3,1,0.0,Senior Manager,22264.0
703,0,38.0,Company Invited,3,16.0,Large Business,Female,2,3.0,Deluxe,3.0,Single,2.0,1,3,0,1.0,Manager,20666.0
704,0,35.0,Self Enquiry,3,9.0,Salaried,Male,3,3.0,Standard,3.0,Married,7.0,0,5,0,1.0,Senior Manager,22823.0
705,0,39.0,Self Enquiry,3,8.0,Salaried,Male,2,1.0,Standard,3.0,Unmarried,1.0,0,2,1,1.0,Senior Manager,22880.0
706,1,40.0,Company Invited,3,30.0,Salaried,Fe Male,3,1.0,Super Deluxe,4.0,Unmarried,5.0,1,3,1,2.0,AVP,28194.0
707,0,47.0,Company Invited,1,22.0,Small Business,Male,3,1.0,Deluxe,3.0,Married,2.0,1,2,0,0.0,Manager,20067.0
708,0,36.0,Company Invited,3,14.0,Large Business,Male,2,3.0,Deluxe,3.0,Married,5.0,0,3,1,0.0,Manager,20079.0
709,1,31.0,Company Invited,1,15.0,Small Business,Male,2,4.0,Basic,5.0,Single,1.0,1,3,1,0.0,Executive,17321.0
710,0,33.0,Company Invited,3,23.0,Salaried,Male,2,3.0,Super Deluxe,3.0,Single,2.0,0,3,1,1.0,AVP,32444.0
711,1,29.0,Self Enquiry,1,16.0,Salaried,Female,3,4.0,Basic,5.0,Single,7.0,1,5,1,1.0,Executive,17404.0
713,0,45.0,Self Enquiry,1,6.0,Small Business,Female,3,3.0,Basic,3.0,Married,4.0,0,5,0,1.0,Executive,17270.0
714,0,50.0,Self Enquiry,1,6.0,Small Business,Male,3,3.0,Super Deluxe,3.0,Married,1.0,0,5,0,2.0,AVP,32399.0
715,0,33.0,Company Invited,1,6.0,Salaried,Female,2,1.0,Deluxe,4.0,Divorced,2.0,1,3,0,1.0,Manager,20488.0
716,0,41.0,Company Invited,1,15.0,Small Business,Male,3,3.0,King,3.0,Married,3.0,0,4,1,2.0,VP,34419.0
717,0,27.0,Self Enquiry,1,22.0,Large Business,Female,2,3.0,Basic,4.0,Divorced,1.0,0,2,1,0.0,Executive,17811.0
720,1,30.0,Self Enquiry,1,28.0,Salaried,Female,2,3.0,Basic,3.0,Divorced,5.0,1,2,0,1.0,Executive,17132.0
721,0,50.0,Self Enquiry,1,30.0,Salaried,Male,3,3.0,Super Deluxe,3.0,Divorced,4.0,1,4,0,0.0,AVP,28973.0
722,0,38.0,Company Invited,1,16.0,Small Business,Male,3,3.0,Basic,3.0,Divorced,1.0,0,5,0,2.0,Executive,17684.0
723,0,46.0,Self Enquiry,1,13.0,Small Business,Male,3,3.0,Standard,3.0,Married,7.0,0,2,0,2.0,Senior Manager,25845.0
727,0,18.0,Company Invited,1,11.0,Salaried,Male,3,3.0,Basic,3.0,Single,2.0,0,2,1,1.0,Executive,16051.0
728,0,54.0,Self Enquiry,1,23.0,Large Business,Female,2,3.0,Standard,3.0,Divorced,1.0,0,5,1,0.0,Senior Manager,25739.0
729,0,35.0,Self Enquiry,1,31.0,Small Business,Female,2,3.0,Standard,3.0,Married,2.0,1,3,1,1.0,Senior Manager,25388.0
730,0,30.0,Self Enquiry,1,14.0,Salaried,Female,3,1.0,Standard,5.0,Divorced,1.0,1,2,0,2.0,Senior Manager,26416.0
731,1,20.0,Self Enquiry,1,17.0,Small Business,Female,3,4.0,Basic,5.0,Single,2.0,1,3,0,1.0,Executive,17600.0
732,1,30.0,Company Invited,1,11.0,Small Business,Female,2,3.0,Basic,4.0,Single,1.0,0,3,0,0.0,Executive,17422.0
733,0,26.0,Self Enquiry,1,8.0,Small Business,Male,2,1.0,Deluxe,3.0,Divorced,2.0,0,3,1,1.0,Manager,20472.0
734,0,22.0,Self Enquiry,1,14.0,Salaried,Male,3,5.0,Basic,5.0,Divorced,2.0,0,2,1,0.0,Executive,17451.0
736,0,48.0,Self Enquiry,1,10.0,Salaried,Male,3,4.0,Standard,3.0,Unmarried,1.0,0,5,1,1.0,Senior Manager,25999.0
738,0,39.0,Self Enquiry,1,6.0,Salaried,Female,3,4.0,Super Deluxe,3.0,Divorced,2.0,0,3,0,1.0,AVP,27742.0
741,0,42.0,Self Enquiry,3,11.0,Small Business,Male,2,3.0,King,3.0,Divorced,7.0,0,4,0,1.0,VP,33303.0
742,0,50.0,Self Enquiry,1,15.0,Salaried,Male,3,3.0,Basic,3.0,Divorced,5.0,0,5,1,0.0,Executive,17380.0
743,0,59.0,Self Enquiry,1,8.0,Salaried,Female,3,4.0,Super Deluxe,3.0,Single,4.0,1,5,0,2.0,AVP,28726.0
745,0,55.0,Company Invited,1,24.0,Small Business,Male,3,3.0,Deluxe,4.0,Divorced,4.0,1,5,1,2.0,Manager,21385.0
747,0,38.0,Self Enquiry,3,9.0,Salaried,Male,2,3.0,Deluxe,3.0,Unmarried,1.0,1,3,1,1.0,Manager,21861.0
750,0,44.0,Self Enquiry,3,34.0,Small Business,Female,2,1.0,Super Deluxe,3.0,Divorced,4.0,1,2,1,1.0,AVP,28320.0
751,0,50.0,Company Invited,3,6.0,Salaried,Female,3,3.0,Deluxe,3.0,Divorced,1.0,0,2,1,1.0,Manager,21347.0
752,1,36.0,Self Enquiry,1,22.0,Salaried,Female,2,1.0,Basic,5.0,Single,2.0,0,2,1,0.0,Executive,17743.0
753,0,39.0,Company Invited,1,28.0,Small Business,Fe Male,2,3.0,Standard,5.0,Unmarried,2.0,1,5,1,0.0,Senior Manager,25880.0
754,0,33.0,Company Invited,3,14.0,Salaried,Female,2,4.0,Basic,3.0,Single,1.0,0,2,1,1.0,Executive,17342.0
755,0,45.0,Self Enquiry,3,17.0,Salaried,Female,2,3.0,Super Deluxe,3.0,Divorced,4.0,0,4,1,1.0,AVP,32650.0
757,0,34.0,Self Enquiry,3,6.0,Small Business,Male,3,1.0,Deluxe,3.0,Married,1.0,0,5,1,2.0,Manager,24725.0
758,0,59.0,Self Enquiry,3,6.0,Large Business,Male,3,3.0,Standard,3.0,Divorced,4.0,1,2,0,1.0,Senior Manager,26904.0
759,0,45.0,Self Enquiry,2,30.0,Small Business,Male,2,3.0,Basic,4.0,Single,2.0,0,4,0,0.0,Executive,17177.0
760,0,53.0,Company Invited,3,8.0,Small Business,Female,2,4.0,Standard,4.0,Divorced,3.0,0,2,0,1.0,Senior Manager,22525.0
762,1,26.0,Company Invited,1,8.0,Salaried,Male,2,3.0,Basic,5.0,Divorced,7.0,1,5,1,0.0,Executive,17042.0
763,0,34.0,Self Enquiry,3,16.0,Salaried,Female,2,3.0,Basic,3.0,Divorced,2.0,1,2,0,1.0,Executive,17220.0
764,0,28.0,Self Enquiry,3,16.0,Small Business,Male,3,3.0,Basic,4.0,Divorced,2.0,0,5,1,1.0,Executive,16052.0
765,0,38.0,Company Invited,1,9.0,Salaried,Male,2,3.0,Basic,3.0,Divorced,4.0,0,3,1,1.0,Executive,17821.0
766,0,50.0,Self Enquiry,1,8.0,Small Business,Male,3,3.0,King,3.0,Divorced,3.0,1,2,1,1.0,VP,34237.0
768,0,40.0,Self Enquiry,3,32.0,Small Business,Male,3,3.0,Deluxe,5.0,Divorced,2.0,0,2,1,1.0,Manager,23396.0
769,0,26.0,Company Invited,1,6.0,Small Business,Female,3,4.0,Basic,3.0,Married,2.0,0,2,1,0.0,Executive,17007.0
770,0,46.0,Self Enquiry,1,6.0,Small Business,Male,2,3.0,King,3.0,Married,1.0,0,5,1,1.0,VP,34627.0
771,0,54.0,Self Enquiry,3,8.0,Salaried,Female,2,4.0,Standard,3.0,Divorced,7.0,0,5,1,0.0,Senior Manager,25686.0
772,0,56.0,Company Invited,1,15.0,Small Business,Female,3,3.0,Basic,3.0,Divorced,3.0,0,2,0,0.0,Executive,17942.0
773,0,36.0,Self Enquiry,1,18.0,Small Business,Fe Male,2,4.0,Standard,3.0,Unmarried,1.0,0,2,1,0.0,Senior Manager,23858.0
774,0,55.0,Company Invited,1,8.0,Small Business,Male,2,4.0,Super Deluxe,5.0,Single,1.0,0,3,1,1.0,AVP,31756.0
775,0,43.0,Self Enquiry,3,31.0,Small Business,Male,3,4.0,Standard,3.0,Married,6.0,0,4,1,1.0,Senior Manager,25798.0
776,1,20.0,Company Invited,3,15.0,Small Business,Female,2,3.0,Basic,3.0,Single,2.0,1,4,0,0.0,Executive,17323.0
777,1,21.0,Self Enquiry,1,16.0,Salaried,Female,2,4.0,Basic,5.0,Single,2.0,0,3,1,0.0,Executive,16416.0
779,1,51.0,Self Enquiry,1,10.0,Salaried,Male,2,3.0,Basic,3.0,Divorced,1.0,1,2,1,1.0,Executive,17461.0
780,1,28.0,Company Invited,1,30.0,Large Business,Male,3,4.0,Standard,5.0,Unmarried,2.0,0,2,0,0.0,Senior Manager,23722.0
782,0,30.0,Self Enquiry,1,26.0,Salaried,Male,2,3.0,Deluxe,5.0,Divorced,1.0,0,4,1,0.0,Manager,24957.0
784,0,38.0,Self Enquiry,1,23.0,Salaried,Female,3,4.0,Standard,3.0,Divorced,1.0,0,2,0,2.0,Senior Manager,23823.0
785,0,40.0,Self Enquiry,1,26.0,Large Business,Male,3,3.0,Standard,3.0,Divorced,5.0,0,3,1,1.0,Senior Manager,25322.0
787,0,55.0,Company Invited,1,8.0,Salaried,Male,3,3.0,Standard,4.0,Divorced,4.0,0,2,1,1.0,Senior Manager,25976.0
789,1,44.0,Self Enquiry,2,6.0,Small Business,Male,3,4.0,Standard,5.0,Divorced,1.0,0,4,1,0.0,Senior Manager,25482.0
790,0,33.0,Self Enquiry,1,11.0,Salaried,Male,2,4.0,Standard,3.0,Married,5.0,0,3,0,0.0,Senior Manager,22119.0
791,1,35.0,Self Enquiry,3,10.0,Large Business,Male,2,3.0,Standard,5.0,Unmarried,1.0,1,4,1,1.0,Senior Manager,24582.0
793,0,28.0,Self Enquiry,1,21.0,Salaried,Male,2,3.0,Basic,3.0,Married,2.0,0,4,1,1.0,Executive,17207.0
794,0,34.0,Company Invited,1,9.0,Salaried,Male,2,3.0,Deluxe,3.0,Unmarried,1.0,0,2,1,0.0,Manager,22756.0
795,0,37.0,Self Enquiry,3,16.0,Salaried,Female,2,4.0,Deluxe,3.0,Married,3.0,1,4,0,0.0,Manager,21694.0
797,1,26.0,Self Enquiry,1,27.0,Small Business,Male,2,3.0,Basic,3.0,Married,2.0,0,5,1,1.0,Executive,17377.0
798,1,33.0,Self Enquiry,1,31.0,Small Business,Male,2,4.0,Basic,4.0,Single,5.0,1,4,0,0.0,Executive,17313.0
799,0,42.0,Self Enquiry,1,8.0,Small Business,Male,2,3.0,Super Deluxe,5.0,Divorced,1.0,0,3,1,1.0,AVP,32665.0
800,1,28.0,Company Invited,1,6.0,Small Business,Male,2,4.0,Basic,4.0,Married,2.0,0,4,0,0.0,Executive,17596.0
803,0,34.0,Company Invited,1,9.0,Salaried,Male,2,4.0,Basic,3.0,Divorced,4.0,0,2,1,0.0,Executive,17979.0
804,0,48.0,Company Invited,1,6.0,Small Business,Male,2,1.0,Super Deluxe,3.0,Single,3.0,0,2,0,0.0,AVP,31885.0
805,0,45.0,Company Invited,3,15.0,Salaried,Female,3,4.0,Deluxe,3.0,Divorced,2.0,0,3,0,0.0,Manager,20593.0
806,0,52.0,Self Enquiry,1,13.0,Salaried,Male,2,3.0,Standard,4.0,Unmarried,1.0,0,3,1,1.0,Senior Manager,25445.0
807,0,38.0,Self Enquiry,3,16.0,Small Business,Male,3,4.0,Standard,3.0,Married,1.0,1,3,1,0.0,Senior Manager,23740.0
808,0,29.0,Self Enquiry,1,34.0,Salaried,Female,3,3.0,Basic,3.0,Married,5.0,0,5,0,1.0,Executive,17514.0
809,0,28.0,Self Enquiry,1,9.0,Small Business,Female,3,3.0,Standard,4.0,Married,1.0,0,4,0,0.0,Senior Manager,22655.0
810,0,46.0,Self Enquiry,3,9.0,Small Business,Male,2,3.0,Super Deluxe,3.0,Divorced,4.0,0,2,1,0.0,AVP,32465.0
811,0,38.0,Self Enquiry,3,8.0,Small Business,Male,2,3.0,Standard,4.0,Unmarried,1.0,0,4,1,0.0,Senior Manager,22351.0
812,0,43.0,Company Invited,1,33.0,Salaried,Female,2,3.0,Standard,5.0,Divorced,1.0,0,4,0,0.0,Senior Manager,25820.0
813,1,39.0,Company Invited,1,8.0,Salaried,Male,2,3.0,Super Deluxe,3.0,Married,1.0,0,3,1,0.0,AVP,27169.0
814,0,40.0,Self Enquiry,1,20.0,Small Business,Male,2,4.0,King,3.0,Single,2.0,0,3,1,1.0,VP,34626.0
815,0,21.0,Self Enquiry,1,6.0,Large Business,Female,3,4.0,Basic,4.0,Single,2.0,1,5,0,2.0,Executive,17070.0
816,0,39.0,Company Invited,1,15.0,Salaried,Male,3,3.0,Deluxe,4.0,Unmarried,21.0,0,2,1,0.0,Manager,21782.0
817,0,36.0,Company Invited,1,24.0,Salaried,Male,3,3.0,Deluxe,3.0,Unmarried,3.0,0,3,1,0.0,Manager,22779.0
818,0,31.0,Company Invited,3,26.0,Salaried,Male,3,1.0,Basic,3.0,Divorced,1.0,0,5,1,1.0,Executive,17791.0
819,0,28.0,Self Enquiry,1,8.0,Salaried,Male,3,4.0,Basic,4.0,Divorced,1.0,0,2,0,2.0,Executive,18201.0
821,0,49.0,Self Enquiry,3,14.0,Large Business,Male,2,4.0,Super Deluxe,4.0,Divorced,7.0,0,4,1,0.0,AVP,28120.0
823,0,29.0,Company Invited,1,16.0,Salaried,Female,3,3.0,Basic,4.0,Married,1.0,0,5,1,0.0,Executive,18291.0
825,0,29.0,Self Enquiry,1,14.0,Small Business,Male,3,4.0,Deluxe,3.0,Divorced,2.0,1,3,0,0.0,Manager,20056.0
826,0,38.0,Self Enquiry,2,6.0,Salaried,Male,2,1.0,Basic,3.0,Divorced,2.0,0,4,1,0.0,Executive,17844.0
827,0,28.0,Company Invited,1,12.0,Salaried,Male,2,4.0,Basic,3.0,Married,2.0,1,4,1,0.0,Executive,17703.0
828,1,18.0,Company Invited,1,14.0,Small Business,Male,3,3.0,Basic,3.0,Single,2.0,0,5,0,0.0,Executive,16904.0
829,1,33.0,Self Enquiry,3,15.0,Small Business,Female,3,3.0,Deluxe,5.0,Unmarried,1.0,1,3,0,1.0,Manager,23224.0
831,1,31.0,Company Invited,1,21.0,Small Business,Male,3,3.0,Basic,3.0,Divorced,2.0,0,4,1,2.0,Executive,17610.0
832,0,37.0,Self Enquiry,1,31.0,Small Business,Female,2,4.0,Deluxe,3.0,Married,1.0,0,3,0,1.0,Manager,20731.0
833,0,27.0,Self Enquiry,1,12.0,Salaried,Male,2,4.0,Basic,3.0,Divorced,2.0,0,2,1,1.0,Executive,17539.0
834,0,34.0,Self Enquiry,3,15.0,Salaried,Female,3,3.0,Deluxe,3.0,Divorced,2.0,0,2,1,2.0,Manager,20714.0
836,1,29.0,Self Enquiry,3,29.0,Salaried,Female,2,4.0,Standard,5.0,Divorced,2.0,0,3,0,0.0,Senior Manager,22336.0
837,0,40.0,Company Invited,1,15.0,Small Business,Fe Male,2,3.0,Standard,3.0,Unmarried,1.0,0,4,0,0.0,Senior Manager,28499.0
838,1,42.0,Company Invited,3,18.0,Salaried,Male,2,3.0,Super Deluxe,5.0,Single,1.0,1,5,1,1.0,AVP,28758.0
839,0,42.0,Self Enquiry,3,10.0,Small Business,Male,2,3.0,Deluxe,5.0,Single,1.0,0,5,1,1.0,Manager,20155.0
840,0,35.0,Self Enquiry,1,6.0,Small Business,Male,2,4.0,Basic,3.0,Divorced,7.0,0,2,1,1.0,Executive,17258.0
842,1,28.0,Self Enquiry,1,18.0,Salaried,Female,3,3.0,Basic,3.0,Divorced,2.0,1,4,1,0.0,Executive,17515.0
844,0,30.0,Self Enquiry,3,16.0,Small Business,Male,3,4.0,Deluxe,3.0,Divorced,2.0,0,2,1,0.0,Manager,21578.0
846,0,35.0,Self Enquiry,1,8.0,Salaried,Male,2,4.0,Standard,4.0,Married,3.0,0,4,1,0.0,Senior Manager,25274.0
847,0,34.0,Company Invited,1,6.0,Small Business,Male,3,4.0,Deluxe,5.0,Single,1.0,0,2,1,2.0,Manager,20343.0
848,0,35.0,Company Invited,1,10.0,Salaried,Male,2,4.0,Basic,3.0,Divorced,2.0,0,2,1,0.0,Executive,17376.0
849,1,43.0,Self Enquiry,3,15.0,Small Business,Female,2,5.0,Deluxe,3.0,Single,1.0,0,2,1,1.0,Manager,20346.0
850,0,32.0,Company Invited,3,8.0,Salaried,Female,3,3.0,Basic,5.0,Married,2.0,0,3,0,1.0,Executive,17827.0
852,0,29.0,Self Enquiry,1,12.0,Small Business,Female,2,3.0,Basic,3.0,Divorced,2.0,0,3,0,0.0,Executive,18131.0
853,0,19.0,Self Enquiry,1,15.0,Salaried,Male,2,3.0,Basic,5.0,Single,2.0,0,3,0,0.0,Executive,17552.0
855,0,37.0,Self Enquiry,1,6.0,Salaried,Female,2,4.0,Deluxe,3.0,Divorced,2.0,0,2,1,1.0,Manager,21474.0
856,0,20.0,Self Enquiry,1,9.0,Salaried,Male,2,4.0,Basic,3.0,Single,2.0,0,3,0,1.0,Executive,18033.0
857,1,44.0,Self Enquiry,1,16.0,Salaried,Male,3,3.0,Basic,3.0,Single,2.0,1,3,1,2.0,Executive,17936.0
858,0,53.0,Self Enquiry,1,13.0,Small Business,Female,2,3.0,King,3.0,Married,4.0,0,2,1,0.0,VP,33606.0
859,0,29.0,Self Enquiry,1,21.0,Salaried,Female,3,5.0,Basic,3.0,Divorced,1.0,1,5,1,0.0,Executive,17168.0
860,1,22.0,Company Invited,1,9.0,Salaried,Male,2,4.0,Basic,3.0,Divorced,1.0,1,3,0,0.0,Executive,17853.0
861,0,46.0,Self Enquiry,3,8.0,Small Business,Female,3,3.0,Super Deluxe,5.0,Divorced,1.0,0,2,1,0.0,AVP,32048.0
862,0,44.0,Company Invited,1,23.0,Salaried,Male,3,5.0,Basic,3.0,Single,3.0,0,4,1,0.0,Executive,17290.0
864,1,41.0,Company Invited,1,11.0,Salaried,Male,3,4.0,Basic,5.0,Married,7.0,0,3,1,0.0,Executive,17107.0
867,0,50.0,Company Invited,1,8.0,Small Business,Female,1,3.0,Super Deluxe,5.0,Divorced,3.0,0,3,1,0.0,AVP,32856.0
868,0,28.0,Self Enquiry,1,25.0,Small Business,Male,3,4.0,Basic,5.0,Divorced,2.0,0,3,1,2.0,Executive,18196.0
869,0,46.0,Self Enquiry,1,21.0,Salaried,Male,2,3.0,King,4.0,Divorced,6.0,0,3,1,1.0,VP,34081.0
870,0,35.0,Self Enquiry,3,23.0,Salaried,Male,3,3.0,Deluxe,5.0,Divorced,4.0,1,3,1,1.0,Manager,23966.0
871,1,24.0,Self Enquiry,1,23.0,Salaried,Female,3,3.0,Basic,4.0,Divorced,2.0,0,2,0,1.0,Executive,17210.0
873,0,36.0,Self Enquiry,1,12.0,Salaried,Male,2,5.0,Basic,3.0,Married,2.0,0,2,0,0.0,Executive,17741.0
876,0,20.0,Self Enquiry,3,27.0,Small Business,Male,2,1.0,Basic,3.0,Single,2.0,0,3,0,0.0,Executive,17678.0
877,0,46.0,Self Enquiry,1,8.0,Large Business,Male,2,3.0,Deluxe,3.0,Married,3.0,0,2,1,0.0,Manager,22379.0
878,0,42.0,Company Invited,2,8.0,Small Business,Male,3,1.0,Deluxe,5.0,Divorced,1.0,0,2,0,2.0,Manager,21272.0
879,0,60.0,Self Enquiry,3,13.0,Small Business,Male,2,1.0,Deluxe,3.0,Married,1.0,1,5,0,0.0,Manager,20220.0
880,0,32.0,Company Invited,1,19.0,Salaried,Female,3,4.0,Basic,4.0,Divorced,2.0,0,5,0,0.0,Executive,17743.0
882,0,36.0,Self Enquiry,1,6.0,Large Business,Female,3,5.0,Standard,5.0,Married,3.0,1,2,1,2.0,Senior Manager,25252.0
883,0,33.0,Self Enquiry,1,15.0,Small Business,Male,2,3.0,Basic,3.0,Divorced,1.0,0,2,1,0.0,Executive,17781.0
884,0,40.0,Self Enquiry,3,16.0,Large Business,Female,2,4.0,Deluxe,4.0,Married,1.0,0,5,1,0.0,Manager,21852.0
887,0,42.0,Company Invited,1,32.0,Small Business,Female,2,3.0,Standard,5.0,Divorced,4.0,1,3,0,1.0,Senior Manager,28191.0
888,0,35.0,Company Invited,3,14.0,Small Business,Female,3,4.0,Standard,3.0,Divorced,5.0,1,5,1,2.0,Senior Manager,25377.0
889,0,27.0,Self Enquiry,1,20.0,Salaried,Male,2,3.0,Basic,5.0,Divorced,2.0,1,4,1,0.0,Executive,17235.0
890,0,54.0,Company Invited,1,6.0,Salaried,Female,2,3.0,Standard,3.0,Married,1.0,0,5,1,1.0,Senior Manager,25502.0
891,0,44.0,Self Enquiry,1,8.0,Salaried,Female,3,1.0,Basic,3.0,Divorced,2.0,0,4,1,0.0,Executive,17011.0
892,1,19.0,Company Invited,1,16.0,Small Business,Female,3,4.0,Basic,4.0,Single,2.0,1,5,1,1.0,Executive,16859.0
894,0,54.0,Self Enquiry,1,9.0,Salaried,Male,2,3.0,Super Deluxe,3.0,Divorced,4.0,0,5,1,1.0,AVP,32779.0
895,0,31.0,Self Enquiry,1,17.0,Small Business,Male,3,3.0,Deluxe,5.0,Divorced,2.0,1,2,0,2.0,Manager,21833.0
896,0,31.0,Self Enquiry,1,30.0,Small Business,Female,3,4.0,Deluxe,5.0,Unmarried,2.0,0,5,0,2.0,Manager,21812.0
897,0,59.0,Self Enquiry,3,9.0,Salaried,Female,2,4.0,Deluxe,3.0,Single,6.0,0,3,0,0.0,Manager,20171.0
899,0,49.0,Self Enquiry,1,10.0,Small Business,Male,2,4.0,King,3.0,Divorced,3.0,0,3,0,0.0,VP,33711.0
901,0,48.0,Self Enquiry,1,8.0,Large Business,Male,3,1.0,Basic,4.0,Single,6.0,0,2,0,2.0,Executive,17559.0
902,0,27.0,Self Enquiry,1,10.0,Salaried,Male,3,3.0,Basic,3.0,Married,2.0,0,4,1,1.0,Executive,17517.0
903,0,29.0,Self Enquiry,1,13.0,Salaried,Male,2,3.0,Deluxe,3.0,Married,2.0,1,3,0,0.0,Manager,21623.0
904,0,48.0,Self Enquiry,1,6.0,Salaried,Male,3,4.0,King,3.0,Single,7.0,0,3,1,0.0,VP,33265.0
905,0,29.0,Self Enquiry,1,6.0,Salaried,Female,2,4.0,Super Deluxe,3.0,Married,4.0,0,2,0,1.0,AVP,31124.0
906,0,34.0,Self Enquiry,1,26.0,Large Business,Female,2,1.0,Basic,3.0,Divorced,1.0,0,1,1,0.0,Executive,17585.0
907,0,44.0,Self Enquiry,3,11.0,Small Business,Male,2,3.0,King,4.0,Divorced,1.0,0,5,1,1.0,VP,33213.0
908,0,33.0,Self Enquiry,3,16.0,Small Business,Male,2,1.0,Standard,3.0,Married,1.0,1,4,1,1.0,Senior Manager,23380.0
909,0,19.0,Self Enquiry,1,31.0,Salaried,Female,2,1.0,Basic,3.0,Single,2.0,1,5,1,0.0,Executive,17994.0
910,0,23.0,Self Enquiry,1,6.0,Salaried,Male,2,3.0,Basic,3.0,Divorced,2.0,0,4,0,1.0,Executive,16223.0
911,1,25.0,Company Invited,3,30.0,Salaried,Male,3,5.0,Basic,3.0,Single,2.0,1,1,1,1.0,Executive,16118.0
912,0,26.0,Self Enquiry,1,10.0,Salaried,Male,2,3.0,Basic,3.0,Single,2.0,1,1,0,0.0,Executive,17875.0
913,1,45.0,Self Enquiry,3,8.0,Small Business,Female,3,5.0,King,4.0,Single,3.0,1,5,0,2.0,VP,33824.0
914,0,55.0,Company Invited,1,14.0,Small Business,Male,2,4.0,Super Deluxe,4.0,Married,2.0,1,3,1,1.0,AVP,28577.0
915,1,21.0,Company Invited,1,16.0,Salaried,Female,2,4.0,Basic,3.0,Single,2.0,0,4,1,0.0,Executive,17625.0
916,0,46.0,Self Enquiry,3,10.0,Small Business,Female,2,4.0,King,4.0,Divorced,3.0,0,5,1,0.0,VP,33789.0
919,0,59.0,Self Enquiry,1,24.0,Small Business,Male,3,3.0,Standard,3.0,Unmarried,7.0,0,3,1,1.0,Senior Manager,25512.0
921,0,28.0,Company Invited,1,6.0,Small Business,Male,2,3.0,Basic,3.0,Single,1.0,1,4,0,0.0,Executive,17154.0
922,0,44.0,Self Enquiry,1,10.0,Salaried,Male,3,1.0,King,5.0,Married,2.0,0,5,1,2.0,VP,34190.0
925,0,42.0,Self Enquiry,1,13.0,Small Business,Female,3,1.0,Deluxe,4.0,Divorced,7.0,1,1,0,0.0,Manager,17372.0
926,0,43.0,Self Enquiry,3,10.0,Small Business,Fe Male,2,4.0,Standard,3.0,Unmarried,4.0,0,3,1,0.0,Senior Manager,25231.0
927,0,36.0,Self Enquiry,1,8.0,Salaried,Female,2,3.0,Deluxe,4.0,Single,1.0,1,3,1,0.0,Manager,20410.0
928,1,44.0,Self Enquiry,1,21.0,Small Business,Female,3,3.0,Standard,3.0,Divorced,2.0,0,3,0,1.0,Senior Manager,22978.0
930,0,51.0,Company Invited,1,12.0,Small Business,Female,2,4.0,Basic,3.0,Single,1.0,0,5,1,1.0,Executive,17838.0
932,1,29.0,Self Enquiry,1,13.0,Large Business,Female,2,3.0,Basic,3.0,Married,4.0,1,4,1,1.0,Executive,18339.0
933,0,28.0,Self Enquiry,1,6.0,Large Business,Male,2,3.0,Basic,5.0,Single,3.0,0,4,0,0.0,Executive,17080.0
934,0,25.0,Self Enquiry,1,6.0,Small Business,Female,2,3.0,Basic,4.0,Single,2.0,0,3,1,0.0,Executive,17096.0
935,0,32.0,Self Enquiry,3,14.0,Small Business,Male,2,1.0,Deluxe,3.0,Divorced,2.0,0,5,0,0.0,Manager,21209.0
936,0,45.0,Company Invited,1,31.0,Small Business,Female,2,3.0,King,4.0,Single,4.0,0,4,1,1.0,VP,33061.0
937,0,39.0,Self Enquiry,1,19.0,Small Business,Female,3,4.0,Super Deluxe,4.0,Married,7.0,1,3,1,2.0,AVP,32123.0
938,0,58.0,Self Enquiry,1,29.0,Salaried,Male,2,3.0,Basic,3.0,Married,2.0,0,3,1,1.0,Executive,17372.0
942,0,36.0,Self Enquiry,1,16.0,Large Business,Female,3,3.0,Standard,3.0,Divorced,4.0,0,3,0,2.0,Senior Manager,22094.0
944,0,28.0,Company Invited,1,6.0,Salaried,Female,2,5.0,Deluxe,3.0,Divorced,1.0,0,3,1,0.0,Manager,21674.0
945,0,50.0,Self Enquiry,1,34.0,Salaried,Female,2,3.0,Super Deluxe,5.0,Divorced,5.0,1,5,0,0.0,AVP,31880.0
946,1,40.0,Self Enquiry,3,31.0,Small Business,Male,2,4.0,Standard,4.0,Unmarried,3.0,1,5,0,1.0,Senior Manager,24094.0
947,1,52.0,Self Enquiry,3,11.0,Salaried,Male,3,3.0,Standard,4.0,Unmarried,1.0,1,4,1,1.0,Senior Manager,23446.0
948,0,30.0,Self Enquiry,1,23.0,Small Business,Female,3,3.0,Standard,5.0,Divorced,2.0,1,4,0,2.0,Senior Manager,26916.0
950,0,31.0,Company Invited,3,8.0,Salaried,Female,2,3.0,Standard,3.0,Married,2.0,1,1,1,0.0,Senior Manager,24852.0
951,0,41.0,Company Invited,3,16.0,Small Business,Male,2,5.0,Deluxe,4.0,Single,2.0,0,1,1,0.0,Manager,21151.0
952,1,31.0,Company Invited,3,6.0,Salaried,Female,2,3.0,Basic,4.0,Single,2.0,1,5,1,1.0,Executive,17302.0
953,1,44.0,Self Enquiry,1,9.0,Salaried,Male,2,3.0,Basic,5.0,Divorced,5.0,0,5,1,1.0,Executive,17362.0
954,0,42.0,Company Invited,1,8.0,Salaried,Male,2,3.0,Super Deluxe,3.0,Divorced,1.0,1,4,0,1.0,AVP,32861.0
955,0,55.0,Self Enquiry,1,8.0,Small Business,Female,2,5.0,King,3.0,Divorced,5.0,0,4,1,1.0,VP,34187.0
958,0,34.0,Self Enquiry,1,15.0,Salaried,Male,2,3.0,Standard,3.0,Married,1.0,0,5,1,1.0,Senior Manager,23500.0
962,0,51.0,Self Enquiry,2,11.0,Salaried,Male,2,3.0,Super Deluxe,4.0,Married,2.0,1,3,1,1.0,AVP,29026.0
963,0,38.0,Self Enquiry,3,8.0,Salaried,Female,2,3.0,Deluxe,5.0,Married,4.0,0,4,0,1.0,Manager,21893.0
964,0,34.0,Self Enquiry,3,21.0,Small Business,Female,3,3.0,Deluxe,5.0,Single,2.0,0,1,1,2.0,Manager,21125.0
966,1,58.0,Self Enquiry,1,13.0,Small Business,Female,2,4.0,Standard,5.0,Divorced,1.0,1,4,1,0.0,Senior Manager,25008.0
967,0,40.0,Self Enquiry,1,6.0,Salaried,Male,2,3.0,Basic,4.0,Divorced,4.0,0,1,1,1.0,Executive,17387.0
969,0,48.0,Self Enquiry,1,10.0,Salaried,Male,2,3.0,Standard,3.0,Unmarried,2.0,0,5,1,1.0,Senior Manager,22898.0
970,0,27.0,Self Enquiry,3,17.0,Small Business,Female,3,1.0,Basic,3.0,Divorced,1.0,0,3,1,1.0,Executive,17534.0
971,0,51.0,Self Enquiry,1,17.0,Large Business,Fe Male,2,4.0,Super Deluxe,4.0,Unmarried,4.0,0,1,0,1.0,AVP,28142.0
972,0,18.0,Company Invited,1,6.0,Salaried,Female,3,3.0,Basic,3.0,Single,2.0,0,5,1,1.0,Executive,16611.0
973,0,35.0,Self Enquiry,1,6.0,Small Business,Female,2,4.0,Deluxe,3.0,Divorced,1.0,0,1,1,1.0,Manager,20363.0
974,0,27.0,Company Invited,3,8.0,Salaried,Male,2,5.0,Deluxe,3.0,Single,4.0,0,4,1,1.0,Manager,20071.0
975,1,55.0,Self Enquiry,3,19.0,Small Business,Male,2,1.0,Super Deluxe,3.0,Single,7.0,1,3,1,1.0,AVP,28695.0
976,0,56.0,Self Enquiry,1,29.0,Salaried,Male,3,3.0,Super Deluxe,4.0,Divorced,5.0,1,4,1,2.0,AVP,28402.0
977,0,34.0,Company Invited,1,32.0,Large Business,Female,3,4.0,Basic,3.0,Married,2.0,0,1,1,0.0,Executive,17029.0
978,0,40.0,Self Enquiry,1,8.0,Small Business,Female,2,1.0,Deluxe,3.0,Married,6.0,0,3,1,0.0,Manager,21377.0
979,0,34.0,Self Enquiry,1,35.0,Small Business,Male,2,3.0,Deluxe,3.0,Divorced,5.0,0,3,0,0.0,Manager,20429.0
980,1,31.0,Company Invited,3,8.0,Salaried,Female,2,4.0,Basic,3.0,Single,1.0,0,5,0,1.0,Executive,17785.0
982,0,38.0,Company Invited,1,13.0,Salaried,Male,2,1.0,Basic,3.0,Married,2.0,0,3,0,0.0,Executive,17610.0
983,0,34.0,Self Enquiry,1,8.0,Large Business,Female,3,3.0,Deluxe,3.0,Unmarried,2.0,0,5,1,1.0,Manager,21687.0
985,1,31.0,Self Enquiry,1,28.0,Small Business,Male,3,3.0,Deluxe,3.0,Divorced,2.0,1,5,1,0.0,Manager,21179.0
986,0,39.0,Self Enquiry,3,27.0,Salaried,Male,2,4.0,Deluxe,3.0,Divorced,4.0,1,1,0,1.0,Manager,21120.0
987,0,51.0,Company Invited,3,8.0,Small Business,Male,2,3.0,Standard,4.0,Divorced,3.0,0,4,0,0.0,Senior Manager,25596.0
988,0,41.0,Company Invited,1,28.0,Salaried,Female,3,3.0,Deluxe,3.0,Married,4.0,1,5,0,0.0,Manager,20467.0
989,0,37.0,Self Enquiry,1,10.0,Salaried,Male,2,3.0,Basic,3.0,Divorced,1.0,1,5,1,1.0,Executive,17996.0
990,0,33.0,Company Invited,3,11.0,Salaried,Male,3,3.0,Deluxe,3.0,Divorced,7.0,0,1,1,2.0,Manager,24998.0
992,0,39.0,Company Invited,1,31.0,Salaried,Male,3,3.0,Standard,3.0,Divorced,4.0,0,1,0,0.0,Senior Manager,25920.0
993,0,25.0,Self Enquiry,3,24.0,Salaried,Male,3,1.0,Deluxe,3.0,Divorced,3.0,0,1,0,0.0,Manager,21232.0
994,0,52.0,Company Invited,1,34.0,Small Business,Female,2,1.0,Super Deluxe,3.0,Divorced,3.0,1,4,0,0.0,AVP,28247.0
996,0,27.0,Self Enquiry,3,16.0,Small Business,Female,3,4.0,Deluxe,3.0,Divorced,2.0,1,3,1,2.0,Manager,20769.0
997,1,27.0,Self Enquiry,1,23.0,Salaried,Female,2,3.0,Basic,3.0,Single,2.0,1,5,1,0.0,Executive,17394.0
999,0,42.0,Self Enquiry,2,16.0,Salaried,Female,2,3.0,Super Deluxe,5.0,Divorced,1.0,0,3,0,1.0,AVP,31799.0
1000,0,52.0,Self Enquiry,1,14.0,Salaried,Female,2,3.0,Basic,5.0,Divorced,1.0,0,1,1,1.0,Executive,17950.0
1002,0,35.0,Company Invited,1,24.0,Salaried,Male,2,3.0,Standard,3.0,Unmarried,3.0,0,3,0,0.0,Senior Manager,24362.0
1003,0,25.0,Self Enquiry,1,6.0,Large Business,Male,2,3.0,Basic,3.0,Divorced,5.0,0,5,1,1.0,Executive,18229.0
1005,0,29.0,Self Enquiry,2,23.0,Salaried,Male,2,4.0,Standard,5.0,Unmarried,2.0,0,3,0,0.0,Senior Manager,22988.0
1007,1,29.0,Company Invited,1,20.0,Salaried,Female,2,3.0,Standard,3.0,Unmarried,1.0,1,5,1,0.0,Senior Manager,22553.0
1008,0,54.0,Self Enquiry,1,6.0,Small Business,Female,2,3.0,Super Deluxe,3.0,Single,7.0,0,4,1,1.0,AVP,32328.0
1010,0,55.0,Self Enquiry,1,6.0,Small Business,Male,2,1.0,Super Deluxe,3.0,Married,3.0,0,5,1,0.0,AVP,29732.0
1011,0,36.0,Self Enquiry,3,9.0,Small Business,Fe Male,2,3.0,Deluxe,4.0,Unmarried,4.0,1,4,0,1.0,Manager,24278.0
1012,1,31.0,Company Invited,3,6.0,Salaried,Female,2,5.0,Basic,3.0,Single,2.0,0,3,1,1.0,Executive,16359.0
1014,0,31.0,Self Enquiry,1,14.0,Salaried,Female,3,3.0,Super Deluxe,4.0,Single,4.0,0,1,1,0.0,AVP,31422.0
1015,0,34.0,Company Invited,1,6.0,Salaried,Male,3,3.0,Basic,5.0,Married,6.0,0,1,1,2.0,Executive,17996.0
1016,1,31.0,Self Enquiry,1,14.0,Salaried,Female,2,4.0,Basic,4.0,Single,2.0,0,4,0,1.0,Executive,16261.0
1017,0,27.0,Self Enquiry,1,17.0,Salaried,Male,3,3.0,Basic,5.0,Divorced,1.0,0,5,1,2.0,Executive,17099.0
1018,0,36.0,Self Enquiry,1,10.0,Salaried,Male,2,4.0,Deluxe,3.0,Single,2.0,0,5,1,1.0,Manager,20810.0
1019,0,36.0,Self Enquiry,3,22.0,Small Business,Female,3,4.0,Deluxe,5.0,Divorced,5.0,0,5,1,0.0,Manager,20647.0
1023,0,56.0,Self Enquiry,1,6.0,Salaried,Female,2,3.0,Basic,5.0,Divorced,3.0,0,5,1,1.0,Executive,17066.0
1024,0,47.0,Self Enquiry,1,8.0,Small Business,Female,2,3.0,Super Deluxe,3.0,Divorced,4.0,0,5,1,0.0,AVP,32169.0
1026,0,32.0,Self Enquiry,3,13.0,Small Business,Male,3,3.0,Deluxe,3.0,Divorced,5.0,0,5,1,1.0,Manager,24204.0
1027,0,34.0,Self Enquiry,1,6.0,Salaried,Female,2,4.0,Basic,4.0,Divorced,6.0,0,1,1,1.0,Executive,18294.0
1028,0,41.0,Self Enquiry,1,11.0,Small Business,Male,2,1.0,Basic,3.0,Divorced,3.0,1,1,1,1.0,Executive,17127.0
1030,0,31.0,Self Enquiry,3,14.0,Salaried,Male,2,3.0,Standard,3.0,Married,2.0,0,3,1,0.0,Senior Manager,25793.0
1031,1,46.0,Self Enquiry,3,15.0,Small Business,Male,2,3.0,Standard,3.0,Married,5.0,0,3,0,1.0,Senior Manager,25096.0
1033,1,31.0,Company Invited,1,6.0,Salaried,Female,3,1.0,Standard,4.0,Unmarried,2.0,0,3,1,2.0,Senior Manager,22446.0
1034,0,45.0,Self Enquiry,1,26.0,Small Business,Male,3,5.0,Standard,5.0,Married,3.0,1,3,0,0.0,Senior Manager,25851.0
1035,0,31.0,Self Enquiry,2,14.0,Small Business,Female,3,1.0,Basic,4.0,Single,1.0,0,1,0,2.0,Executive,17109.0
1037,0,45.0,Self Enquiry,1,35.0,Large Business,Male,2,3.0,Standard,3.0,Divorced,5.0,1,5,1,0.0,Senior Manager,24380.0
1038,0,48.0,Self Enquiry,3,13.0,Small Business,Male,3,3.0,Deluxe,5.0,Married,5.0,0,4,1,1.0,Manager,20486.0
1039,1,34.0,Self Enquiry,2,15.0,Large Business,Female,2,3.0,Basic,3.0,Divorced,2.0,0,1,1,0.0,Executive,17742.0
1040,0,40.0,Company Invited,1,14.0,Small Business,Male,2,4.0,Standard,4.0,Married,3.0,0,1,1,1.0,Senior Manager,28757.0
1041,0,28.0,Self Enquiry,3,11.0,Small Business,Male,2,3.0,Deluxe,5.0,Unmarried,1.0,0,1,1,0.0,Manager,23463.0
1042,0,44.0,Company Invited,1,11.0,Salaried,Male,2,4.0,Basic,3.0,Single,4.0,0,1,0,1.0,Executive,18162.0
1043,0,53.0,Self Enquiry,1,8.0,Small Business,Male,2,1.0,Super Deluxe,4.0,Single,5.0,0,1,1,0.0,AVP,31598.0
1044,0,49.0,Self Enquiry,1,11.0,Large Business,Male,3,3.0,Deluxe,3.0,Divorced,3.0,0,3,0,0.0,Manager,21651.0
1045,0,40.0,Self Enquiry,1,8.0,Small Business,Male,3,3.0,Basic,3.0,Married,3.0,0,1,0,0.0,Executive,17345.0
1049,0,30.0,Self Enquiry,3,22.0,Salaried,Male,3,3.0,Deluxe,3.0,Divorced,1.0,0,3,0,2.0,Manager,20301.0
1052,0,30.0,Company Invited,1,13.0,Large Business,Male,3,3.0,Basic,3.0,Married,2.0,0,5,0,0.0,Executive,16274.0
1053,0,57.0,Self Enquiry,1,6.0,Salaried,Male,3,1.0,Deluxe,3.0,Divorced,1.0,0,3,1,2.0,Manager,19900.0
1054,0,49.0,Self Enquiry,1,13.0,Salaried,Male,2,3.0,Standard,4.0,Married,4.0,0,4,0,1.0,Senior Manager,25466.0
1055,0,34.0,Company Invited,1,21.0,Small Business,Male,3,3.0,Super Deluxe,5.0,Married,1.0,0,4,1,2.0,AVP,32007.0
1056,1,28.0,Company Invited,3,6.0,Large Business,Male,3,3.0,Basic,3.0,Divorced,4.0,0,3,1,0.0,Executive,17909.0
1057,1,29.0,Company Invited,3,19.0,Large Business,Female,2,3.0,Deluxe,4.0,Single,6.0,0,3,0,1.0,Manager,20765.0
1059,0,35.0,Self Enquiry,3,13.0,Salaried,Male,3,3.0,Basic,3.0,Divorced,2.0,0,3,1,0.0,Executive,17404.0
1060,1,24.0,Company Invited,1,15.0,Small Business,Male,2,3.0,Basic,5.0,Single,3.0,1,3,0,1.0,Executive,18172.0
1061,0,24.0,Company Invited,3,19.0,Salaried,Female,3,3.0,Basic,4.0,Divorced,2.0,0,1,0,0.0,Executive,17033.0
1062,0,44.0,Company Invited,1,8.0,Small Business,Male,2,3.0,Standard,3.0,Unmarried,6.0,1,1,0,1.0,Senior Manager,25209.0
1063,0,29.0,Self Enquiry,3,25.0,Salaried,Male,3,4.0,Deluxe,3.0,Married,2.0,0,4,1,0.0,Manager,23620.0
1064,0,30.0,Self Enquiry,2,6.0,Salaried,Male,2,3.0,Basic,3.0,Married,1.0,0,1,0,1.0,Executive,17064.0
1068,1,28.0,Company Invited,1,8.0,Small Business,Male,2,4.0,Basic,5.0,Single,1.0,0,4,0,0.0,Executive,17561.0
1069,0,28.0,Self Enquiry,1,6.0,Salaried,Male,3,4.0,Basic,3.0,Married,2.0,0,4,0,1.0,Executive,16563.0
1072,0,29.0,Company Invited,1,8.0,Salaried,Female,3,3.0,Basic,4.0,Divorced,1.0,0,5,0,2.0,Executive,18180.0
1073,0,28.0,Self Enquiry,1,35.0,Salaried,Male,3,5.0,Deluxe,4.0,Divorced,2.0,0,1,1,2.0,Manager,21549.0
1074,0,33.0,Self Enquiry,1,14.0,Salaried,Male,3,3.0,Deluxe,3.0,Unmarried,3.0,1,3,0,2.0,Manager,21388.0
1075,0,32.0,Self Enquiry,1,16.0,Small Business,Male,1,3.0,Standard,3.0,Unmarried,3.0,0,1,0,0.0,Senior Manager,26244.0
1076,0,54.0,Company Invited,1,17.0,Small Business,Female,2,3.0,Super Deluxe,3.0,Married,4.0,0,3,1,0.0,AVP,31032.0
1077,1,29.0,Self Enquiry,1,6.0,Large Business,Male,3,4.0,Basic,5.0,Single,7.0,0,3,0,2.0,Executive,17362.0
1078,0,44.0,Self Enquiry,1,34.0,Salaried,Male,2,3.0,Super Deluxe,5.0,Divorced,4.0,0,1,1,0.0,AVP,31328.0
1079,0,39.0,Self Enquiry,1,12.0,Salaried,Female,2,3.0,Standard,4.0,Unmarried,5.0,0,3,0,1.0,Senior Manager,23376.0
1080,0,46.0,Self Enquiry,3,9.0,Salaried,Female,2,3.0,Super Deluxe,4.0,Divorced,1.0,0,4,1,0.0,AVP,31606.0
1081,0,35.0,Self Enquiry,1,22.0,Salaried,Fe Male,3,4.0,Standard,4.0,Unmarried,2.0,0,1,1,2.0,Senior Manager,23606.0
1082,0,23.0,Self Enquiry,1,26.0,Salaried,Male,3,3.0,Deluxe,3.0,Single,1.0,0,4,1,2.0,Manager,17272.0
1083,1,40.0,Self Enquiry,1,15.0,Salaried,Male,2,3.0,Basic,5.0,Single,4.0,0,1,1,1.0,Executive,17018.0
1084,0,34.0,Self Enquiry,3,6.0,Large Business,Male,3,4.0,Standard,3.0,Divorced,2.0,1,1,1,1.0,Senior Manager,22083.0
1086,0,50.0,Company Invited,1,28.0,Small Business,Male,2,5.0,Super Deluxe,3.0,Single,2.0,1,1,1,1.0,AVP,29411.0
1087,0,34.0,Self Enquiry,3,13.0,Large Business,Male,2,3.0,Basic,3.0,Married,1.0,1,1,0,1.0,Executive,17308.0
1090,0,29.0,Self Enquiry,1,14.0,Salaried,Female,2,5.0,Deluxe,5.0,Married,4.0,0,1,0,0.0,Manager,24715.0
1092,0,45.0,Self Enquiry,1,34.0,Large Business,Male,3,3.0,Basic,3.0,Married,5.0,0,3,1,2.0,Executive,17132.0
1093,0,42.0,Company Invited,1,8.0,Salaried,Male,2,3.0,Standard,3.0,Married,3.0,1,3,1,0.0,Senior Manager,25124.0
1094,0,40.0,Self Enquiry,3,15.0,Small Business,Male,2,3.0,Deluxe,5.0,Married,1.0,0,3,1,1.0,Manager,20473.0
1095,0,33.0,Self Enquiry,1,34.0,Salaried,Male,3,3.0,Deluxe,3.0,Married,2.0,1,1,1,0.0,Manager,20207.0
1096,0,40.0,Self Enquiry,2,12.0,Small Business,Male,2,3.0,Super Deluxe,3.0,Single,2.0,1,3,1,1.0,AVP,31437.0
1097,0,24.0,Self Enquiry,1,27.0,Large Business,Male,2,4.0,Basic,5.0,Married,1.0,0,3,0,0.0,Executive,17296.0
1099,0,45.0,Self Enquiry,1,6.0,Large Business,Male,3,3.0,Standard,4.0,Married,2.0,0,3,1,1.0,Senior Manager,22441.0
1100,0,35.0,Self Enquiry,3,34.0,Salaried,Female,3,4.0,Basic,3.0,Married,1.0,0,4,1,2.0,Executive,17430.0
1101,0,32.0,Self Enquiry,1,11.0,Salaried,Female,3,4.0,Deluxe,4.0,Married,4.0,0,3,1,0.0,Manager,20878.0
1102,0,36.0,Self Enquiry,3,8.0,Salaried,Male,3,3.0,Basic,3.0,Single,4.0,1,3,0,0.0,Executive,17644.0
1103,0,48.0,Self Enquiry,3,22.0,Salaried,Female,3,3.0,Deluxe,3.0,Married,1.0,0,4,1,0.0,Manager,21439.0
1104,0,29.0,Self Enquiry,1,15.0,Salaried,Male,3,1.0,Basic,3.0,Married,7.0,0,5,1,0.0,Executive,17451.0
1105,0,33.0,Self Enquiry,3,14.0,Salaried,Male,2,3.0,Deluxe,5.0,Married,3.0,0,5,1,0.0,Manager,21392.0
1106,1,30.0,Self Enquiry,3,6.0,Salaried,Male,3,4.0,Deluxe,5.0,Married,2.0,0,4,1,1.0,Manager,24714.0
1107,0,38.0,Company Invited,2,16.0,Salaried,Male,3,3.0,Deluxe,3.0,Married,4.0,0,3,0,2.0,Manager,21077.0
1108,0,35.0,Self Enquiry,1,6.0,Small Business,Male,3,4.0,Basic,5.0,Single,2.0,0,1,0,2.0,Executive,17450.0
1109,0,30.0,Self Enquiry,3,35.0,Large Business,Male,2,3.0,Standard,4.0,Married,4.0,0,4,0,1.0,Senior Manager,24250.0
1110,1,35.0,Self Enquiry,1,8.0,Salaried,Female,3,3.0,Basic,5.0,Married,2.0,1,1,1,1.0,Executive,17074.0
1111,1,53.0,Self Enquiry,1,8.0,Large Business,Female,3,4.0,Standard,3.0,Married,1.0,0,5,1,2.0,Senior Manager,25169.0
1114,0,48.0,Self Enquiry,1,21.0,Salaried,Female,3,3.0,Basic,5.0,Married,1.0,0,1,1,0.0,Executive,17367.0
1115,0,34.0,Self Enquiry,1,13.0,Small Business,Male,2,3.0,Basic,3.0,Single,2.0,0,1,0,1.0,Executive,17972.0
1116,0,55.0,Self Enquiry,3,32.0,Small Business,Male,2,4.0,King,3.0,Married,2.0,0,3,1,1.0,VP,34586.0
1117,0,34.0,Self Enquiry,1,6.0,Salaried,Male,2,3.0,Deluxe,3.0,Married,1.0,0,4,1,0.0,Manager,20484.0
1118,0,26.0,Self Enquiry,1,9.0,Salaried,Female,2,3.0,Basic,3.0,Married,2.0,0,3,1,1.0,Executive,17061.0
1119,0,38.0,Self Enquiry,3,20.0,Salaried,Male,3,3.0,Deluxe,4.0,Married,1.0,0,5,1,2.0,Manager,24924.0
1121,0,36.0,Self Enquiry,3,6.0,Salaried,Female,3,3.0,Deluxe,3.0,Unmarried,7.0,0,1,1,1.0,Manager,21815.0
1123,0,35.0,Self Enquiry,1,16.0,Small Business,Female,2,3.0,Deluxe,3.0,Single,4.0,1,1,1,0.0,Manager,21142.0
1124,0,39.0,Self Enquiry,3,12.0,Small Business,Male,2,1.0,Standard,3.0,Married,3.0,0,4,1,1.0,Senior Manager,23237.0
1125,0,29.0,Company Invited,1,8.0,Salaried,Male,2,3.0,Deluxe,3.0,Married,2.0,0,3,0,0.0,Manager,23853.0
1126,0,50.0,Self Enquiry,3,5.0,Small Business,Male,2,3.0,King,3.0,Married,5.0,1,5,0,1.0,VP,34331.0
1127,0,23.0,Self Enquiry,1,16.0,Large Business,Male,2,1.0,Basic,3.0,Married,3.0,0,1,1,0.0,Executive,17073.0
1128,0,36.0,Company Invited,1,12.0,Salaried,Male,3,1.0,Deluxe,5.0,Married,4.0,1,4,1,1.0,Manager,20562.0
1129,0,42.0,Self Enquiry,1,15.0,Salaried,Male,3,4.0,King,3.0,Single,1.0,0,1,1,1.0,VP,34613.0
1131,0,34.0,Company Invited,1,16.0,Large Business,Male,3,4.0,Deluxe,3.0,Married,2.0,0,4,1,1.0,Manager,20063.0
1134,0,35.0,Self Enquiry,1,13.0,Salaried,Male,3,4.0,Basic,3.0,Married,2.0,0,3,1,0.0,Executive,17690.0
1135,0,46.0,Self Enquiry,3,6.0,Salaried,Male,2,1.0,Super Deluxe,5.0,Single,2.0,0,4,1,1.0,AVP,32567.0
1136,1,28.0,Self Enquiry,1,30.0,Small Business,Male,2,3.0,Basic,4.0,Married,2.0,1,1,0,0.0,Executive,17408.0
1137,0,22.0,Company Invited,1,32.0,Salaried,Female,2,4.0,Basic,3.0,Married,2.0,1,3,0,0.0,Executive,17814.0
1138,0,50.0,Company Invited,1,26.0,Small Business,Male,2,3.0,Super Deluxe,3.0,Married,3.0,1,4,1,1.0,AVP,26245.0
1139,0,32.0,Self Enquiry,1,11.0,Salaried,Female,2,1.0,Basic,3.0,Married,4.0,0,5,1,1.0,Executive,18312.0
1140,0,44.0,Self Enquiry,1,13.0,Small Business,Female,2,3.0,King,3.0,Married,1.0,1,4,1,1.0,VP,34049.0
1141,0,30.0,Self Enquiry,1,13.0,Small Business,Male,2,4.0,Basic,4.0,Married,2.0,0,5,0,0.0,Executive,17141.0
1142,0,45.0,Self Enquiry,1,11.0,Small Business,Female,2,5.0,Deluxe,5.0,Single,2.0,1,3,1,0.0,Manager,20769.0
1144,0,31.0,Company Invited,3,8.0,Salaried,Male,2,3.0,Deluxe,5.0,Single,1.0,0,1,0,0.0,Manager,20332.0
1147,0,49.0,Self Enquiry,1,31.0,Salaried,Female,2,3.0,Basic,5.0,Married,2.0,0,3,0,0.0,Executive,18211.0
1148,0,39.0,Self Enquiry,1,16.0,Small Business,Male,3,3.0,Deluxe,5.0,Married,3.0,0,5,1,2.0,Manager,20377.0
1150,0,35.0,Self Enquiry,1,24.0,Salaried,Male,2,1.0,Deluxe,5.0,Married,2.0,0,3,0,1.0,Manager,20208.0
1151,0,28.0,Self Enquiry,1,33.0,Small Business,Female,2,5.0,Deluxe,5.0,Married,1.0,0,4,1,0.0,Manager,20208.0
1152,0,21.0,Self Enquiry,1,11.0,Small Business,Male,3,3.0,Basic,3.0,Single,2.0,0,1,1,1.0,Executive,18117.0
1153,1,18.0,Company Invited,3,9.0,Small Business,Female,3,3.0,Basic,3.0,Single,2.0,1,5,0,1.0,Executive,16569.0
1155,0,39.0,Self Enquiry,1,9.0,Small Business,Male,3,4.0,Deluxe,3.0,Married,1.0,0,4,0,2.0,Manager,18069.0
1156,0,40.0,Self Enquiry,1,21.0,Salaried,Female,3,4.0,Standard,3.0,Married,2.0,0,1,1,1.0,Senior Manager,25435.0
1158,0,37.0,Self Enquiry,1,25.0,Salaried,Male,2,3.0,Deluxe,3.0,Married,4.0,0,1,0,0.0,Manager,20768.0
1160,0,45.0,Self Enquiry,1,8.0,Salaried,Female,2,4.0,Deluxe,3.0,Married,2.0,0,4,1,1.0,Manager,20770.0
1161,0,38.0,Self Enquiry,1,8.0,Small Business,Female,2,4.0,Standard,3.0,Married,4.0,1,5,1,1.0,Senior Manager,22756.0
1162,1,35.0,Self Enquiry,3,16.0,Small Business,Male,2,4.0,Standard,5.0,Married,1.0,0,5,1,1.0,Senior Manager,25306.0
1164,0,40.0,Self Enquiry,1,22.0,Salaried,Female,2,3.0,Standard,3.0,Unmarried,7.0,1,4,1,0.0,Senior Manager,22945.0
1165,0,44.0,Company Invited,2,6.0,Salaried,Male,2,3.0,Deluxe,3.0,Married,5.0,1,5,1,1.0,Manager,20743.0
1166,0,48.0,Company Invited,1,10.0,Small Business,Male,2,4.0,Super Deluxe,3.0,Married,3.0,0,5,1,1.0,AVP,30202.0
1167,1,35.0,Self Enquiry,3,21.0,Small Business,Male,2,5.0,Deluxe,3.0,Married,7.0,1,1,1,1.0,Manager,20440.0
1170,0,27.0,Company Invited,1,8.0,Small Business,Male,2,3.0,Basic,3.0,Single,3.0,0,3,0,1.0,Executive,17580.0
1171,1,40.0,Self Enquiry,1,13.0,Salaried,Male,3,3.0,Basic,5.0,Single,4.0,1,3,0,1.0,Executive,17166.0
1172,0,29.0,Self Enquiry,3,16.0,Small Business,Male,2,4.0,Deluxe,3.0,Single,1.0,0,4,1,0.0,Manager,20869.0
1173,0,36.0,Self Enquiry,1,11.0,Salaried,Female,2,3.0,Standard,5.0,Married,5.0,0,4,1,1.0,Senior Manager,23008.0
1174,0,25.0,Company Invited,1,8.0,Salaried,Male,3,1.0,Deluxe,3.0,Married,2.0,0,1,0,1.0,Manager,20206.0
1175,0,39.0,Self Enquiry,1,18.0,Small Business,Male,3,3.0,Deluxe,4.0,Married,5.0,0,3,1,1.0,Manager,20295.0
1176,0,49.0,Self Enquiry,1,28.0,Salaried,Female,3,3.0,Super Deluxe,4.0,Married,4.0,0,4,0,1.0,AVP,31413.0
1177,0,50.0,Self Enquiry,1,23.0,Salaried,Female,2,4.0,Standard,5.0,Married,6.0,0,3,1,0.0,Senior Manager,28269.0
1178,0,20.0,Self Enquiry,3,8.0,Small Business,Female,2,3.0,Basic,3.0,Single,2.0,0,4,0,0.0,Executive,17783.0
1179,0,34.0,Self Enquiry,1,9.0,Salaried,Female,3,3.0,Deluxe,4.0,Married,2.0,0,5,1,2.0,Manager,20433.0
1180,0,36.0,Self Enquiry,1,13.0,Salaried,Male,3,3.0,Basic,4.0,Single,3.0,0,1,0,2.0,Executive,17013.0
1181,0,49.0,Self Enquiry,1,12.0,Salaried,Female,2,4.0,Super Deluxe,3.0,Married,3.0,1,5,1,0.0,AVP,28966.0
1183,0,36.0,Self Enquiry,1,9.0,Salaried,Male,3,1.0,Deluxe,5.0,Married,7.0,0,1,1,2.0,Manager,21842.0
1184,0,54.0,Self Enquiry,1,28.0,Small Business,Female,3,3.0,Super Deluxe,3.0,Married,4.0,0,1,1,1.0,AVP,32426.0
1185,0,43.0,Self Enquiry,1,21.0,Salaried,Male,3,4.0,Super Deluxe,3.0,Married,2.0,0,3,1,1.0,AVP,32603.0
1189,0,33.0,Self Enquiry,3,8.0,Small Business,Male,3,3.0,Deluxe,3.0,Married,2.0,0,3,1,1.0,Manager,20505.0
1190,0,32.0,Self Enquiry,1,8.0,Small Business,Male,2,3.0,Deluxe,4.0,Married,1.0,0,4,0,1.0,Manager,20470.0
1191,0,31.0,Self Enquiry,3,11.0,Salaried,Female,3,3.0,Deluxe,3.0,Married,2.0,0,1,0,2.0,Manager,20476.0
1192,0,49.0,Self Enquiry,1,22.0,Small Business,Female,3,3.0,Basic,5.0,Married,5.0,1,1,1,1.0,Executive,17587.0
1193,0,38.0,Company Invited,1,8.0,Small Business,Female,2,4.0,Basic,4.0,Single,2.0,0,1,1,0.0,Executive,17440.0
1194,0,47.0,Self Enquiry,3,8.0,Salaried,Female,2,1.0,Super Deluxe,4.0,Married,7.0,0,1,0,0.0,AVP,30972.0
1195,0,49.0,Self Enquiry,1,6.0,Salaried,Male,2,3.0,Super Deluxe,3.0,Single,5.0,0,3,1,0.0,AVP,30379.0
1196,0,41.0,Self Enquiry,3,29.0,Salaried,Male,3,3.0,Standard,3.0,Unmarried,4.0,1,3,0,2.0,Senior Manager,22082.0
1197,0,20.0,Self Enquiry,3,15.0,Salaried,Male,2,3.0,Basic,5.0,Single,2.0,0,1,0,1.0,Executive,17728.0
1198,0,33.0,Company Invited,3,22.0,Salaried,Female,2,3.0,Deluxe,3.0,Married,2.0,1,1,0,0.0,Manager,20368.0
1199,0,36.0,Self Enquiry,1,32.0,Salaried,Male,3,3.0,Deluxe,3.0,Married,7.0,0,3,1,0.0,Manager,20347.0
1200,0,44.0,Self Enquiry,2,6.0,Salaried,Female,2,3.0,Basic,3.0,Married,5.0,1,3,1,0.0,Executive,18195.0
1202,0,38.0,Self Enquiry,1,10.0,Small Business,Female,2,3.0,Basic,3.0,Married,1.0,0,5,0,0.0,Executive,18306.0
1203,0,53.0,Self Enquiry,1,30.0,Small Business,Male,2,1.0,Standard,3.0,Married,4.0,0,3,0,1.0,Senior Manager,22005.0
1204,1,48.0,Company Invited,3,13.0,Small Business,Female,3,3.0,Basic,3.0,Married,3.0,1,4,1,1.0,Executive,17655.0
1205,1,32.0,Self Enquiry,1,8.0,Salaried,Male,3,3.0,Basic,4.0,Single,2.0,0,3,1,1.0,Executive,16393.0
1206,0,26.0,Company Invited,1,13.0,Small Business,Male,3,3.0,Basic,3.0,Single,2.0,0,4,1,2.0,Executive,17570.0
1209,0,60.0,Self Enquiry,1,6.0,Small Business,Male,3,5.0,Standard,3.0,Married,4.0,0,5,0,0.0,Senior Manager,25883.0
1210,0,33.0,Self Enquiry,1,27.0,Small Business,Male,3,1.0,Basic,4.0,Married,2.0,0,1,1,1.0,Executive,17028.0
1211,0,37.0,Company Invited,3,6.0,Small Business,Male,2,5.0,Deluxe,3.0,Married,2.0,0,1,0,1.0,Manager,24525.0
1212,0,34.0,Self Enquiry,1,25.0,Salaried,Female,2,4.0,Basic,3.0,Married,2.0,0,4,1,1.0,Executive,17929.0
1213,1,23.0,Self Enquiry,3,13.0,Salaried,Male,2,3.0,Basic,3.0,Married,2.0,1,1,1,0.0,Executive,17275.0
1214,0,44.0,Self Enquiry,1,8.0,Salaried,Female,3,1.0,Standard,3.0,Married,2.0,1,4,1,0.0,Senior Manager,22879.0
1216,0,43.0,Self Enquiry,3,8.0,Small Business,Male,3,3.0,Deluxe,3.0,Married,2.0,1,3,0,0.0,Manager,22847.0
1218,0,41.0,Self Enquiry,3,12.0,Small Business,Male,2,3.0,Standard,3.0,Unmarried,2.0,0,5,1,0.0,Senior Manager,24241.0
1219,0,29.0,Self Enquiry,1,15.0,Small Business,Female,2,3.0,Basic,3.0,Married,1.0,0,5,1,1.0,Executive,17974.0
1221,0,45.0,Company Invited,1,6.0,Salaried,Male,3,4.0,Standard,3.0,Married,4.0,0,1,1,2.0,Senior Manager,25748.0
1222,1,24.0,Self Enquiry,2,28.0,Salaried,Male,2,5.0,Basic,3.0,Married,2.0,0,1,0,1.0,Executive,16555.0
1223,1,47.0,Company Invited,3,15.0,Salaried,Male,2,5.0,Super Deluxe,3.0,Married,1.0,0,5,1,1.0,AVP,27936.0
1224,0,26.0,Self Enquiry,1,23.0,Small Business,Male,3,5.0,Basic,3.0,Married,2.0,0,3,0,2.0,Executive,17305.0
1225,0,45.0,Self Enquiry,1,34.0,Large Business,Female,2,4.0,Super Deluxe,4.0,Single,2.0,0,3,1,0.0,AVP,31704.0
1228,0,41.0,Company Invited,2,10.0,Salaried,Male,2,5.0,Deluxe,4.0,Married,7.0,0,5,0,1.0,Manager,21430.0
1229,0,40.0,Self Enquiry,1,14.0,Salaried,Female,3,3.0,Deluxe,5.0,Married,3.0,1,1,0,0.0,Manager,21516.0
1231,0,46.0,Self Enquiry,1,19.0,Salaried,Male,2,3.0,Deluxe,4.0,Single,7.0,0,4,1,0.0,Manager,20562.0
1232,0,35.0,Self Enquiry,1,33.0,Salaried,Male,2,3.0,Deluxe,3.0,Married,3.0,0,5,0,1.0,Manager,21883.0
1233,0,30.0,Self Enquiry,1,22.0,Salaried,Male,2,3.0,Basic,3.0,Married,2.0,0,1,0,0.0,Executive,17862.0
1235,0,46.0,Self Enquiry,3,8.0,Salaried,Male,3,3.0,Standard,3.0,Married,5.0,1,3,0,2.0,Senior Manager,25368.0
1236,1,36.0,Self Enquiry,3,19.0,Small Business,Male,3,4.0,Deluxe,5.0,Married,6.0,1,1,1,0.0,Manager,21134.0
1237,1,32.0,Self Enquiry,3,6.0,Salaried,Male,2,5.0,Deluxe,4.0,Unmarried,7.0,0,3,0,1.0,Manager,21735.0
1238,0,23.0,Self Enquiry,1,10.0,Small Business,Female,2,3.0,Basic,4.0,Single,2.0,0,3,1,1.0,Executive,18295.0
1239,0,31.0,Company Invited,1,30.0,Large Business,Female,1,3.0,Deluxe,3.0,Single,3.0,0,1,1,0.0,Manager,20238.0
1240,0,39.0,Company Invited,1,6.0,Salaried,Male,3,3.0,Deluxe,3.0,Married,2.0,1,5,1,2.0,Manager,21472.0
1241,0,32.0,Self Enquiry,3,25.0,Salaried,Male,3,5.0,Standard,3.0,Married,4.0,0,3,1,2.0,Senior Manager,24610.0
1243,0,45.0,Self Enquiry,2,10.0,Salaried,Female,2,5.0,Standard,3.0,Married,5.0,0,1,1,1.0,Senior Manager,24756.0
1245,0,24.0,Company Invited,2,16.0,Small Business,Male,2,3.0,Basic,3.0,Married,1.0,0,4,1,1.0,Executive,17145.0
1246,1,30.0,Company Invited,2,14.0,Salaried,Female,3,4.0,Basic,3.0,Married,7.0,0,5,1,2.0,Executive,17180.0
1247,0,31.0,Self Enquiry,3,11.0,Large Business,Male,2,3.0,Deluxe,3.0,Married,2.0,0,5,0,1.0,Manager,23346.0
1249,1,29.0,Self Enquiry,3,15.0,Small Business,Female,2,5.0,Basic,4.0,Single,2.0,0,1,1,1.0,Executive,17760.0
1250,0,29.0,Company Invited,1,6.0,Salaried,Male,3,1.0,Deluxe,3.0,Unmarried,1.0,1,3,0,1.0,Manager,21294.0
1251,0,30.0,Self Enquiry,3,21.0,Small Business,Male,3,4.0,Standard,5.0,Married,3.0,0,1,0,2.0,Senior Manager,22140.0
1252,0,34.0,Self Enquiry,1,8.0,Small Business,Male,3,1.0,Basic,3.0,Married,1.0,1,1,0,1.0,Executive,17932.0
1253,0,33.0,Company Invited,3,8.0,Small Business,Female,3,3.0,Deluxe,4.0,Single,1.0,0,1,0,0.0,Manager,20147.0
1255,1,33.0,Self Enquiry,3,22.0,Salaried,Fe Male,3,3.0,Standard,5.0,Unmarried,3.0,1,5,0,0.0,Senior Manager,23564.0
1256,0,38.0,Company Invited,1,8.0,Small Business,Female,3,4.0,Basic,4.0,Married,5.0,0,3,0,0.0,Executive,17468.0
1257,1,31.0,Self Enquiry,3,22.0,Small Business,Male,3,3.0,Standard,3.0,Married,3.0,0,5,1,0.0,Senior Manager,23161.0
1258,0,29.0,Self Enquiry,1,10.0,Large Business,Female,3,4.0,Basic,5.0,Married,2.0,0,4,0,0.0,Executive,17109.0
1259,0,30.0,Self Enquiry,1,22.0,Salaried,Male,2,1.0,Deluxe,3.0,Married,4.0,0,1,1,0.0,Manager,20294.0
1260,0,32.0,Company Invited,1,11.0,Large Business,Male,3,3.0,Basic,4.0,Single,3.0,0,3,1,1.0,Executive,17718.0
1261,0,38.0,Self Enquiry,1,24.0,Small Business,Male,2,5.0,Deluxe,3.0,Married,4.0,1,5,0,1.0,Manager,20811.0
1262,1,43.0,Company Invited,1,23.0,Large Business,Male,2,4.0,Basic,3.0,Married,1.0,1,5,1,1.0,Executive,17437.0
1263,0,42.0,Self Enquiry,1,18.0,Small Business,Male,2,3.0,Basic,4.0,Married,1.0,0,1,1,1.0,Executive,17766.0
1264,0,55.0,Self Enquiry,1,8.0,Small Business,Male,2,4.0,King,5.0,Married,1.0,0,5,0,1.0,VP,34038.0
1265,0,33.0,Company Invited,1,10.0,Large Business,Male,2,3.0,Deluxe,4.0,Married,6.0,0,1,0,0.0,Manager,18055.0
1266,0,41.0,Self Enquiry,1,15.0,Salaried,Male,3,3.0,Basic,5.0,Married,2.0,0,5,1,1.0,Executive,17289.0
1268,0,53.0,Company Invited,1,6.0,Small Business,Female,2,4.0,Super Deluxe,3.0,Married,5.0,1,1,0,0.0,AVP,27965.0
1270,0,34.0,Self Enquiry,3,9.0,Salaried,Female,2,5.0,Deluxe,3.0,Single,6.0,0,1,1,0.0,Manager,21029.0
1271,1,21.0,Self Enquiry,3,13.0,Small Business,Male,2,3.0,Basic,4.0,Single,2.0,0,5,1,1.0,Executive,17679.0
1273,1,22.0,Self Enquiry,1,14.0,Small Business,Female,3,3.0,Basic,5.0,Married,2.0,1,3,0,1.0,Executive,17398.0
1274,0,31.0,Self Enquiry,3,35.0,Small Business,Female,3,4.0,Deluxe,3.0,Married,2.0,0,3,1,0.0,Manager,20468.0
1275,0,51.0,Self Enquiry,1,9.0,Large Business,Female,2,3.0,Standard,3.0,Married,3.0,0,4,1,1.0,Senior Manager,28116.0
1277,0,46.0,Self Enquiry,1,8.0,Small Business,Male,2,3.0,King,3.0,Married,1.0,1,1,1,1.0,VP,34328.0
1278,0,36.0,Self Enquiry,1,16.0,Salaried,Male,2,3.0,Standard,5.0,Married,1.0,1,5,1,1.0,Senior Manager,23321.0
1279,1,44.0,Company Invited,1,6.0,Small Business,Male,2,3.0,Basic,4.0,Married,2.0,1,3,1,1.0,Executive,17342.0
1281,1,35.0,Self Enquiry,3,33.0,Salaried,Male,2,3.0,Deluxe,3.0,Single,2.0,1,5,0,0.0,Manager,20813.0
1282,0,33.0,Self Enquiry,1,14.0,Salaried,Male,2,1.0,Basic,5.0,Married,7.0,0,3,1,1.0,Executive,18143.0
1283,0,28.0,Self Enquiry,1,6.0,Salaried,Male,2,3.0,Basic,3.0,Married,2.0,0,1,0,0.0,Executive,17044.0
1284,0,39.0,Self Enquiry,1,16.0,Small Business,Male,3,3.0,Standard,3.0,Unmarried,1.0,0,3,1,0.0,Senior Manager,28464.0
1285,0,46.0,Company Invited,3,32.0,Salaried,Male,3,4.0,Deluxe,4.0,Unmarried,1.0,0,4,1,2.0,Manager,22991.0
1287,0,42.0,Self Enquiry,1,19.0,Small Business,Male,3,1.0,Deluxe,5.0,Married,6.0,0,4,1,0.0,Manager,20538.0
1288,0,35.0,Company Invited,1,8.0,Small Business,Male,2,3.0,Deluxe,3.0,Married,3.0,0,3,0,1.0,Manager,20762.0
1289,0,38.0,Company Invited,2,8.0,Salaried,Male,3,3.0,Basic,4.0,Married,6.0,0,3,1,2.0,Executive,17592.0
1290,1,34.0,Company Invited,1,15.0,Salaried,Male,3,3.0,Deluxe,5.0,Married,5.0,0,3,0,1.0,Manager,20346.0
1293,0,43.0,Company Invited,1,15.0,Salaried,Male,2,3.0,Basic,3.0,Single,5.0,0,3,0,1.0,Executive,17438.0
1294,0,41.0,Self Enquiry,1,11.0,Salaried,Male,2,1.0,Deluxe,4.0,Unmarried,4.0,0,5,1,0.0,Manager,21870.0
1295,0,41.0,Self Enquiry,3,10.0,Small Business,Female,2,3.0,Standard,3.0,Married,1.0,1,1,0,1.0,Senior Manager,25447.0
1296,0,30.0,Self Enquiry,1,16.0,Small Business,Fe Male,3,3.0,Standard,3.0,Unmarried,1.0,0,4,0,0.0,Senior Manager,24667.0
1297,1,26.0,Self Enquiry,2,26.0,Small Business,Female,3,3.0,Basic,4.0,Married,1.0,1,3,0,1.0,Executive,17148.0
1298,1,46.0,Self Enquiry,1,27.0,Small Business,Female,3,3.0,Deluxe,4.0,Married,5.0,0,3,1,2.0,Manager,23926.0
1299,0,40.0,Self Enquiry,1,6.0,Salaried,Female,2,3.0,Deluxe,3.0,Married,5.0,0,3,0,1.0,Manager,21513.0
1300,0,34.0,Self Enquiry,3,14.0,Large Business,Male,3,1.0,Deluxe,3.0,Married,2.0,0,1,0,2.0,Manager,21799.0
1301,0,58.0,Company Invited,3,8.0,Small Business,Male,2,3.0,Super Deluxe,4.0,Married,5.0,0,4,1,0.0,AVP,17705.0
1302,0,35.0,Self Enquiry,1,29.0,Small Business,Male,3,5.0,Basic,3.0,Married,1.0,0,1,1,0.0,Executive,17705.0
1303,0,47.0,Self Enquiry,1,10.0,Salaried,Female,3,4.0,Standard,4.0,Married,1.0,1,4,1,2.0,Senior Manager,25333.0
1305,0,54.0,Self Enquiry,1,13.0,Small Business,Female,3,3.0,Deluxe,3.0,Married,5.0,0,3,1,1.0,Manager,21854.0
1306,0,31.0,Company Invited,3,13.0,Small Business,Female,3,3.0,Standard,5.0,Married,3.0,0,1,1,2.0,Senior Manager,24637.0
1308,0,38.0,Self Enquiry,3,8.0,Small Business,Female,3,5.0,Deluxe,3.0,Married,3.0,1,3,0,0.0,Manager,20405.0
1310,0,58.0,Company Invited,1,21.0,Salaried,Male,2,3.0,Super Deluxe,3.0,Married,3.0,1,1,1,0.0,AVP,30787.0
1311,0,18.0,Company Invited,1,20.0,Small Business,Female,2,3.0,Basic,3.0,Single,2.0,0,5,1,0.0,Executive,16514.0
1312,1,31.0,Self Enquiry,2,24.0,Salaried,Male,2,1.0,Basic,5.0,Married,1.0,0,1,1,0.0,Executive,17956.0
1313,1,29.0,Self Enquiry,2,19.0,Salaried,Male,2,4.0,Basic,5.0,Married,5.0,1,5,1,1.0,Executive,17335.0
1314,0,45.0,Company Invited,3,8.0,Salaried,Female,3,3.0,Deluxe,3.0,Married,5.0,0,1,1,2.0,Manager,20154.0
1315,0,36.0,Self Enquiry,1,8.0,Salaried,Female,3,3.0,Deluxe,4.0,Married,5.0,1,4,0,0.0,Manager,21962.0
1316,0,43.0,Company Invited,3,8.0,Salaried,Male,3,3.0,Deluxe,3.0,Married,2.0,0,3,1,2.0,Manager,20675.0
1317,0,27.0,Company Invited,1,11.0,Salaried,Female,2,3.0,Basic,3.0,Single,1.0,1,1,1,1.0,Executive,17379.0
1320,0,42.0,Company Invited,1,16.0,Large Business,Male,2,3.0,Basic,3.0,Married,4.0,0,4,1,0.0,Executive,17936.0
1321,0,47.0,Self Enquiry,1,15.0,Salaried,Female,3,3.0,Basic,3.0,Single,5.0,0,3,1,0.0,Executive,17105.0
1322,0,46.0,Self Enquiry,1,8.0,Salaried,Male,2,3.0,Standard,3.0,Married,4.0,0,1,1,1.0,Senior Manager,23578.0
1323,0,28.0,Company Invited,2,6.0,Salaried,Male,2,3.0,Basic,3.0,Married,2.0,0,4,0,1.0,Executive,17706.0
1324,0,29.0,Self Enquiry,1,35.0,Salaried,Male,3,5.0,Deluxe,3.0,Married,1.0,0,5,1,2.0,Manager,21384.0
1326,1,32.0,Self Enquiry,3,8.0,Small Business,Male,2,4.0,Deluxe,4.0,Unmarried,1.0,1,1,1,0.0,Manager,24907.0
1327,0,46.0,Self Enquiry,3,9.0,Large Business,Female,2,1.0,Super Deluxe,5.0,Married,3.0,0,3,1,0.0,AVP,28225.0
1329,0,29.0,Self Enquiry,2,12.0,Small Business,Male,2,4.0,Basic,4.0,Married,2.0,0,3,1,1.0,Executive,17804.0
1330,0,43.0,Self Enquiry,1,12.0,Small Business,Female,2,4.0,King,3.0,Married,1.0,0,3,1,1.0,VP,34392.0
1332,1,29.0,Company Invited,1,30.0,Salaried,Male,3,4.0,Basic,3.0,Single,2.0,1,3,1,2.0,Executive,17439.0
1333,1,46.0,Self Enquiry,3,16.0,Salaried,Female,3,3.0,Standard,4.0,Married,6.0,0,1,0,2.0,Senior Manager,22314.0
1336,0,55.0,Self Enquiry,1,8.0,Large Business,Male,3,4.0,Basic,3.0,Married,1.0,0,5,0,0.0,Executive,17662.0
1337,0,28.0,Self Enquiry,3,9.0,Small Business,Female,3,3.0,Basic,4.0,Married,2.0,0,1,1,0.0,Executive,17856.0
1338,1,30.0,Self Enquiry,3,15.0,Small Business,Male,2,3.0,Basic,3.0,Single,2.0,0,5,0,0.0,Executive,16081.0
1339,1,22.0,Self Enquiry,1,13.0,Salaried,Male,3,3.0,Basic,4.0,Single,2.0,1,3,1,0.0,Executive,17472.0
1340,0,36.0,Self Enquiry,3,16.0,Large Business,Female,3,4.0,Deluxe,3.0,Married,2.0,1,1,1,2.0,Manager,20673.0
1342,0,34.0,Self Enquiry,3,10.0,Salaried,Male,3,3.0,Standard,3.0,Married,3.0,1,4,0,2.0,Senior Manager,24713.0
1343,0,29.0,Self Enquiry,1,13.0,Salaried,Male,2,3.0,Basic,5.0,Single,4.0,0,4,0,0.0,Executive,17062.0
1346,0,45.0,Self Enquiry,1,31.0,Salaried,Female,3,4.0,Deluxe,3.0,Married,1.0,0,4,0,0.0,Manager,20906.0
1348,0,40.0,Self Enquiry,1,6.0,Salaried,Male,3,3.0,Super Deluxe,5.0,Married,3.0,0,3,1,2.0,AVP,31823.0
1349,0,26.0,Self Enquiry,1,6.0,Salaried,Female,2,4.0,Basic,3.0,Married,2.0,1,4,0,0.0,Executive,17933.0
1350,0,27.0,Self Enquiry,3,8.0,Small Business,Female,2,1.0,Deluxe,3.0,Unmarried,1.0,0,1,0,1.0,Manager,21500.0
1351,0,48.0,Company Invited,1,28.0,Small Business,Female,2,3.0,Super Deluxe,3.0,Married,4.0,0,5,0,0.0,AVP,32174.0
1353,1,34.0,Company Invited,1,22.0,Large Business,Male,2,5.0,Basic,5.0,Married,2.0,1,3,1,0.0,Executive,17307.0
1354,1,56.0,Self Enquiry,1,30.0,Salaried,Male,3,3.0,Basic,3.0,Single,2.0,0,3,0,0.0,Executive,17587.0
1355,0,36.0,Self Enquiry,3,23.0,Small Business,Male,2,4.0,Deluxe,4.0,Married,3.0,0,4,1,0.0,Manager,20507.0
1357,0,42.0,Self Enquiry,1,12.0,Small Business,Male,2,3.0,Standard,5.0,Married,1.0,0,3,1,0.0,Senior Manager,28348.0
1358,0,31.0,Self Enquiry,3,16.0,Small Business,Female,2,3.0,Deluxe,3.0,Married,3.0,1,1,0,0.0,Manager,21583.0
1359,0,34.0,Self Enquiry,3,9.0,Small Business,Female,3,4.0,Deluxe,3.0,Married,4.0,1,3,0,0.0,Manager,23103.0
1361,0,26.0,Company Invited,1,12.0,Salaried,Male,3,1.0,Basic,3.0,Married,1.0,0,4,1,1.0,Executive,17544.0
1362,0,45.0,Company Invited,1,6.0,Small Business,Male,2,3.0,Deluxe,3.0,Single,5.0,0,1,1,1.0,Manager,20399.0
1363,0,33.0,Self Enquiry,3,16.0,Small Business,Male,2,3.0,Deluxe,3.0,Single,2.0,0,1,0,0.0,Manager,20487.0
1364,0,28.0,Company Invited,3,6.0,Salaried,Male,2,4.0,Deluxe,3.0,Married,2.0,1,1,0,0.0,Manager,21834.0
1365,1,29.0,Company Invited,3,30.0,Large Business,Male,2,1.0,Basic,5.0,Single,2.0,0,3,1,1.0,Executive,16091.0
1366,0,39.0,Company Invited,3,27.0,Salaried,Female,2,5.0,Deluxe,3.0,Married,7.0,0,5,0,0.0,Manager,20736.0
1367,0,27.0,Self Enquiry,1,8.0,Large Business,Male,2,3.0,Basic,4.0,Married,2.0,0,4,1,1.0,Executive,17226.0
1368,0,34.0,Company Invited,1,28.0,Salaried,Male,2,4.0,Deluxe,3.0,Married,2.0,1,1,1,0.0,Manager,20747.0
1369,1,28.0,Self Enquiry,3,19.0,Small Business,Fe Male,2,3.0,Deluxe,3.0,Unmarried,4.0,1,5,1,1.0,Manager,24854.0
1370,0,47.0,Company Invited,1,20.0,Large Business,Male,3,3.0,Deluxe,4.0,Married,1.0,0,3,0,2.0,Manager,20467.0
1371,0,56.0,Self Enquiry,3,17.0,Small Business,Female,2,4.0,Deluxe,5.0,Married,5.0,0,5,0,1.0,Manager,20380.0
1372,0,39.0,Self Enquiry,1,15.0,Small Business,Male,2,3.0,Deluxe,5.0,Married,2.0,0,4,1,0.0,Manager,20151.0
1373,0,38.0,Company Invited,1,14.0,Small Business,Female,2,4.0,Deluxe,4.0,Married,2.0,1,1,1,0.0,Manager,17133.0
1374,0,58.0,Self Enquiry,3,27.0,Salaried,Female,3,3.0,Super Deluxe,3.0,Married,5.0,1,5,1,0.0,AVP,32875.0
1375,1,32.0,Company Invited,1,11.0,Salaried,Female,2,1.0,Basic,3.0,Single,4.0,1,1,0,1.0,Executive,17432.0
1377,0,49.0,Company Invited,1,8.0,Salaried,Male,2,3.0,King,3.0,Married,4.0,0,3,1,0.0,VP,34161.0
1378,0,42.0,Self Enquiry,3,18.0,Small Business,Male,3,3.0,Deluxe,3.0,Married,4.0,1,1,0,0.0,Manager,20087.0
1379,1,27.0,Company Invited,2,28.0,Salaried,Female,2,4.0,Basic,4.0,Married,2.0,0,1,1,0.0,Executive,17863.0
1380,0,35.0,Self Enquiry,3,24.0,Small Business,Male,3,3.0,Deluxe,5.0,Married,1.0,0,3,0,0.0,Manager,17144.0
1381,0,28.0,Company Invited,1,22.0,Small Business,Male,2,3.0,Basic,3.0,Single,2.0,0,3,0,0.0,Executive,17144.0
1382,0,31.0,Company Invited,1,9.0,Small Business,Male,2,3.0,Basic,5.0,Married,2.0,1,1,0,0.0,Executive,18065.0
1383,0,36.0,Company Invited,1,15.0,Salaried,Male,3,1.0,Basic,4.0,Married,2.0,0,5,1,0.0,Executive,17810.0
1384,0,34.0,Self Enquiry,3,6.0,Small Business,Male,2,3.0,Standard,3.0,Unmarried,2.0,0,5,1,0.0,Senior Manager,24888.0
1385,0,34.0,Self Enquiry,3,19.0,Small Business,Male,2,3.0,Standard,3.0,Married,2.0,0,1,1,1.0,Senior Manager,23628.0
1386,0,26.0,Self Enquiry,1,6.0,Small Business,Male,3,3.0,Basic,5.0,Single,1.0,0,5,1,2.0,Executive,17867.0
1387,0,29.0,Self Enquiry,1,6.0,Salaried,Male,2,3.0,Deluxe,5.0,Married,1.0,0,3,1,0.0,Manager,20373.0
1388,0,32.0,Company Invited,1,21.0,Small Business,Female,2,3.0,Deluxe,3.0,Married,6.0,0,3,0,1.0,Manager,21667.0
1390,1,28.0,Self Enquiry,1,23.0,Large Business,Male,2,4.0,Basic,3.0,Married,6.0,0,3,0,1.0,Executive,17367.0
1391,0,38.0,Self Enquiry,3,6.0,Salaried,Male,2,4.0,Basic,5.0,Single,5.0,0,3,0,1.0,Executive,17858.0
1392,0,35.0,Self Enquiry,3,13.0,Salaried,Female,2,3.0,Deluxe,3.0,Married,2.0,1,4,1,1.0,Manager,20204.0
1394,0,32.0,Self Enquiry,1,11.0,Salaried,Male,2,4.0,Deluxe,3.0,Unmarried,1.0,0,1,0,1.0,Manager,24679.0
1395,1,31.0,Company Invited,3,32.0,Small Business,Male,3,3.0,Deluxe,3.0,Married,2.0,1,3,0,1.0,Manager,20617.0
1396,1,53.0,Self Enquiry,3,30.0,Salaried,Male,3,3.0,Standard,5.0,Unmarried,7.0,1,3,1,2.0,Senior Manager,25448.0
1397,0,54.0,Self Enquiry,1,15.0,Salaried,Female,3,3.0,Deluxe,3.0,Married,4.0,0,5,0,1.0,Manager,17897.0
1398,0,33.0,Company Invited,1,13.0,Salaried,Male,2,3.0,Deluxe,3.0,Married,2.0,0,5,1,1.0,Manager,20968.0
1399,0,43.0,Self Enquiry,1,17.0,Salaried,Male,1,3.0,Standard,3.0,Married,2.0,0,1,1,0.0,Senior Manager,22510.0
1400,0,38.0,Company Invited,2,6.0,Salaried,Male,2,3.0,Basic,4.0,Married,1.0,1,1,1,1.0,Executive,17991.0
1402,0,31.0,Self Enquiry,1,8.0,Small Business,Female,2,5.0,Basic,3.0,Married,2.0,1,5,1,0.0,Executive,16129.0
1403,0,39.0,Self Enquiry,3,21.0,Small Business,Male,3,3.0,Super Deluxe,5.0,Unmarried,1.0,0,1,1,2.0,AVP,28341.0
1405,0,31.0,Company Invited,1,16.0,Small Business,Female,2,3.0,Standard,3.0,Married,5.0,0,1,1,1.0,Senior Manager,26031.0
1408,0,23.0,Self Enquiry,1,18.0,Salaried,Male,3,3.0,Basic,3.0,Single,2.0,0,5,1,0.0,Executive,17647.0
1409,0,40.0,Company Invited,1,17.0,Large Business,Female,3,3.0,Deluxe,3.0,Married,2.0,0,3,1,1.0,Manager,21323.0
1410,0,40.0,Self Enquiry,3,8.0,Small Business,Female,3,3.0,Deluxe,4.0,Married,4.0,0,3,1,1.0,Manager,20677.0
1411,0,25.0,Self Enquiry,2,8.0,Salaried,Female,2,3.0,Basic,4.0,Married,5.0,0,4,0,0.0,Executive,17187.0
1414,0,47.0,Self Enquiry,1,31.0,Small Business,Male,2,3.0,Standard,3.0,Unmarried,3.0,0,3,1,0.0,Senior Manager,23633.0
1415,0,33.0,Company Invited,1,6.0,Small Business,Male,2,4.0,Basic,3.0,Married,2.0,0,3,0,0.0,Executive,17008.0
1417,0,31.0,Self Enquiry,3,8.0,Salaried,Male,2,3.0,Basic,3.0,Married,1.0,0,4,1,0.0,Executive,18067.0
1418,0,38.0,Company Invited,1,12.0,Salaried,Male,3,4.0,Deluxe,3.0,Married,3.0,0,4,1,1.0,Manager,20321.0
1419,0,42.0,Self Enquiry,1,24.0,Salaried,Male,2,3.0,Deluxe,5.0,Married,7.0,1,1,0,0.0,Manager,20410.0
1420,0,41.0,Self Enquiry,1,6.0,Salaried,Male,3,3.0,Basic,3.0,Married,4.0,0,1,0,0.0,Executive,17782.0
1421,0,47.0,Company Invited,1,6.0,Small Business,Female,3,3.0,Standard,4.0,Married,1.0,0,5,0,0.0,Senior Manager,26957.0
1422,0,35.0,Self Enquiry,1,17.0,Small Business,Male,2,3.0,Basic,3.0,Married,1.0,1,5,0,0.0,Executive,17660.0
1424,0,35.0,Self Enquiry,1,15.0,Small Business,Male,2,3.0,Deluxe,3.0,Single,2.0,0,4,0,1.0,Manager,20098.0
1426,0,32.0,Self Enquiry,1,35.0,Salaried,Female,2,4.0,Basic,4.0,Single,2.0,0,3,1,0.0,Executive,17837.0
1427,0,40.0,Self Enquiry,1,6.0,Salaried,Male,2,3.0,Basic,3.0,Married,1.0,0,1,0,0.0,Executive,17406.0
1428,0,32.0,Self Enquiry,3,6.0,Small Business,Male,3,4.0,Basic,4.0,Married,1.0,0,1,0,2.0,Executive,17269.0
1430,0,38.0,Self Enquiry,1,16.0,Small Business,Female,2,5.0,Standard,3.0,Married,4.0,0,1,1,1.0,Senior Manager,28206.0
1431,0,32.0,Self Enquiry,3,6.0,Small Business,Female,2,3.0,Standard,3.0,Married,2.0,0,5,1,0.0,Senior Manager,25422.0
1432,0,37.0,Self Enquiry,1,16.0,Salaried,Female,2,1.0,Standard,3.0,Married,2.0,1,1,0,1.0,Senior Manager,28744.0
1433,0,25.0,Self Enquiry,3,14.0,Salaried,Female,2,3.0,Deluxe,3.0,Married,1.0,1,1,1,1.0,Manager,19907.0
1435,0,44.0,Self Enquiry,1,6.0,Small Business,Male,2,3.0,Basic,3.0,Single,7.0,1,4,0,1.0,Executive,17436.0
1436,0,21.0,Self Enquiry,3,11.0,Small Business,Male,2,3.0,Basic,5.0,Single,2.0,1,1,1,0.0,Executive,17380.0
1437,0,39.0,Company Invited,1,15.0,Salaried,Male,2,3.0,King,3.0,Single,3.0,0,4,0,1.0,VP,34431.0
1438,1,23.0,Company Invited,3,15.0,Small Business,Male,2,3.0,Basic,5.0,Married,2.0,0,5,1,0.0,Executive,16790.0
1439,0,36.0,Self Enquiry,3,9.0,Small Business,Female,3,4.0,Standard,3.0,Married,1.0,0,3,1,0.0,Senior Manager,22644.0
1440,0,36.0,Company Invited,1,10.0,Salaried,Female,3,3.0,Deluxe,4.0,Married,1.0,0,3,1,1.0,Manager,20131.0
1441,0,56.0,Company Invited,1,6.0,Salaried,Male,2,3.0,Deluxe,3.0,Married,2.0,0,3,0,0.0,Manager,21306.0
1443,0,42.0,Self Enquiry,1,8.0,Salaried,Male,2,3.0,King,3.0,Married,6.0,0,3,1,1.0,VP,33880.0
1444,1,56.0,Self Enquiry,1,13.0,Large Business,Male,3,3.0,Basic,3.0,Married,1.0,0,4,1,2.0,Executive,17339.0
1445,0,41.0,Self Enquiry,1,34.0,Salaried,Female,2,4.0,Super Deluxe,4.0,Married,1.0,0,5,1,1.0,AVP,28570.0
1446,0,34.0,Self Enquiry,3,34.0,Small Business,Female,3,4.0,Deluxe,3.0,Married,2.0,0,5,1,0.0,Manager,21712.0
1447,0,36.0,Company Invited,3,21.0,Small Business,Male,2,5.0,Deluxe,3.0,Married,2.0,0,1,1,0.0,Manager,20406.0
1448,0,41.0,Self Enquiry,3,9.0,Salaried,Male,2,4.0,Deluxe,4.0,Married,3.0,0,3,0,1.0,Manager,23938.0
1449,0,32.0,Self Enquiry,1,8.0,Large Business,Male,3,3.0,Basic,5.0,Single,2.0,0,1,1,1.0,Executive,17439.0
1450,0,35.0,Self Enquiry,2,32.0,Salaried,Fe Male,2,3.0,Standard,3.0,Unmarried,2.0,1,1,1,0.0,Senior Manager,23837.0
1451,0,38.0,Self Enquiry,3,16.0,Salaried,Female,3,3.0,Deluxe,3.0,Married,2.0,0,4,0,2.0,Manager,20343.0
1452,1,50.0,Company Invited,3,6.0,Salaried,Male,3,3.0,Deluxe,3.0,Married,1.0,0,3,1,1.0,Manager,21728.0
1453,0,36.0,Self Enquiry,3,17.0,Small Business,Female,3,4.0,Deluxe,3.0,Married,5.0,0,1,1,1.0,Manager,21652.0
1455,0,40.0,Self Enquiry,1,8.0,Salaried,Male,2,4.0,Basic,3.0,Single,3.0,0,5,0,1.0,Executive,17809.0
1456,0,35.0,Company Invited,1,24.0,Salaried,Male,3,3.0,Deluxe,3.0,Married,2.0,1,3,1,0.0,Manager,20689.0
1457,0,40.0,Self Enquiry,1,8.0,Small Business,Female,3,3.0,Basic,3.0,Married,3.0,0,1,1,1.0,Executive,17001.0
1458,0,35.0,Self Enquiry,1,6.0,Salaried,Female,3,5.0,Basic,3.0,Married,2.0,0,3,0,1.0,Executive,17977.0
1461,1,50.0,Self Enquiry,3,34.0,Small Business,Male,2,4.0,Standard,5.0,Married,5.0,1,5,0,0.0,Senior Manager,25854.0
1462,0,39.0,Self Enquiry,3,30.0,Small Business,Female,2,4.0,Super Deluxe,3.0,Married,1.0,0,1,1,1.0,AVP,27031.0
1463,0,31.0,Company Invited,1,11.0,Small Business,Male,3,3.0,Deluxe,5.0,Unmarried,1.0,0,1,0,2.0,Manager,24936.0
1464,0,26.0,Self Enquiry,3,11.0,Salaried,Female,1,4.0,Basic,3.0,Single,1.0,0,1,0,0.0,Executive,17966.0
1465,0,36.0,Company Invited,1,29.0,Small Business,Male,2,1.0,Deluxe,3.0,Married,5.0,0,3,0,0.0,Manager,17571.0
1466,0,39.0,Self Enquiry,1,12.0,Small Business,Male,2,4.0,Standard,5.0,Married,5.0,0,4,1,0.0,Senior Manager,24991.0
1467,0,27.0,Self Enquiry,1,10.0,Salaried,Male,2,1.0,Deluxe,4.0,Married,2.0,1,4,1,0.0,Manager,21142.0
1468,0,49.0,Company Invited,3,8.0,Small Business,Male,3,4.0,Deluxe,4.0,Married,3.0,0,3,1,2.0,Manager,20390.0
1470,1,41.0,Self Enquiry,3,6.0,Salaried,Female,3,3.0,Deluxe,3.0,Single,1.0,1,4,0,2.0,Manager,20993.0
1471,0,49.0,Company Invited,1,14.0,Salaried,Male,3,4.0,Deluxe,4.0,Married,2.0,0,1,0,0.0,Manager,20130.0
1472,1,37.0,Self Enquiry,1,8.0,Salaried,Male,3,4.0,Basic,3.0,Single,7.0,1,3,0,2.0,Executive,17090.0
1473,0,33.0,Company Invited,1,9.0,Salaried,Female,2,3.0,Basic,3.0,Married,2.0,1,1,1,1.0,Executive,17909.0
1475,0,32.0,Company Invited,1,8.0,Salaried,Male,3,3.0,Basic,3.0,Single,1.0,0,3,1,1.0,Executive,18068.0
1476,0,59.0,Self Enquiry,1,9.0,Small Business,Female,2,1.0,Basic,5.0,Married,5.0,1,1,0,1.0,Executive,17670.0
1477,0,30.0,Self Enquiry,1,30.0,Salaried,Male,3,3.0,Basic,3.0,Married,2.0,0,3,1,2.0,Executive,17693.0
1478,0,38.0,Company Invited,1,29.0,Salaried,Male,2,4.0,Standard,3.0,Unmarried,1.0,0,3,1,0.0,Senior Manager,24526.0
1479,0,36.0,Self Enquiry,1,33.0,Small Business,Male,3,3.0,Deluxe,3.0,Married,7.0,0,3,0,0.0,Manager,20237.0
1480,0,35.0,Self Enquiry,1,22.0,Small Business,Male,2,1.0,Basic,4.0,Married,1.0,0,4,1,1.0,Executive,17426.0
1482,0,31.0,Self Enquiry,1,32.0,Salaried,Male,2,3.0,Basic,3.0,Married,2.0,0,3,1,1.0,Executive,17911.0
1483,0,34.0,Self Enquiry,1,25.0,Small Business,Male,3,3.0,Basic,3.0,Married,1.0,0,3,0,0.0,Executive,17661.0
1484,1,28.0,Self Enquiry,1,30.0,Salaried,Male,2,4.0,Basic,3.0,Single,6.0,1,1,0,0.0,Executive,17028.0
1485,0,29.0,Self Enquiry,1,27.0,Salaried,Female,2,1.0,Standard,5.0,Married,2.0,0,5,1,1.0,Senior Manager,24980.0
1486,0,32.0,Self Enquiry,1,11.0,Salaried,Male,3,1.0,Basic,4.0,Married,1.0,1,1,1,2.0,Executive,18298.0
1487,0,22.0,Company Invited,1,22.0,Small Business,Male,3,1.0,Basic,3.0,Married,2.0,1,3,0,2.0,Executive,17935.0
1488,0,53.0,Self Enquiry,3,8.0,Salaried,Female,3,4.0,Super Deluxe,3.0,Married,3.0,0,3,0,0.0,AVP,30427.0
1492,0,34.0,Self Enquiry,1,13.0,Salaried,Fe Male,2,3.0,Standard,4.0,Unmarried,1.0,0,5,0,0.0,Senior Manager,26994.0
1493,0,21.0,Self Enquiry,1,21.0,Salaried,Male,3,3.0,Basic,3.0,Single,2.0,0,5,1,1.0,Executive,16232.0
1494,1,34.0,Self Enquiry,1,12.0,Small Business,Male,2,3.0,Basic,5.0,Single,3.0,0,4,0,0.0,Executive,17960.0
1495,0,53.0,Self Enquiry,1,11.0,Salaried,Female,2,3.0,King,3.0,Married,5.0,0,4,1,0.0,VP,34094.0
1497,0,42.0,Self Enquiry,3,14.0,Small Business,Male,2,3.0,Deluxe,4.0,Married,1.0,0,3,1,0.0,Manager,21825.0
1498,0,44.0,Self Enquiry,1,13.0,Small Business,Female,2,4.0,Standard,3.0,Married,4.0,0,4,0,0.0,Senior Manager,25248.0
1499,0,46.0,Self Enquiry,3,8.0,Small Business,Female,2,3.0,King,5.0,Single,4.0,0,1,1,1.0,VP,33947.0
1500,0,33.0,Self Enquiry,1,8.0,Small Business,Male,3,3.0,Basic,3.0,Single,5.0,0,3,0,2.0,Executive,17496.0
1501,0,44.0,Self Enquiry,1,16.0,Salaried,Male,2,3.0,Deluxe,3.0,Married,3.0,1,3,0,1.0,Manager,21465.0
1502,0,30.0,Self Enquiry,1,15.0,Small Business,Male,2,4.0,Basic,3.0,Single,2.0,0,4,0,1.0,Executive,17206.0
1503,1,39.0,Self Enquiry,3,11.0,Large Business,Male,2,3.0,Deluxe,3.0,Married,4.0,0,1,0,0.0,Manager,17086.0
1504,1,24.0,Self Enquiry,1,6.0,Small Business,Male,3,3.0,Basic,3.0,Married,3.0,1,3,0,2.0,Executive,17293.0
1505,0,43.0,Self Enquiry,1,8.0,Small Business,Female,3,1.0,Basic,3.0,Married,2.0,0,1,1,2.0,Executive,17645.0
1506,1,50.0,Self Enquiry,3,9.0,Small Business,Male,2,4.0,Basic,3.0,Married,2.0,1,4,1,1.0,Executive,17683.0
1507,0,35.0,Self Enquiry,3,8.0,Small Business,Female,3,3.0,Basic,3.0,Married,2.0,0,1,1,2.0,Executive,17014.0
1509,0,33.0,Company Invited,3,6.0,Salaried,Female,2,1.0,Deluxe,5.0,Married,3.0,0,3,0,1.0,Manager,20376.0
1510,0,35.0,Self Enquiry,1,10.0,Salaried,Male,3,3.0,Basic,3.0,Married,2.0,0,4,1,1.0,Executive,16951.0
1511,0,27.0,Self Enquiry,1,8.0,Salaried,Female,2,3.0,Basic,5.0,Married,2.0,0,3,1,1.0,Executive,17341.0
1512,1,26.0,Self Enquiry,1,31.0,Salaried,Male,2,5.0,Basic,3.0,Single,2.0,0,1,0,0.0,Executive,17293.0
1513,0,27.0,Company Invited,3,14.0,Salaried,Male,2,3.0,Standard,3.0,Unmarried,2.0,0,1,1,0.0,Senior Manager,23726.0
1515,1,41.0,Self Enquiry,1,18.0,Large Business,Female,2,3.0,King,3.0,Married,2.0,0,4,1,1.0,VP,34545.0
1517,0,37.0,Self Enquiry,1,25.0,Salaried,Male,3,3.0,Basic,4.0,Married,5.0,0,4,0,1.0,Executive,18022.0
1518,0,46.0,Company Invited,3,11.0,Small Business,Male,3,3.0,Deluxe,3.0,Single,5.0,1,5,1,1.0,Manager,20772.0
1519,0,35.0,Self Enquiry,1,14.0,Salaried,Male,2,1.0,Basic,3.0,Married,2.0,0,5,1,1.0,Executive,17269.0
1520,1,48.0,Self Enquiry,1,6.0,Salaried,Male,3,4.0,Standard,3.0,Single,1.0,1,5,0,0.0,Senior Manager,20381.0
1522,0,44.0,Self Enquiry,3,6.0,Small Business,Female,3,3.0,Deluxe,5.0,Married,6.0,1,1,1,1.0,Manager,20454.0
1523,0,35.0,Company Invited,1,17.0,Small Business,Male,3,4.0,Standard,5.0,Married,3.0,1,5,1,2.0,Senior Manager,24884.0
1525,0,33.0,Company Invited,1,6.0,Salaried,Fe Male,3,3.0,Standard,3.0,Unmarried,2.0,1,1,1,0.0,Senior Manager,28458.0
1526,0,35.0,Company Invited,3,5.0,Salaried,Male,3,3.0,Standard,5.0,Married,2.0,0,4,0,0.0,Senior Manager,24069.0
1528,0,31.0,Self Enquiry,1,13.0,Salaried,Male,2,3.0,Deluxe,3.0,Married,4.0,0,3,0,1.0,Manager,20915.0
1529,0,37.0,Self Enquiry,1,6.0,Salaried,Male,2,4.0,Deluxe,3.0,Married,2.0,0,5,0,0.0,Manager,20993.0
1530,0,32.0,Self Enquiry,1,6.0,Small Business,Male,2,3.0,Deluxe,3.0,Married,2.0,1,4,1,1.0,Manager,21162.0
1531,0,38.0,Company Invited,1,35.0,Salaried,Female,2,3.0,Deluxe,3.0,Single,2.0,0,3,1,0.0,Manager,17406.0
1532,0,50.0,Self Enquiry,1,13.0,Small Business,Female,2,4.0,King,3.0,Married,6.0,1,4,1,1.0,VP,33740.0
1533,0,59.0,Self Enquiry,3,31.0,Salaried,Female,4,3.0,Standard,5.0,Unmarried,1.0,0,3,1,1.0,Senior Manager,22637.0
1534,0,36.0,Self Enquiry,1,14.0,Large Business,Female,2,3.0,Standard,3.0,Married,2.0,0,4,1,0.0,Senior Manager,25096.0
1535,0,55.0,Self Enquiry,1,14.0,Small Business,Female,2,3.0,Super Deluxe,3.0,Married,3.0,1,3,1,1.0,AVP,29756.0
1536,0,36.0,Company Invited,1,17.0,Salaried,Male,3,4.0,Deluxe,4.0,Unmarried,2.0,0,4,1,1.0,Manager,21499.0
1537,0,45.0,Self Enquiry,1,13.0,Salaried,Male,2,3.0,Standard,5.0,Married,3.0,0,3,0,0.0,Senior Manager,24724.0
1538,0,35.0,Company Invited,1,6.0,Small Business,Male,3,3.0,Basic,5.0,Married,5.0,0,1,0,1.0,Executive,17194.0
1540,0,59.0,Company Invited,3,6.0,Salaried,Female,2,4.0,Deluxe,3.0,Single,1.0,0,5,1,0.0,Manager,20473.0
1541,0,29.0,Self Enquiry,1,8.0,Salaried,Male,3,3.0,Basic,4.0,Married,1.0,0,4,1,0.0,Executive,17703.0
1542,0,31.0,Self Enquiry,1,6.0,Small Business,Male,2,3.0,Basic,4.0,Single,2.0,0,3,1,0.0,Executive,17501.0
1543,0,32.0,Self Enquiry,1,6.0,Salaried,Male,3,3.0,Deluxe,4.0,Married,2.0,0,3,1,0.0,Manager,21220.0
1544,0,36.0,Self Enquiry,1,12.0,Salaried,Female,2,1.0,Basic,3.0,Married,4.0,0,1,0,0.0,Executive,18038.0
1547,0,45.0,Self Enquiry,1,12.0,Salaried,Male,2,3.0,Standard,5.0,Married,5.0,1,3,1,1.0,Senior Manager,28245.0
1548,0,37.0,Self Enquiry,1,13.0,Small Business,Male,1,3.0,Standard,3.0,Single,5.0,0,1,0,0.0,Senior Manager,28664.0
1550,0,30.0,Self Enquiry,1,6.0,Salaried,Male,2,4.0,Deluxe,3.0,Married,2.0,1,1,1,1.0,Manager,20126.0
1551,0,35.0,Self Enquiry,1,6.0,Small Business,Male,1,4.0,Basic,3.0,Single,2.0,0,4,1,0.0,Executive,17859.0
1552,0,55.0,Self Enquiry,3,6.0,Salaried,Male,3,3.0,Standard,3.0,Married,4.0,0,1,0,2.0,Senior Manager,25239.0
1553,0,38.0,Company Invited,1,12.0,Small Business,Female,3,5.0,Deluxe,3.0,Married,1.0,1,1,0,2.0,Manager,20329.0
1555,0,56.0,Self Enquiry,1,13.0,Salaried,Male,2,5.0,Standard,3.0,Unmarried,5.0,0,1,0,0.0,Senior Manager,22260.0
1556,0,23.0,Self Enquiry,3,8.0,Large Business,Male,3,3.0,Basic,5.0,Married,4.0,0,3,1,2.0,Executive,17322.0
1557,0,51.0,Self Enquiry,1,15.0,Salaried,Male,3,3.0,Basic,3.0,Married,4.0,0,3,1,0.0,Executive,17075.0
1559,1,46.0,Self Enquiry,3,15.0,Small Business,Male,3,4.0,Standard,3.0,Unmarried,2.0,0,5,1,2.0,Senior Manager,24619.0
1560,0,40.0,Company Invited,1,6.0,Salaried,Male,3,4.0,Super Deluxe,4.0,Married,2.0,0,1,1,1.0,AVP,28503.0
1561,0,51.0,Self Enquiry,3,27.0,Small Business,Male,3,3.0,Deluxe,3.0,Single,1.0,1,5,0,2.0,Manager,20441.0
1562,0,30.0,Self Enquiry,3,10.0,Small Business,Female,3,4.0,Deluxe,4.0,Married,2.0,1,3,1,0.0,Manager,20209.0
1563,0,46.0,Company Invited,1,6.0,Small Business,Male,2,4.0,Standard,5.0,Married,3.0,1,1,1,1.0,Senior Manager,25673.0
1565,0,54.0,Self Enquiry,1,8.0,Large Business,Female,2,3.0,Standard,3.0,Married,1.0,0,4,0,0.0,Senior Manager,28549.0
1568,0,58.0,Self Enquiry,3,16.0,Small Business,Male,2,3.0,Super Deluxe,3.0,Single,1.0,0,3,0,1.0,AVP,28872.0
1569,0,44.0,Company Invited,1,29.0,Small Business,Male,3,3.0,Deluxe,4.0,Married,5.0,0,3,0,1.0,Manager,17042.0
1570,1,37.0,Self Enquiry,2,12.0,Salaried,Male,3,3.0,Basic,5.0,Married,5.0,1,1,0,2.0,Executive,17073.0
1571,0,32.0,Self Enquiry,1,6.0,Salaried,Male,3,3.0,Basic,5.0,Single,2.0,0,1,0,1.0,Executive,17956.0
1572,1,20.0,Company Invited,1,12.0,Salaried,Female,3,4.0,Basic,3.0,Single,2.0,1,1,0,0.0,Executive,17926.0
1574,0,37.0,Company Invited,1,8.0,Salaried,Male,3,4.0,Deluxe,3.0,Married,6.0,0,1,1,2.0,Manager,20163.0
1575,0,59.0,Company Invited,2,8.0,Salaried,Female,2,4.0,King,3.0,Married,1.0,0,1,0,1.0,VP,33844.0
1576,0,50.0,Company Invited,1,6.0,Salaried,Female,3,3.0,King,4.0,Married,4.0,1,1,0,2.0,VP,33172.0
1577,1,25.0,Self Enquiry,3,11.0,Small Business,Male,2,4.0,Deluxe,3.0,Single,2.0,1,3,0,1.0,Manager,20744.0
1578,0,25.0,Self Enquiry,1,13.0,Small Business,Male,3,4.0,Basic,3.0,Married,2.0,0,1,0,2.0,Executive,17889.0
1579,0,22.0,Self Enquiry,1,21.0,Small Business,Female,2,3.0,Basic,3.0,Single,2.0,0,1,1,1.0,Executive,17871.0
1580,0,51.0,Company Invited,1,6.0,Small Business,Female,1,4.0,Standard,5.0,Unmarried,4.0,0,1,1,0.0,Senior Manager,22484.0
1581,1,34.0,Company Invited,1,13.0,Salaried,Male,3,5.0,Deluxe,3.0,Single,2.0,1,5,1,0.0,Manager,21074.0
1582,0,54.0,Company Invited,2,32.0,Salaried,Female,1,1.0,Super Deluxe,3.0,Single,3.0,1,3,1,0.0,AVP,32328.0
1583,0,24.0,Self Enquiry,1,24.0,Salaried,Male,2,3.0,Basic,3.0,Married,1.0,0,4,0,0.0,Executive,17774.0
1585,0,37.0,Self Enquiry,3,9.0,Salaried,Male,2,3.0,Standard,3.0,Unmarried,3.0,0,3,0,1.0,Senior Manager,22428.0
1586,0,34.0,Self Enquiry,1,11.0,Small Business,Fe Male,2,4.0,Standard,5.0,Unmarried,3.0,0,1,1,1.0,Senior Manager,26631.0
1587,0,36.0,Company Invited,3,17.0,Large Business,Female,3,3.0,Standard,3.0,Married,1.0,0,5,0,2.0,Senior Manager,24738.0
1588,0,36.0,Self Enquiry,1,9.0,Salaried,Female,2,3.0,Basic,3.0,Married,6.0,0,1,0,1.0,Executive,17835.0
1589,0,43.0,Company Invited,3,32.0,Salaried,Male,3,3.0,Super Deluxe,3.0,Married,2.0,1,1,1,0.0,AVP,31959.0
1590,0,30.0,Company Invited,1,29.0,Salaried,Male,3,5.0,Basic,3.0,Married,2.0,0,3,0,0.0,Executive,17613.0
1591,0,33.0,Company Invited,3,28.0,Small Business,Male,3,3.0,Deluxe,4.0,Married,1.0,0,1,0,0.0,Manager,21146.0
1593,0,51.0,Self Enquiry,1,12.0,Salaried,Male,2,3.0,King,3.0,Single,1.0,0,5,1,1.0,VP,34537.0
1594,1,31.0,Self Enquiry,3,12.0,Salaried,Male,3,5.0,Deluxe,3.0,Married,5.0,1,3,0,2.0,Manager,21172.0
1595,0,26.0,Self Enquiry,1,12.0,Salaried,Female,2,4.0,Basic,4.0,Married,2.0,0,3,1,1.0,Executive,17368.0
1596,1,58.0,Self Enquiry,1,29.0,Small Business,Female,3,3.0,Standard,3.0,Married,2.0,0,3,1,0.0,Senior Manager,25312.0
1597,1,19.0,Self Enquiry,3,28.0,Small Business,Male,2,3.0,Basic,3.0,Single,2.0,1,1,1,0.0,Executive,16675.0
1598,0,22.0,Self Enquiry,1,8.0,Large Business,Male,3,3.0,Basic,3.0,Married,1.0,0,5,1,0.0,Executive,17523.0
1599,0,49.0,Self Enquiry,1,26.0,Small Business,Female,3,3.0,Deluxe,5.0,Married,2.0,0,1,1,0.0,Manager,21567.0
1601,0,50.0,Company Invited,3,18.0,Small Business,Fe Male,3,3.0,Standard,3.0,Unmarried,5.0,0,5,1,2.0,Senior Manager,24208.0
1603,0,41.0,Self Enquiry,3,15.0,Salaried,Male,3,3.0,Standard,3.0,Married,4.0,1,1,0,1.0,Senior Manager,23189.0
1604,0,26.0,Self Enquiry,2,31.0,Salaried,Female,3,3.0,Basic,3.0,Married,2.0,0,4,1,1.0,Executive,17942.0
1606,1,51.0,Company Invited,1,14.0,Salaried,Male,2,5.0,Standard,3.0,Unmarried,3.0,0,1,1,0.0,Senior Manager,25650.0
1607,0,39.0,Self Enquiry,3,10.0,Salaried,Female,2,4.0,Deluxe,3.0,Married,5.0,0,5,1,1.0,Manager,20902.0
1608,0,25.0,Self Enquiry,3,34.0,Salaried,Male,2,4.0,Deluxe,3.0,Married,3.0,0,4,1,1.0,Manager,23639.0
1609,0,30.0,Self Enquiry,2,15.0,Salaried,Male,2,3.0,Deluxe,3.0,Married,1.0,1,3,1,1.0,Manager,21347.0
1613,0,30.0,Self Enquiry,1,24.0,Salaried,Female,3,3.0,Basic,3.0,Single,2.0,0,1,1,2.0,Executive,17632.0
1615,0,30.0,Self Enquiry,1,11.0,Large Business,Female,2,3.0,Basic,5.0,Married,6.0,0,5,0,1.0,Executive,18204.0
1616,0,30.0,Self Enquiry,1,8.0,Small Business,Male,2,4.0,Basic,3.0,Single,1.0,0,4,0,0.0,Executive,17720.0
1617,0,41.0,Company Invited,1,16.0,Salaried,Male,3,4.0,Super Deluxe,5.0,Married,5.0,0,1,1,0.0,AVP,32181.0
1618,0,41.0,Self Enquiry,1,15.0,Salaried,Male,3,3.0,Basic,5.0,Married,3.0,0,1,0,0.0,Executive,17238.0
1619,0,19.0,Self Enquiry,1,9.0,Small Business,Female,3,3.0,Basic,4.0,Single,2.0,0,3,1,0.0,Executive,16483.0
1620,0,40.0,Company Invited,1,32.0,Small Business,Female,2,3.0,Deluxe,4.0,Married,2.0,0,1,0,1.0,Manager,20605.0
1621,0,35.0,Self Enquiry,3,6.0,Small Business,Male,3,3.0,Standard,4.0,Married,2.0,0,4,0,0.0,Senior Manager,22295.0
1622,0,53.0,Self Enquiry,3,12.0,Small Business,Male,2,3.0,Deluxe,3.0,Married,3.0,1,5,0,1.0,Manager,17306.0
1623,0,45.0,Self Enquiry,1,15.0,Salaried,Male,2,3.0,Deluxe,4.0,Married,1.0,0,4,1,0.0,Manager,17348.0
1624,0,32.0,Company Invited,3,14.0,Small Business,Fe Male,2,3.0,Standard,3.0,Unmarried,2.0,0,4,1,1.0,Senior Manager,23998.0
1626,0,51.0,Self Enquiry,1,13.0,Small Business,Male,2,4.0,Deluxe,3.0,Married,3.0,0,3,1,1.0,Manager,21132.0
1627,0,58.0,Self Enquiry,1,15.0,Small Business,Female,3,4.0,Basic,4.0,Married,5.0,1,1,1,1.0,Executive,18346.0
1628,0,40.0,Self Enquiry,3,10.0,Small Business,Male,3,4.0,Standard,3.0,Married,1.0,0,1,1,1.0,Senior Manager,25855.0
1629,0,34.0,Company Invited,3,8.0,Small Business,Female,3,3.0,Basic,3.0,Married,7.0,0,5,0,0.0,Executive,17231.0
1630,0,22.0,Self Enquiry,1,25.0,Small Business,Male,3,3.0,Basic,3.0,Married,2.0,0,1,1,0.0,Executive,17323.0
1631,0,27.0,Company Invited,1,15.0,Small Business,Male,2,3.0,Basic,4.0,Married,7.0,0,3,1,1.0,Executive,17024.0
1632,0,28.0,Self Enquiry,1,27.0,Small Business,Male,2,3.0,Basic,3.0,Married,2.0,0,1,0,0.0,Executive,17713.0
1633,0,57.0,Self Enquiry,1,30.0,Salaried,Male,2,1.0,Standard,3.0,Married,4.0,1,4,1,0.0,Senior Manager,24439.0
1634,0,27.0,Company Invited,1,9.0,Small Business,Male,3,4.0,Basic,3.0,Married,2.0,1,1,0,2.0,Executive,17566.0
1636,0,41.0,Self Enquiry,1,20.0,Salaried,Male,2,3.0,Basic,3.0,Married,5.0,0,4,1,1.0,Executive,17451.0
1637,0,30.0,Self Enquiry,3,11.0,Salaried,Female,2,3.0,Standard,3.0,Married,3.0,0,4,1,1.0,Senior Manager,24419.0
1638,0,38.0,Self Enquiry,3,6.0,Salaried,Fe Male,2,4.0,Deluxe,3.0,Unmarried,5.0,0,1,0,1.0,Manager,23686.0
1639,0,32.0,Self Enquiry,1,12.0,Salaried,Male,2,3.0,Basic,3.0,Single,4.0,0,1,0,1.0,Executive,18038.0
1640,0,27.0,Self Enquiry,1,23.0,Large Business,Male,2,3.0,Basic,4.0,Married,1.0,1,4,0,0.0,Executive,18058.0
1641,1,19.0,Company Invited,3,6.0,Large Business,Female,3,5.0,Basic,5.0,Single,1.0,0,3,1,0.0,Executive,17325.0
1642,0,36.0,Company Invited,1,9.0,Small Business,Male,1,3.0,Basic,4.0,Single,5.0,0,4,1,0.0,Executive,17088.0
1643,0,30.0,Company Invited,1,15.0,Small Business,Male,3,3.0,Deluxe,5.0,Married,2.0,0,1,1,1.0,Manager,18072.0
1646,0,33.0,Self Enquiry,1,8.0,Salaried,Male,2,3.0,Basic,3.0,Single,1.0,0,3,1,0.0,Executive,17500.0
1647,1,19.0,Self Enquiry,1,8.0,Salaried,Male,2,4.0,Basic,3.0,Single,2.0,0,5,1,0.0,Executive,16102.0
1648,0,46.0,Self Enquiry,3,6.0,Small Business,Female,3,3.0,Standard,5.0,Married,2.0,0,1,1,2.0,Senior Manager,25453.0
1649,0,38.0,Self Enquiry,1,15.0,Salaried,Female,3,3.0,Basic,3.0,Single,2.0,0,1,1,2.0,Executive,17288.0
1651,0,34.0,Self Enquiry,1,33.0,Small Business,Female,3,3.0,Basic,4.0,Single,3.0,0,3,0,0.0,Executive,17311.0
1652,1,41.0,Self Enquiry,3,26.0,Small Business,Female,3,3.0,Basic,4.0,Single,2.0,1,4,0,1.0,Executive,18140.0
1655,0,33.0,Self Enquiry,1,20.0,Small Business,Female,3,3.0,Basic,4.0,Married,2.0,0,5,1,1.0,Executive,17756.0
1656,0,40.0,Self Enquiry,1,10.0,Small Business,Female,2,3.0,King,3.0,Married,2.0,0,5,1,1.0,VP,34033.0
1657,0,55.0,Self Enquiry,1,20.0,Small Business,Male,3,1.0,King,4.0,Single,1.0,0,1,1,1.0,VP,33722.0
1658,0,34.0,Company Invited,1,8.0,Salaried,Male,2,4.0,Deluxe,3.0,Married,2.0,0,4,0,1.0,Manager,24547.0
1659,0,51.0,Self Enquiry,1,9.0,Small Business,Female,3,3.0,Super Deluxe,4.0,Single,4.0,0,5,1,1.0,AVP,28734.0
1661,0,27.0,Self Enquiry,1,15.0,Small Business,Female,4,3.0,Basic,4.0,Single,2.0,0,3,0,1.0,Executive,17279.0
1662,1,35.0,Self Enquiry,1,29.0,Salaried,Male,2,4.0,Deluxe,3.0,Married,4.0,1,4,1,0.0,Manager,20916.0
1663,0,43.0,Company Invited,1,13.0,Small Business,Male,2,1.0,Basic,3.0,Married,5.0,0,4,1,0.0,Executive,17089.0
1664,0,45.0,Company Invited,1,8.0,Small Business,Male,3,4.0,Super Deluxe,3.0,Married,1.0,0,4,1,2.0,AVP,31792.0
1667,0,42.0,Company Invited,1,27.0,Small Business,Female,2,3.0,Deluxe,3.0,Married,3.0,0,1,0,0.0,Manager,20265.0
1668,0,38.0,Self Enquiry,1,8.0,Salaried,Male,2,3.0,Deluxe,3.0,Married,1.0,0,1,1,1.0,Manager,21553.0
1669,0,38.0,Self Enquiry,1,35.0,Large Business,Male,2,3.0,Deluxe,3.0,Married,4.0,0,1,0,0.0,Manager,21261.0
1671,0,49.0,Company Invited,1,24.0,Salaried,Male,3,3.0,Deluxe,3.0,Married,2.0,1,1,0,0.0,Manager,21804.0
1673,0,40.0,Self Enquiry,1,25.0,Small Business,Male,1,3.0,Deluxe,3.0,Married,1.0,1,1,1,0.0,Manager,17741.0
1674,1,38.0,Self Enquiry,1,35.0,Small Business,Male,3,3.0,Deluxe,5.0,Married,1.0,1,3,1,2.0,Manager,21673.0
1675,1,29.0,Self Enquiry,3,33.0,Small Business,Female,2,3.0,Standard,3.0,Married,2.0,0,3,0,0.0,Senior Manager,22639.0
1676,0,22.0,Self Enquiry,1,11.0,Salaried,Male,2,1.0,Basic,4.0,Married,2.0,1,4,1,0.0,Executive,17328.0
1677,0,36.0,Company Invited,1,24.0,Small Business,Female,3,3.0,Basic,3.0,Single,2.0,0,3,0,1.0,Executive,17153.0
1679,0,46.0,Self Enquiry,1,6.0,Small Business,Male,3,3.0,Standard,5.0,Married,1.0,0,1,0,2.0,Senior Manager,24396.0
1680,1,32.0,Self Enquiry,3,10.0,Small Business,Male,2,5.0,Standard,3.0,Married,2.0,0,1,1,0.0,Senior Manager,25400.0
1681,0,30.0,Company Invited,1,6.0,Salaried,Male,2,4.0,Standard,3.0,Unmarried,2.0,0,5,1,1.0,Senior Manager,23474.0
1682,0,27.0,Company Invited,3,26.0,Salaried,Fe Male,2,3.0,Deluxe,3.0,Unmarried,2.0,0,1,1,1.0,Manager,24981.0
1683,0,51.0,Self Enquiry,1,14.0,Salaried,Male,2,4.0,Standard,4.0,Married,6.0,0,3,1,1.0,Senior Manager,27490.0
1684,1,30.0,Self Enquiry,1,9.0,Large Business,Female,2,3.0,Basic,5.0,Single,6.0,1,4,0,0.0,Executive,17657.0
1685,0,41.0,Self Enquiry,3,12.0,Salaried,Female,3,3.0,Standard,3.0,Single,4.0,1,1,0,0.0,Senior Manager,28591.0
1686,1,30.0,Company Invited,3,32.0,Small Business,Female,2,4.0,Deluxe,5.0,Unmarried,6.0,0,1,1,1.0,Manager,21696.0
1687,1,29.0,Self Enquiry,1,6.0,Large Business,Male,2,3.0,Basic,3.0,Single,1.0,0,1,0,0.0,Executive,17058.0
1688,0,45.0,Company Invited,3,12.0,Small Business,Fe Male,2,4.0,Standard,3.0,Unmarried,7.0,0,4,1,0.0,Senior Manager,23865.0
1689,0,54.0,Self Enquiry,3,9.0,Small Business,Female,2,3.0,Deluxe,5.0,Married,3.0,0,4,1,0.0,Manager,20940.0
1690,0,36.0,Self Enquiry,1,11.0,Salaried,Male,3,3.0,Deluxe,4.0,Single,1.0,0,1,1,1.0,Manager,20914.0
1691,0,33.0,Self Enquiry,1,10.0,Small Business,Female,2,4.0,Basic,4.0,Married,7.0,0,4,0,1.0,Executive,17622.0
1692,0,37.0,Company Invited,1,17.0,Salaried,Male,2,3.0,Standard,3.0,Married,2.0,1,3,1,1.0,Senior Manager,27185.0
1693,0,38.0,Self Enquiry,3,9.0,Salaried,Male,3,3.0,Standard,3.0,Married,1.0,0,1,1,1.0,Senior Manager,25609.0
1695,0,59.0,Self Enquiry,1,9.0,Salaried,Male,3,4.0,Basic,3.0,Married,4.0,0,3,0,0.0,Executive,17177.0
1696,0,37.0,Company Invited,3,10.0,Small Business,Male,2,3.0,Basic,3.0,Married,5.0,0,4,1,0.0,Executive,17793.0
1697,0,29.0,Company Invited,3,6.0,Small Business,Female,2,3.0,Standard,3.0,Married,2.0,0,3,1,1.0,Senior Manager,22918.0
1698,0,35.0,Company Invited,3,6.0,Small Business,Fe Male,3,3.0,Standard,3.0,Unmarried,2.0,0,5,1,0.0,Senior Manager,23789.0
1699,1,29.0,Self Enquiry,1,24.0,Small Business,Male,2,4.0,Basic,3.0,Single,2.0,1,3,0,0.0,Executive,17389.0
1700,0,52.0,Self Enquiry,1,8.0,Salaried,Female,2,4.0,Basic,3.0,Single,1.0,0,3,1,0.0,Executive,18212.0
1701,0,42.0,Self Enquiry,1,10.0,Large Business,Male,2,3.0,King,3.0,Married,2.0,0,1,0,0.0,VP,34232.0
1702,0,59.0,Self Enquiry,2,12.0,Small Business,Male,2,3.0,Basic,3.0,Married,1.0,0,4,0,0.0,Executive,17267.0
1703,0,50.0,Self Enquiry,3,6.0,Small Business,Female,3,3.0,King,3.0,Married,4.0,0,1,1,0.0,VP,34517.0
1704,1,33.0,Self Enquiry,1,20.0,Small Business,Male,2,3.0,Basic,3.0,Married,6.0,1,1,1,1.0,Executive,17436.0
1705,0,43.0,Self Enquiry,3,22.0,Small Business,Female,3,3.0,Super Deluxe,3.0,Married,6.0,1,3,0,0.0,AVP,31064.0
1706,1,33.0,Self Enquiry,1,8.0,Salaried,Female,2,3.0,Basic,5.0,Married,1.0,0,3,1,1.0,Executive,17707.0
1707,0,52.0,Company Invited,3,8.0,Salaried,Male,3,4.0,King,3.0,Single,2.0,1,1,1,0.0,VP,34068.0
1710,0,39.0,Self Enquiry,1,6.0,Small Business,Female,3,3.0,Basic,3.0,Married,1.0,0,3,1,0.0,Executive,17232.0
1712,0,41.0,Self Enquiry,1,25.0,Salaried,Male,2,3.0,Deluxe,5.0,Married,3.0,0,1,0,0.0,Manager,18072.0
1713,0,40.0,Self Enquiry,1,30.0,Large Business,Male,3,3.0,Deluxe,3.0,Married,2.0,0,3,1,1.0,Manager,18319.0
1714,0,45.0,Self Enquiry,1,6.0,Salaried,Male,3,1.0,King,3.0,Married,1.0,0,4,1,1.0,VP,34202.0
1715,0,31.0,Company Invited,1,9.0,Small Business,Male,3,3.0,Standard,3.0,Married,1.0,0,4,1,0.0,Senior Manager,28675.0
1716,0,33.0,Self Enquiry,1,11.0,Salaried,Female,3,4.0,Basic,3.0,Married,2.0,0,1,0,0.0,Executive,17911.0
1717,0,34.0,Self Enquiry,1,8.0,Salaried,Male,2,4.0,Deluxe,5.0,Married,7.0,0,4,0,1.0,Manager,20957.0
1719,0,45.0,Company Invited,1,13.0,Salaried,Male,3,1.0,Deluxe,3.0,Married,5.0,0,1,1,0.0,Manager,21434.0
1720,1,37.0,Company Invited,1,16.0,Small Business,Male,3,3.0,Standard,3.0,Married,7.0,0,3,0,2.0,Senior Manager,25048.0
1721,0,39.0,Company Invited,1,8.0,Large Business,Fe Male,3,3.0,Standard,3.0,Unmarried,1.0,0,1,1,2.0,Senior Manager,25938.0
1722,0,29.0,Self Enquiry,1,21.0,Salaried,Male,2,3.0,Basic,3.0,Single,2.0,0,3,1,1.0,Executive,17340.0
1723,0,42.0,Self Enquiry,1,23.0,Salaried,Female,2,1.0,Deluxe,5.0,Unmarried,4.0,1,1,1,1.0,Manager,21545.0
1724,0,29.0,Self Enquiry,3,26.0,Small Business,Male,2,3.0,Deluxe,3.0,Married,3.0,0,1,1,0.0,Manager,21931.0
1726,0,42.0,Self Enquiry,1,8.0,Small Business,Female,2,4.0,Basic,5.0,Married,1.0,1,4,1,1.0,Executive,17593.0
1727,0,40.0,Self Enquiry,1,8.0,Small Business,Male,2,3.0,King,3.0,Married,1.0,0,5,1,0.0,VP,34436.0
1728,0,51.0,Self Enquiry,1,6.0,Salaried,Male,3,3.0,Basic,3.0,Married,2.0,0,4,1,0.0,Executive,17723.0
1730,0,32.0,Company Invited,1,13.0,Salaried,Male,3,1.0,Basic,4.0,Married,2.0,0,1,0,1.0,Executive,17794.0
1731,0,38.0,Company Invited,3,8.0,Salaried,Male,2,4.0,Deluxe,3.0,Married,4.0,0,5,1,1.0,Manager,20249.0
1732,0,32.0,Self Enquiry,1,8.0,Large Business,Male,2,4.0,Deluxe,5.0,Single,5.0,0,4,0,1.0,Manager,17176.0
1733,0,46.0,Self Enquiry,3,8.0,Large Business,Female,3,5.0,Super Deluxe,4.0,Married,4.0,1,5,1,0.0,AVP,31872.0
1735,0,29.0,Self Enquiry,3,8.0,Small Business,Male,3,4.0,Deluxe,4.0,Married,3.0,0,4,1,0.0,Manager,21644.0
1736,0,31.0,Self Enquiry,1,29.0,Small Business,Male,3,4.0,Deluxe,3.0,Married,1.0,0,3,0,1.0,Manager,20582.0
1738,0,45.0,Self Enquiry,1,26.0,Small Business,Male,3,3.0,Super Deluxe,3.0,Married,1.0,1,3,1,1.0,AVP,28496.0
1739,0,36.0,Self Enquiry,1,12.0,Salaried,Male,2,3.0,Basic,3.0,Married,1.0,0,5,1,1.0,Executive,18210.0
1740,0,55.0,Self Enquiry,1,6.0,Small Business,Male,2,3.0,King,5.0,Single,1.0,1,1,1,1.0,VP,34045.0
1741,1,47.0,Company Invited,1,35.0,Salaried,Male,2,3.0,Standard,4.0,Married,2.0,1,3,1,0.0,Senior Manager,26849.0
1742,0,28.0,Self Enquiry,1,15.0,Small Business,Male,3,3.0,Basic,3.0,Married,2.0,0,1,1,0.0,Executive,17070.0
1743,0,37.0,Self Enquiry,3,12.0,Small Business,Male,3,3.0,Deluxe,3.0,Married,5.0,0,3,1,0.0,Manager,21502.0
1744,0,21.0,Self Enquiry,1,9.0,Small Business,Male,3,4.0,Basic,3.0,Single,2.0,0,5,1,2.0,Executive,18230.0
1745,0,37.0,Company Invited,1,6.0,Small Business,Female,3,3.0,Standard,3.0,Married,3.0,1,3,0,0.0,Senior Manager,28603.0
1746,0,35.0,Self Enquiry,1,28.0,Salaried,Female,3,1.0,Standard,4.0,Married,1.0,0,5,1,2.0,Senior Manager,26996.0
1747,0,38.0,Self Enquiry,3,13.0,Small Business,Female,2,1.0,Deluxe,5.0,Married,2.0,1,3,1,1.0,Manager,20605.0
1748,0,26.0,Company Invited,1,6.0,Salaried,Female,2,3.0,Deluxe,4.0,Married,2.0,0,5,1,1.0,Manager,21397.0
1749,0,50.0,Self Enquiry,1,10.0,Salaried,Male,3,3.0,King,4.0,Married,4.0,0,5,0,1.0,VP,34144.0
1750,0,53.0,Self Enquiry,1,9.0,Small Business,Male,2,3.0,Super Deluxe,3.0,Married,4.0,1,5,1,0.0,AVP,32584.0
1751,0,42.0,Self Enquiry,3,6.0,Salaried,Male,1,3.0,Deluxe,3.0,Married,2.0,0,3,1,0.0,Manager,19907.0
1753,0,55.0,Self Enquiry,1,26.0,Large Business,Male,2,3.0,Deluxe,3.0,Married,4.0,1,1,0,0.0,Manager,20415.0
1755,0,37.0,Self Enquiry,1,6.0,Salaried,Female,2,3.0,Basic,3.0,Single,2.0,0,1,1,0.0,Executive,17115.0
1756,1,44.0,Company Invited,1,30.0,Salaried,Male,2,3.0,Basic,3.0,Married,4.0,1,5,0,1.0,Executive,18161.0
1757,0,38.0,Self Enquiry,1,29.0,Salaried,Male,2,3.0,Deluxe,3.0,Married,1.0,0,3,0,1.0,Manager,20745.0
1758,1,26.0,Self Enquiry,1,22.0,Small Business,Male,2,3.0,Basic,4.0,Married,3.0,1,1,1,0.0,Executive,17373.0
1759,0,28.0,Self Enquiry,1,14.0,Salaried,Female,3,3.0,Basic,3.0,Single,2.0,0,4,1,1.0,Executive,18310.0
1760,0,49.0,Company Invited,1,16.0,Salaried,Female,2,3.0,King,5.0,Single,1.0,1,3,0,1.0,VP,33665.0
1762,0,31.0,Company Invited,3,11.0,Small Business,Female,2,3.0,Basic,4.0,Married,2.0,0,3,0,0.0,Executive,17789.0
1763,1,26.0,Self Enquiry,3,10.0,Small Business,Male,2,4.0,Deluxe,3.0,Single,2.0,1,1,1,0.0,Manager,20828.0
1764,0,37.0,Company Invited,1,15.0,Small Business,Male,2,3.0,Basic,3.0,Married,2.0,1,1,0,1.0,Executive,17326.0
1765,0,42.0,Company Invited,3,32.0,Small Business,Female,3,3.0,Super Deluxe,4.0,Married,6.0,0,3,1,1.0,AVP,28525.0
1766,1,18.0,Self Enquiry,1,9.0,Small Business,Male,2,3.0,Basic,3.0,Single,2.0,0,4,1,0.0,Executive,16420.0
1767,0,35.0,Self Enquiry,3,22.0,Small Business,Male,3,3.0,Standard,4.0,Married,1.0,0,1,1,1.0,Senior Manager,23020.0
1769,0,51.0,Self Enquiry,1,8.0,Small Business,Male,2,5.0,Deluxe,4.0,Married,6.0,0,1,0,1.0,Manager,20482.0
1770,0,41.0,Self Enquiry,3,8.0,Salaried,Male,2,3.0,Super Deluxe,4.0,Single,2.0,0,3,1,1.0,AVP,31015.0
1771,0,18.0,Self Enquiry,3,16.0,Small Business,Female,3,4.0,Basic,3.0,Single,2.0,0,1,0,2.0,Executive,16200.0
1772,0,28.0,Self Enquiry,1,22.0,Small Business,Male,3,1.0,Deluxe,5.0,Single,1.0,0,5,0,1.0,Manager,20661.0
1773,0,31.0,Self Enquiry,3,13.0,Large Business,Male,3,1.0,Deluxe,3.0,Married,5.0,0,1,1,1.0,Manager,21929.0
1774,0,39.0,Self Enquiry,1,6.0,Small Business,Male,2,1.0,Standard,3.0,Married,1.0,0,3,1,0.0,Senior Manager,24613.0
1775,0,36.0,Company Invited,1,30.0,Salaried,Female,2,3.0,Deluxe,4.0,Married,1.0,0,3,1,1.0,Manager,20674.0
1776,0,32.0,Self Enquiry,3,13.0,Salaried,Male,3,4.0,Deluxe,3.0,Married,2.0,0,3,1,0.0,Manager,20484.0
1777,0,38.0,Self Enquiry,1,31.0,Salaried,Female,2,4.0,Standard,4.0,Married,4.0,0,3,0,1.0,Senior Manager,27061.0
1778,0,58.0,Company Invited,1,6.0,Salaried,Male,2,5.0,Deluxe,3.0,Married,3.0,1,1,1,1.0,Manager,20660.0
1780,0,31.0,Self Enquiry,2,8.0,Salaried,Male,3,4.0,Deluxe,5.0,Married,4.0,0,3,0,2.0,Manager,21410.0
1781,0,45.0,Company Invited,1,13.0,Salaried,Male,3,3.0,Standard,5.0,Married,2.0,0,1,1,0.0,Senior Manager,20210.0
1782,0,31.0,Self Enquiry,1,8.0,Salaried,Male,2,3.0,Basic,3.0,Married,1.0,1,4,1,1.0,Executive,17695.0
1783,0,33.0,Company Invited,1,11.0,Salaried,Female,3,3.0,Standard,4.0,Married,7.0,0,3,1,1.0,Senior Manager,26878.0
1784,0,39.0,Self Enquiry,1,16.0,Small Business,Male,3,3.0,Super Deluxe,5.0,Married,2.0,1,3,1,2.0,AVP,32068.0
1785,0,43.0,Company Invited,1,16.0,Salaried,Female,2,3.0,Basic,3.0,Single,1.0,0,5,0,0.0,Executive,17455.0
1786,0,49.0,Self Enquiry,1,6.0,Large Business,Female,2,4.0,Super Deluxe,3.0,Single,1.0,1,3,0,0.0,AVP,28964.0
1788,0,27.0,Self Enquiry,1,11.0,Salaried,Female,2,3.0,Basic,4.0,Single,2.0,1,3,0,1.0,Executive,17478.0
1789,0,32.0,Self Enquiry,3,14.0,Large Business,Female,3,4.0,Deluxe,4.0,Married,2.0,1,1,1,2.0,Manager,20228.0
1791,0,31.0,Self Enquiry,3,13.0,Small Business,Male,3,3.0,Deluxe,3.0,Married,5.0,0,1,0,0.0,Manager,22547.0
1792,0,32.0,Self Enquiry,1,8.0,Small Business,Female,3,1.0,Deluxe,3.0,Single,1.0,0,3,0,0.0,Manager,20055.0
1794,0,30.0,Self Enquiry,1,34.0,Small Business,Female,3,3.0,Deluxe,3.0,Married,2.0,0,3,1,2.0,Manager,20775.0
1795,0,31.0,Company Invited,1,13.0,Salaried,Female,2,4.0,Standard,3.0,Married,2.0,0,1,1,0.0,Senior Manager,23943.0
1796,0,39.0,Company Invited,1,13.0,Small Business,Male,2,4.0,King,3.0,Married,2.0,0,5,1,0.0,VP,34272.0
1797,1,39.0,Self Enquiry,3,9.0,Small Business,Female,2,3.0,Deluxe,3.0,Married,5.0,1,4,1,1.0,Manager,20238.0
1799,0,47.0,Self Enquiry,1,11.0,Salaried,Male,2,3.0,King,3.0,Married,5.0,0,1,1,0.0,VP,33300.0
1800,0,43.0,Company Invited,1,16.0,Salaried,Female,2,4.0,Deluxe,3.0,Married,2.0,0,3,1,0.0,Manager,20257.0
1801,0,27.0,Company Invited,3,6.0,Small Business,Male,3,3.0,Deluxe,4.0,Married,1.0,1,1,0,1.0,Manager,21349.0
1803,0,43.0,Self Enquiry,1,13.0,Salaried,Female,2,3.0,Standard,5.0,Married,1.0,0,5,1,0.0,Senior Manager,24985.0
1805,0,40.0,Self Enquiry,3,6.0,Small Business,Male,2,5.0,Deluxe,3.0,Married,3.0,1,3,1,0.0,Manager,22457.0
1806,1,29.0,Self Enquiry,1,14.0,Salaried,Male,3,5.0,Basic,5.0,Married,2.0,1,3,0,1.0,Executive,17119.0
1808,0,30.0,Self Enquiry,3,11.0,Small Business,Female,1,4.0,Deluxe,3.0,Married,2.0,0,1,1,0.0,Manager,21118.0
1809,0,27.0,Self Enquiry,3,14.0,Small Business,Female,2,3.0,Deluxe,4.0,Married,2.0,0,1,0,1.0,Manager,21214.0
1810,0,37.0,Self Enquiry,1,11.0,Small Business,Male,3,3.0,Deluxe,3.0,Married,1.0,0,3,1,2.0,Manager,21347.0
1811,0,38.0,Self Enquiry,1,21.0,Salaried,Male,3,4.0,Standard,3.0,Married,1.0,1,5,1,2.0,Senior Manager,26510.0
1812,0,31.0,Self Enquiry,1,13.0,Small Business,Female,2,3.0,Standard,3.0,Unmarried,2.0,1,4,1,1.0,Senior Manager,22143.0
1813,0,29.0,Self Enquiry,3,16.0,Small Business,Female,2,4.0,Deluxe,4.0,Married,2.0,1,5,1,0.0,Manager,23268.0
1814,0,35.0,Self Enquiry,1,11.0,Large Business,Male,3,3.0,Standard,4.0,Unmarried,1.0,0,3,1,1.0,Senior Manager,23095.0
1815,0,23.0,Self Enquiry,1,32.0,Salaried,Male,2,3.0,Basic,3.0,Married,2.0,0,1,0,1.0,Executive,17904.0
1816,0,41.0,Self Enquiry,1,12.0,Small Business,Male,3,4.0,Deluxe,4.0,Single,7.0,1,3,1,2.0,Manager,21032.0
1817,0,47.0,Company Invited,3,10.0,Small Business,Male,3,3.0,Deluxe,3.0,Single,4.0,0,4,0,2.0,Manager,17976.0
1818,0,42.0,Self Enquiry,1,29.0,Salaried,Female,2,3.0,Super Deluxe,3.0,Single,3.0,0,3,0,0.0,AVP,30992.0
1820,0,42.0,Self Enquiry,2,8.0,Large Business,Male,2,3.0,Basic,3.0,Married,1.0,1,4,1,1.0,Executive,17696.0
1821,0,32.0,Self Enquiry,1,8.0,Small Business,Female,3,3.0,Basic,4.0,Married,2.0,0,4,0,1.0,Executive,17370.0
1822,0,48.0,Self Enquiry,3,35.0,Small Business,Female,3,3.0,Standard,3.0,Married,4.0,0,4,0,1.0,Senior Manager,27504.0
1823,0,37.0,Self Enquiry,1,12.0,Small Business,Male,2,1.0,Deluxe,5.0,Married,5.0,1,3,1,1.0,Manager,20974.0
1825,0,26.0,Self Enquiry,3,6.0,Salaried,Male,2,3.0,Deluxe,3.0,Married,2.0,0,5,0,1.0,Manager,20296.0
1826,0,42.0,Self Enquiry,1,8.0,Salaried,Male,3,4.0,Deluxe,3.0,Unmarried,4.0,0,1,1,0.0,Manager,21781.0
1827,1,21.0,Company Invited,3,6.0,Large Business,Female,3,4.0,Basic,4.0,Single,2.0,1,5,1,2.0,Executive,17174.0
1828,0,36.0,Company Invited,3,6.0,Small Business,Female,2,3.0,Deluxe,3.0,Unmarried,5.0,0,1,1,1.0,Manager,21653.0
1829,0,36.0,Company Invited,3,9.0,Small Business,Male,2,4.0,Standard,3.0,Married,5.0,0,1,0,0.0,Senior Manager,24699.0
1830,0,57.0,Self Enquiry,1,6.0,Small Business,Male,2,3.0,Deluxe,3.0,Married,3.0,0,3,0,1.0,Manager,21755.0
1831,0,40.0,Self Enquiry,1,16.0,Salaried,Female,2,1.0,Basic,3.0,Married,4.0,1,3,0,1.0,Executive,17213.0
1832,0,21.0,Company Invited,3,15.0,Small Business,Male,2,3.0,Basic,3.0,Single,2.0,0,4,1,0.0,Executive,17610.0
1833,1,33.0,Self Enquiry,3,11.0,Small Business,Female,2,3.0,Basic,3.0,Single,2.0,1,1,0,1.0,Executive,17851.0
1835,0,46.0,Company Invited,1,13.0,Small Business,Female,1,3.0,Deluxe,3.0,Married,3.0,0,5,1,0.0,Manager,20258.0
1836,1,41.0,Company Invited,3,10.0,Small Business,Male,2,3.0,Deluxe,4.0,Unmarried,2.0,0,3,1,0.0,Manager,24355.0
1837,0,50.0,Self Enquiry,1,16.0,Large Business,Male,3,4.0,Standard,3.0,Unmarried,7.0,0,5,1,1.0,Senior Manager,25496.0
1838,1,40.0,Self Enquiry,3,28.0,Small Business,Male,3,4.0,Deluxe,3.0,Married,3.0,1,3,1,0.0,Manager,21380.0
1839,0,31.0,Self Enquiry,1,15.0,Salaried,Male,2,4.0,Basic,4.0,Single,1.0,1,3,1,0.0,Executive,17657.0
1840,1,21.0,Self Enquiry,3,18.0,Salaried,Female,2,1.0,Basic,4.0,Single,2.0,0,5,0,1.0,Executive,17716.0
1841,0,29.0,Self Enquiry,1,29.0,Salaried,Male,2,3.0,Basic,3.0,Single,1.0,0,3,0,0.0,Executive,17201.0
1842,0,35.0,Self Enquiry,1,15.0,Salaried,Male,3,4.0,Deluxe,4.0,Unmarried,1.0,0,1,0,1.0,Manager,21540.0
1844,0,28.0,Self Enquiry,3,15.0,Salaried,Male,3,3.0,Deluxe,3.0,Single,2.0,0,3,1,1.0,Manager,20253.0
1845,0,49.0,Self Enquiry,1,13.0,Salaried,Male,2,4.0,Standard,3.0,Unmarried,1.0,0,1,1,0.0,Senior Manager,25965.0
1847,0,36.0,Self Enquiry,1,8.0,Salaried,Female,3,3.0,Basic,3.0,Married,5.0,0,5,1,0.0,Executive,17543.0
1848,1,34.0,Company Invited,3,25.0,Small Business,Male,3,1.0,Deluxe,3.0,Single,1.0,1,1,0,0.0,Manager,20304.0
1849,0,55.0,Self Enquiry,1,8.0,Salaried,Female,3,3.0,Super Deluxe,3.0,Single,3.0,1,5,0,0.0,AVP,31659.0
1851,0,30.0,Self Enquiry,3,8.0,Large Business,Male,3,3.0,Basic,4.0,Married,2.0,0,3,1,0.0,Executive,17476.0
1852,1,26.0,Company Invited,1,9.0,Large Business,Male,3,3.0,Basic,5.0,Single,1.0,0,3,0,1.0,Executive,18102.0
1853,0,22.0,Self Enquiry,1,17.0,Small Business,Female,2,3.0,Basic,4.0,Married,2.0,0,1,1,1.0,Executive,17244.0
1854,0,36.0,Self Enquiry,3,8.0,Small Business,Male,3,4.0,Standard,3.0,Married,2.0,0,1,1,1.0,Senior Manager,22596.0
1855,1,30.0,Company Invited,1,10.0,Large Business,Male,2,3.0,Basic,3.0,Single,1.0,1,4,1,0.0,Executive,17285.0
1856,0,37.0,Self Enquiry,1,20.0,Salaried,Female,3,3.0,Basic,5.0,Married,2.0,0,4,1,1.0,Executive,18034.0
1857,0,40.0,Self Enquiry,3,8.0,Small Business,Female,2,3.0,Deluxe,4.0,Married,1.0,0,1,0,0.0,Manager,20715.0
1858,0,42.0,Self Enquiry,1,6.0,Salaried,Female,3,3.0,Basic,5.0,Married,4.0,0,3,0,2.0,Executive,17576.0
1860,0,43.0,Self Enquiry,1,18.0,Salaried,Male,2,4.0,Super Deluxe,4.0,Married,2.0,0,3,1,1.0,AVP,29336.0
1862,0,54.0,Self Enquiry,1,11.0,Small Business,Male,2,3.0,King,5.0,Married,5.0,0,4,1,0.0,VP,34406.0
1863,0,34.0,Company Invited,3,10.0,Small Business,Female,3,3.0,Deluxe,3.0,Married,1.0,0,1,0,0.0,Manager,21538.0
1865,0,43.0,Company Invited,1,27.0,Small Business,Male,3,3.0,Basic,3.0,Married,1.0,0,4,1,2.0,Executive,17258.0
1869,0,31.0,Self Enquiry,1,6.0,Salaried,Male,3,4.0,Basic,5.0,Married,2.0,0,4,1,1.0,Executive,17218.0
1870,0,39.0,Company Invited,1,6.0,Salaried,Male,2,3.0,King,3.0,Married,2.0,1,3,0,0.0,VP,34197.0
1871,0,56.0,Company Invited,3,12.0,Salaried,Female,2,1.0,Super Deluxe,5.0,Married,1.0,0,3,1,0.0,AVP,28212.0
1872,0,30.0,Self Enquiry,3,18.0,Large Business,Female,2,3.0,Deluxe,3.0,Unmarried,1.0,0,1,1,1.0,Manager,21577.0
1873,0,41.0,Self Enquiry,3,6.0,Small Business,Male,2,1.0,Standard,5.0,Married,2.0,0,3,1,1.0,Senior Manager,23392.0
1876,0,52.0,Self Enquiry,1,9.0,Small Business,Male,2,4.0,Standard,3.0,Married,3.0,1,1,1,0.0,Senior Manager,22969.0
1877,0,45.0,Self Enquiry,1,16.0,Salaried,Male,3,3.0,Basic,3.0,Married,4.0,0,5,0,2.0,Executive,17654.0
1878,0,52.0,Self Enquiry,1,10.0,Salaried,Female,1,3.0,Super Deluxe,3.0,Married,3.0,0,5,1,0.0,AVP,31555.0
1880,0,30.0,Self Enquiry,1,8.0,Salaried,Female,2,5.0,Deluxe,3.0,Single,3.0,0,1,1,0.0,Manager,21091.0
1881,0,60.0,Self Enquiry,1,13.0,Salaried,Female,2,3.0,King,5.0,Married,6.0,0,5,1,0.0,VP,34566.0
1884,1,24.0,Self Enquiry,3,6.0,Large Business,Female,3,3.0,Basic,4.0,Single,2.0,1,4,0,0.0,Executive,18202.0
1885,1,34.0,Company Invited,3,12.0,Small Business,Female,2,5.0,Basic,3.0,Married,1.0,0,4,0,1.0,Executive,17351.0
1886,0,38.0,Company Invited,1,8.0,Salaried,Male,2,3.0,Basic,3.0,Married,2.0,1,5,1,0.0,Executive,16702.0
1887,0,40.0,Self Enquiry,3,8.0,Salaried,Female,3,3.0,King,3.0,Married,1.0,0,3,1,0.0,VP,33041.0
1888,0,26.0,Self Enquiry,1,29.0,Salaried,Female,2,3.0,Basic,3.0,Married,2.0,0,3,0,0.0,Executive,17886.0
1889,0,30.0,Company Invited,1,9.0,Salaried,Male,2,3.0,Basic,3.0,Married,5.0,0,3,1,0.0,Executive,17097.0
1890,0,29.0,Self Enquiry,1,9.0,Small Business,Male,3,4.0,Standard,3.0,Married,2.0,0,1,0,2.0,Senior Manager,26935.0
1891,1,29.0,Self Enquiry,1,31.0,Large Business,Female,3,4.0,Basic,4.0,Married,6.0,0,3,1,2.0,Executive,17546.0
1892,1,19.0,Self Enquiry,2,8.0,Large Business,Male,2,4.0,Basic,3.0,Single,2.0,0,3,0,0.0,Executive,17564.0
1893,0,30.0,Company Invited,3,28.0,Salaried,Female,3,3.0,Standard,5.0,Married,1.0,0,1,1,1.0,Senior Manager,23412.0
1894,0,57.0,Self Enquiry,3,35.0,Small Business,Male,2,4.0,Super Deluxe,3.0,Married,4.0,0,3,1,0.0,AVP,29118.0
1895,0,50.0,Self Enquiry,1,35.0,Salaried,Male,2,4.0,Super Deluxe,3.0,Married,1.0,0,5,1,1.0,AVP,32046.0
1896,0,30.0,Company Invited,1,8.0,Small Business,Female,2,3.0,Basic,3.0,Single,1.0,0,4,1,0.0,Executive,17564.0
1897,0,60.0,Company Invited,3,34.0,Small Business,Female,3,4.0,Standard,5.0,Married,5.0,0,1,1,0.0,Senior Manager,25266.0
1898,0,47.0,Self Enquiry,1,8.0,Small Business,Female,3,3.0,Deluxe,3.0,Married,6.0,0,1,0,0.0,Manager,20070.0
1899,0,46.0,Self Enquiry,1,8.0,Salaried,Male,2,3.0,Super Deluxe,3.0,Married,7.0,0,5,1,0.0,AVP,32861.0
1902,0,34.0,Self Enquiry,1,8.0,Salaried,Male,3,4.0,Basic,3.0,Married,4.0,0,5,1,2.0,Executive,17768.0
1903,0,46.0,Self Enquiry,3,16.0,Small Business,Female,3,4.0,Standard,3.0,Married,3.0,1,1,0,0.0,Senior Manager,24071.0
1904,0,31.0,Self Enquiry,1,15.0,Salaried,Male,2,3.0,Standard,4.0,Married,2.0,0,3,0,0.0,Senior Manager,25648.0
1905,1,33.0,Self Enquiry,1,21.0,Small Business,Male,2,3.0,Standard,3.0,Married,1.0,1,5,1,0.0,Senior Manager,28610.0
1907,0,30.0,Self Enquiry,3,13.0,Small Business,Male,2,3.0,Basic,4.0,Single,1.0,0,1,0,0.0,Executive,17983.0
1908,0,35.0,Self Enquiry,1,22.0,Salaried,Male,3,3.0,Standard,3.0,Married,5.0,1,1,0,0.0,Senior Manager,22632.0
1909,1,31.0,Company Invited,1,26.0,Salaried,Male,3,3.0,Standard,3.0,Married,4.0,0,3,1,0.0,Senior Manager,24824.0
1910,1,34.0,Company Invited,2,29.0,Salaried,Female,2,3.0,Standard,5.0,Married,1.0,1,3,1,0.0,Senior Manager,24950.0
1911,0,42.0,Company Invited,1,11.0,Salaried,Male,3,3.0,Basic,3.0,Married,5.0,0,3,0,1.0,Executive,17093.0
1912,0,36.0,Company Invited,3,16.0,Small Business,Male,2,3.0,Standard,3.0,Unmarried,2.0,0,1,1,1.0,Senior Manager,24980.0
1915,0,55.0,Self Enquiry,3,24.0,Salaried,Female,2,3.0,Super Deluxe,4.0,Single,4.0,0,1,1,0.0,AVP,31835.0
1916,0,41.0,Company Invited,3,16.0,Salaried,Male,2,3.0,Deluxe,3.0,Single,1.0,0,1,0,1.0,Manager,21230.0
1918,0,40.0,Self Enquiry,1,12.0,Salaried,Fe Male,3,3.0,Super Deluxe,3.0,Unmarried,1.0,0,5,1,0.0,AVP,28237.0
1920,0,31.0,Self Enquiry,3,8.0,Salaried,Male,3,3.0,Deluxe,3.0,Unmarried,5.0,1,5,1,1.0,Manager,21582.0
1921,0,42.0,Self Enquiry,1,30.0,Small Business,Male,2,3.0,Standard,5.0,Married,2.0,1,1,1,0.0,Senior Manager,22406.0
1923,1,26.0,Company Invited,2,23.0,Salaried,Female,2,3.0,Basic,3.0,Married,1.0,1,5,0,1.0,Executive,17741.0
1925,0,33.0,Self Enquiry,1,6.0,Small Business,Female,3,1.0,Super Deluxe,3.0,Married,5.0,0,1,1,0.0,AVP,31184.0
1926,0,31.0,Self Enquiry,3,13.0,Salaried,Male,2,4.0,Standard,3.0,Married,1.0,0,3,1,0.0,Senior Manager,26557.0
1927,1,18.0,Company Invited,3,11.0,Small Business,Male,3,3.0,Basic,4.0,Single,2.0,1,4,1,0.0,Executive,16878.0
1928,0,40.0,Company Invited,3,34.0,Salaried,Male,2,5.0,Standard,5.0,Married,4.0,0,5,0,1.0,Senior Manager,25932.0
1929,0,41.0,Company Invited,1,8.0,Salaried,Female,3,4.0,Deluxe,3.0,Unmarried,3.0,1,1,0,0.0,Manager,21811.0
1932,0,34.0,Self Enquiry,3,27.0,Salaried,Male,3,1.0,Deluxe,3.0,Single,2.0,0,3,0,0.0,Manager,20337.0
1933,1,26.0,Self Enquiry,1,30.0,Large Business,Male,3,5.0,Basic,3.0,Single,2.0,1,3,0,1.0,Executive,17340.0
1934,0,37.0,Self Enquiry,1,6.0,Large Business,Female,2,3.0,Standard,3.0,Unmarried,5.0,0,5,1,0.0,Senior Manager,22491.0
1935,0,46.0,Company Invited,1,24.0,Small Business,Female,2,3.0,Standard,3.0,Married,6.0,0,3,0,1.0,Senior Manager,25527.0
1936,0,41.0,Self Enquiry,3,8.0,Salaried,Female,3,3.0,Super Deluxe,5.0,Married,1.0,0,5,1,2.0,AVP,31595.0
1937,0,37.0,Company Invited,3,15.0,Small Business,Male,3,3.0,Standard,4.0,Married,2.0,0,1,1,2.0,Senior Manager,23834.0
1938,0,52.0,Self Enquiry,1,12.0,Large Business,Male,3,3.0,Deluxe,5.0,Married,4.0,1,4,1,1.0,Manager,20577.0
1940,0,24.0,Company Invited,3,30.0,Small Business,Male,2,3.0,Basic,3.0,Married,1.0,0,4,1,1.0,Executive,17400.0
1941,0,38.0,Self Enquiry,1,16.0,Small Business,Female,3,3.0,Deluxe,3.0,Married,4.0,0,3,0,1.0,Manager,24824.0
1942,0,37.0,Self Enquiry,1,6.0,Salaried,Female,3,3.0,Deluxe,4.0,Married,7.0,0,1,1,2.0,Manager,21447.0
1943,0,49.0,Self Enquiry,1,24.0,Salaried,Male,2,4.0,King,3.0,Married,2.0,1,3,1,0.0,VP,34502.0
1944,0,24.0,Self Enquiry,1,29.0,Small Business,Male,2,1.0,Basic,3.0,Married,2.0,1,4,0,0.0,Executive,17725.0
1945,0,26.0,Self Enquiry,3,34.0,Small Business,Male,3,3.0,Deluxe,4.0,Married,2.0,0,3,0,0.0,Manager,21272.0
1946,0,24.0,Self Enquiry,1,23.0,Salaried,Male,3,4.0,Basic,4.0,Married,2.0,0,3,1,1.0,Executive,17127.0
1947,0,50.0,Company Invited,2,9.0,Small Business,Male,3,3.0,King,4.0,Married,2.0,0,1,1,2.0,VP,33200.0
1948,0,25.0,Self Enquiry,3,19.0,Small Business,Male,2,3.0,Basic,3.0,Married,2.0,0,3,1,1.0,Executive,17096.0
1949,1,24.0,Company Invited,1,13.0,Salaried,Female,2,3.0,Basic,3.0,Married,2.0,1,4,0,0.0,Executive,17886.0
1950,1,30.0,Company Invited,3,18.0,Salaried,Male,3,4.0,Basic,5.0,Married,2.0,0,5,1,2.0,Executive,17033.0
1954,0,31.0,Self Enquiry,3,12.0,Small Business,Male,3,1.0,Deluxe,3.0,Married,5.0,0,5,1,1.0,Manager,20460.0
1955,0,27.0,Self Enquiry,1,12.0,Small Business,Female,3,4.0,Basic,3.0,Married,1.0,0,1,0,1.0,Executive,17187.0
1956,0,37.0,Self Enquiry,3,8.0,Small Business,Male,3,3.0,Deluxe,3.0,Married,5.0,1,3,0,2.0,Manager,24602.0
1957,0,20.0,Self Enquiry,1,6.0,Salaried,Female,2,4.0,Basic,4.0,Single,2.0,0,4,0,1.0,Executive,17836.0
1959,0,43.0,Self Enquiry,1,12.0,Salaried,Male,2,4.0,Super Deluxe,3.0,Married,5.0,1,3,1,0.0,AVP,31627.0
1960,0,38.0,Self Enquiry,1,6.0,Salaried,Female,2,3.0,Basic,5.0,Single,4.0,0,1,0,1.0,Executive,17619.0
1961,0,43.0,Company Invited,1,15.0,Small Business,Male,3,3.0,Deluxe,3.0,Married,4.0,1,3,1,2.0,Manager,20679.0
1962,0,48.0,Self Enquiry,1,6.0,Salaried,Female,2,4.0,Super Deluxe,5.0,Married,1.0,0,4,0,0.0,AVP,30402.0
1963,0,44.0,Self Enquiry,2,6.0,Salaried,Female,2,4.0,Deluxe,3.0,Single,5.0,0,5,1,1.0,Manager,20985.0
1964,0,34.0,Self Enquiry,3,20.0,Large Business,Female,2,3.0,Basic,3.0,Married,2.0,1,5,1,0.0,Executive,17579.0
1965,1,27.0,Self Enquiry,3,8.0,Small Business,Male,2,3.0,Basic,5.0,Married,1.0,0,5,1,1.0,Executive,18041.0
1967,0,44.0,Self Enquiry,1,9.0,Salaried,Male,2,3.0,King,3.0,Married,5.0,1,1,0,1.0,VP,34513.0
1968,0,22.0,Self Enquiry,1,12.0,Small Business,Male,3,3.0,Basic,3.0,Married,1.0,0,1,1,1.0,Executive,17773.0
1969,0,33.0,Self Enquiry,3,14.0,Small Business,Male,2,3.0,Deluxe,3.0,Married,1.0,0,1,0,0.0,Manager,22104.0
1970,0,32.0,Self Enquiry,1,15.0,Salaried,Female,3,3.0,Deluxe,3.0,Married,2.0,1,5,1,2.0,Manager,21322.0
1971,0,30.0,Company Invited,1,9.0,Small Business,Female,3,3.0,Basic,3.0,Married,2.0,0,3,1,1.0,Executive,17083.0
1972,0,53.0,Self Enquiry,3,6.0,Small Business,Female,2,3.0,Deluxe,5.0,Unmarried,1.0,0,1,1,1.0,Manager,23381.0
1973,0,34.0,Self Enquiry,1,6.0,Salaried,Male,2,3.0,Basic,3.0,Married,2.0,0,3,1,1.0,Executive,17691.0
1975,0,26.0,Self Enquiry,1,12.0,Salaried,Female,3,3.0,Basic,3.0,Married,2.0,1,1,0,1.0,Executive,17659.0
1976,0,37.0,Self Enquiry,1,9.0,Salaried,Male,2,3.0,Standard,3.0,Married,2.0,0,1,1,0.0,Senior Manager,24434.0
1977,0,29.0,Self Enquiry,3,9.0,Small Business,Female,3,3.0,Deluxe,3.0,Married,2.0,0,1,0,0.0,Manager,20561.0
1978,0,35.0,Self Enquiry,1,12.0,Salaried,Male,2,5.0,Deluxe,3.0,Unmarried,2.0,0,5,0,1.0,Manager,21646.0
1979,0,33.0,Company Invited,1,12.0,Salaried,Male,1,3.0,Deluxe,3.0,Married,4.0,0,5,1,0.0,Manager,22725.0
1980,0,54.0,Self Enquiry,2,25.0,Small Business,Male,2,3.0,Standard,4.0,Married,3.0,0,3,1,1.0,Senior Manager,25725.0
1981,0,36.0,Self Enquiry,1,15.0,Small Business,Male,2,4.0,Deluxe,4.0,Married,3.0,1,4,0,1.0,Manager,23847.0
1982,0,27.0,Self Enquiry,1,9.0,Small Business,Male,2,4.0,Basic,3.0,Single,1.0,0,1,1,1.0,Executive,17045.0
1983,1,20.0,Self Enquiry,1,16.0,Small Business,Male,2,3.0,Basic,3.0,Single,2.0,1,5,1,1.0,Executive,16009.0
1985,0,35.0,Company Invited,1,9.0,Salaried,Male,2,4.0,Basic,3.0,Married,2.0,0,1,1,1.0,Executive,16281.0
1986,0,23.0,Self Enquiry,1,10.0,Small Business,Male,2,1.0,Basic,5.0,Married,3.0,0,4,0,1.0,Executive,17819.0
1989,0,29.0,Company Invited,1,6.0,Salaried,Male,3,5.0,Basic,3.0,Married,2.0,0,1,0,2.0,Executive,17720.0
1990,0,48.0,Self Enquiry,3,8.0,Small Business,Male,2,1.0,Deluxe,4.0,Married,4.0,0,3,0,1.0,Manager,23120.0
1993,0,50.0,Self Enquiry,1,34.0,Small Business,Male,3,1.0,Basic,3.0,Married,2.0,1,1,0,1.0,Executive,18221.0
1994,0,34.0,Self Enquiry,1,15.0,Small Business,Fe Male,2,4.0,Standard,4.0,Unmarried,2.0,0,1,1,0.0,Senior Manager,23621.0
1997,0,32.0,Self Enquiry,3,16.0,Small Business,Male,2,3.0,Deluxe,3.0,Single,2.0,0,4,1,1.0,Manager,20396.0
1998,1,50.0,Company Invited,3,14.0,Large Business,Male,2,3.0,Deluxe,3.0,Married,4.0,1,5,0,0.0,Manager,21796.0
1999,0,38.0,Self Enquiry,1,6.0,Salaried,Female,2,1.0,Deluxe,3.0,Unmarried,1.0,0,1,0,0.0,Manager,22625.0
2000,0,27.0,Self Enquiry,1,6.0,Salaried,Female,3,3.0,Standard,5.0,Married,2.0,0,4,0,2.0,Senior Manager,22412.0
2001,0,32.0,Self Enquiry,1,9.0,Salaried,Fe Male,2,3.0,Standard,3.0,Unmarried,4.0,0,1,1,0.0,Senior Manager,26159.0
2003,0,40.0,Company Invited,3,11.0,Salaried,Male,2,4.0,Standard,5.0,Married,6.0,1,5,0,0.0,Senior Manager,25475.0
2004,0,53.0,Self Enquiry,1,13.0,Salaried,Male,2,1.0,Super Deluxe,3.0,Married,4.0,0,1,0,1.0,AVP,29814.0
2005,0,41.0,Self Enquiry,2,16.0,Salaried,Male,3,4.0,King,3.0,Married,4.0,0,1,1,1.0,VP,34141.0
2006,0,60.0,Self Enquiry,3,22.0,Small Business,Male,2,3.0,Deluxe,5.0,Single,1.0,0,4,1,1.0,Manager,20405.0
2007,0,27.0,Company Invited,1,16.0,Salaried,Male,2,3.0,Standard,5.0,Married,2.0,0,3,0,1.0,Senior Manager,23793.0
2008,0,41.0,Self Enquiry,2,6.0,Salaried,Male,2,4.0,King,3.0,Married,2.0,0,1,1,1.0,VP,34189.0
2010,1,28.0,Self Enquiry,1,6.0,Salaried,Female,3,5.0,Basic,4.0,Single,1.0,1,1,1,2.0,Executive,17216.0
2011,0,36.0,Company Invited,1,14.0,Salaried,Female,3,1.0,Standard,5.0,Married,1.0,0,3,0,1.0,Senior Manager,26713.0
2012,0,38.0,Self Enquiry,1,6.0,Salaried,Female,2,3.0,Standard,3.0,Unmarried,5.0,1,1,0,1.0,Senior Manager,22861.0
2014,0,47.0,Company Invited,3,9.0,Small Business,Female,2,3.0,Super Deluxe,3.0,Married,1.0,1,5,1,0.0,AVP,28770.0
2015,0,30.0,Self Enquiry,3,33.0,Small Business,Male,3,3.0,Deluxe,3.0,Married,1.0,0,3,1,2.0,Manager,20304.0
2016,0,29.0,Self Enquiry,3,16.0,Salaried,Male,3,3.0,Basic,3.0,Single,2.0,0,4,1,0.0,Executive,17642.0
2017,1,42.0,Company Invited,1,25.0,Small Business,Male,2,1.0,Basic,3.0,Married,7.0,1,3,0,0.0,Executive,17759.0
2018,0,43.0,Company Invited,3,21.0,Salaried,Male,2,4.0,Deluxe,3.0,Married,4.0,0,5,1,0.0,Manager,21804.0
2019,0,34.0,Self Enquiry,1,14.0,Small Business,Female,3,3.0,Deluxe,3.0,Single,4.0,0,4,0,1.0,Manager,21142.0
2020,0,23.0,Self Enquiry,1,15.0,Small Business,Male,2,3.0,Basic,5.0,Married,2.0,0,3,1,0.0,Executive,17500.0
2021,0,39.0,Self Enquiry,2,9.0,Salaried,Female,2,1.0,Deluxe,4.0,Married,1.0,0,1,0,0.0,Manager,21389.0
2022,0,56.0,Self Enquiry,1,15.0,Small Business,Male,2,3.0,Super Deluxe,3.0,Married,1.0,0,4,0,0.0,AVP,26103.0
2023,0,40.0,Self Enquiry,1,8.0,Small Business,Female,2,4.0,Basic,3.0,Single,1.0,1,3,0,0.0,Executive,17342.0
2024,0,27.0,Self Enquiry,1,13.0,Small Business,Female,2,4.0,Deluxe,5.0,Unmarried,1.0,0,3,1,0.0,Manager,21811.0
2025,0,29.0,Self Enquiry,3,16.0,Small Business,Male,2,3.0,Basic,4.0,Married,2.0,0,1,1,0.0,Executive,17297.0
2026,0,53.0,Self Enquiry,1,12.0,Salaried,Male,2,3.0,Deluxe,3.0,Single,3.0,0,5,1,1.0,Manager,17450.0
2027,0,35.0,Company Invited,1,8.0,Salaried,Female,3,3.0,Deluxe,5.0,Married,3.0,0,4,1,2.0,Manager,20093.0
2028,0,32.0,Company Invited,1,30.0,Salaried,Male,3,3.0,Deluxe,3.0,Married,2.0,0,4,1,2.0,Manager,20309.0
2029,0,38.0,Self Enquiry,1,8.0,Small Business,Male,3,3.0,Basic,3.0,Married,7.0,1,4,0,2.0,Executive,18057.0
2030,0,34.0,Self Enquiry,1,14.0,Salaried,Female,2,3.0,Deluxe,5.0,Married,4.0,0,5,1,1.0,Manager,20121.0
2031,0,52.0,Self Enquiry,3,9.0,Small Business,Male,2,4.0,Super Deluxe,5.0,Married,2.0,0,5,1,0.0,AVP,31856.0
2032,1,33.0,Self Enquiry,1,6.0,Salaried,Male,3,3.0,Basic,3.0,Single,2.0,1,3,1,0.0,Executive,17686.0
2033,0,25.0,Self Enquiry,3,32.0,Small Business,Female,2,3.0,Deluxe,3.0,Single,2.0,0,4,0,0.0,Manager,21180.0
2034,0,45.0,Self Enquiry,3,8.0,Large Business,Male,2,5.0,Deluxe,3.0,Unmarried,1.0,0,5,1,1.0,Manager,21632.0
2036,1,47.0,Company Invited,3,33.0,Salaried,Female,3,1.0,Deluxe,3.0,Unmarried,5.0,1,4,0,1.0,Manager,21397.0
2037,0,34.0,Self Enquiry,3,8.0,Salaried,Male,2,3.0,Deluxe,3.0,Single,2.0,0,5,0,1.0,Manager,21274.0
2039,0,36.0,Company Invited,3,14.0,Salaried,Male,3,4.0,Standard,5.0,Unmarried,2.0,0,1,0,0.0,Senior Manager,22587.0
2043,1,26.0,Self Enquiry,3,14.0,Large Business,Male,2,4.0,Deluxe,5.0,Single,7.0,0,3,0,0.0,Manager,20326.0
2044,0,34.0,Self Enquiry,1,6.0,Salaried,Female,3,1.0,Basic,3.0,Single,3.0,0,1,1,1.0,Executive,18280.0
2045,0,54.0,Self Enquiry,1,25.0,Small Business,Female,3,3.0,Deluxe,5.0,Married,1.0,1,3,0,2.0,Manager,20485.0
2047,0,37.0,Self Enquiry,1,16.0,Salaried,Female,2,3.0,Basic,5.0,Married,1.0,1,3,1,0.0,Executive,17782.0
2048,0,38.0,Company Invited,1,8.0,Salaried,Female,3,1.0,Deluxe,5.0,Single,7.0,1,1,0,0.0,Manager,20980.0
2050,0,35.0,Self Enquiry,3,14.0,Salaried,Female,3,3.0,Basic,3.0,Married,2.0,0,3,1,2.0,Executive,17572.0
2053,0,34.0,Self Enquiry,3,14.0,Salaried,Female,3,3.0,Deluxe,5.0,Married,6.0,0,1,1,2.0,Manager,21500.0
2054,0,42.0,Company Invited,1,14.0,Salaried,Male,3,3.0,King,3.0,Married,2.0,0,5,1,1.0,VP,33430.0
2055,1,23.0,Self Enquiry,1,12.0,Salaried,Male,3,1.0,Basic,5.0,Married,2.0,1,3,0,0.0,Executive,16601.0
2056,0,24.0,Company Invited,1,15.0,Salaried,Male,2,4.0,Basic,4.0,Married,2.0,0,5,0,1.0,Executive,17694.0
2057,0,52.0,Self Enquiry,1,17.0,Salaried,Female,2,3.0,Deluxe,3.0,Married,1.0,0,1,1,0.0,Manager,18149.0
2058,0,50.0,Self Enquiry,1,8.0,Small Business,Male,3,3.0,Super Deluxe,3.0,Married,6.0,0,1,0,1.0,AVP,32639.0
2059,1,29.0,Self Enquiry,1,6.0,Salaried,Female,2,4.0,Basic,5.0,Married,2.0,1,1,0,0.0,Executive,17319.0
2060,0,33.0,Self Enquiry,1,13.0,Small Business,Male,2,3.0,Standard,3.0,Married,1.0,0,4,1,0.0,Senior Manager,26691.0
2061,1,33.0,Self Enquiry,3,22.0,Small Business,Female,3,3.0,Deluxe,5.0,Single,6.0,0,3,1,0.0,Manager,20324.0
2062,0,47.0,Self Enquiry,1,8.0,Salaried,Female,2,3.0,Super Deluxe,3.0,Married,2.0,1,4,1,0.0,AVP,31752.0
2063,0,36.0,Self Enquiry,1,6.0,Salaried,Female,2,3.0,Deluxe,4.0,Married,1.0,0,5,1,1.0,Manager,20228.0
2064,0,29.0,Self Enquiry,1,29.0,Salaried,Male,2,1.0,Basic,3.0,Married,2.0,0,1,1,1.0,Executive,17700.0
2065,1,58.0,Self Enquiry,1,8.0,Salaried,Male,2,3.0,King,4.0,Single,1.0,1,3,1,0.0,VP,34246.0
2066,0,35.0,Self Enquiry,1,6.0,Salaried,Female,2,1.0,Basic,3.0,Single,4.0,0,3,1,1.0,Executive,17506.0
2067,0,42.0,Self Enquiry,1,6.0,Salaried,Female,2,4.0,Deluxe,3.0,Married,1.0,1,3,0,0.0,Manager,21062.0
2069,0,36.0,Self Enquiry,2,19.0,Salaried,Male,2,3.0,Basic,4.0,Married,5.0,0,3,1,1.0,Executive,17143.0
2070,0,32.0,Self Enquiry,1,10.0,Salaried,Female,3,4.0,Deluxe,3.0,Married,2.0,0,4,1,1.0,Manager,21162.0
2071,0,40.0,Company Invited,1,22.0,Small Business,Male,2,4.0,Deluxe,3.0,Single,7.0,0,5,0,0.0,Manager,20094.0
2072,0,30.0,Self Enquiry,1,8.0,Small Business,Female,2,4.0,Deluxe,3.0,Unmarried,6.0,1,1,1,1.0,Manager,21877.0
2073,0,45.0,Self Enquiry,1,8.0,Salaried,Female,3,4.0,Basic,3.0,Single,2.0,0,3,1,0.0,Executive,17274.0
2075,0,38.0,Company Invited,1,18.0,Salaried,Male,1,4.0,Deluxe,5.0,Married,3.0,0,5,1,0.0,Manager,21288.0
2076,0,34.0,Company Invited,1,22.0,Salaried,Female,3,4.0,Basic,3.0,Single,2.0,0,5,1,2.0,Executive,17553.0
2077,1,49.0,Self Enquiry,3,17.0,Small Business,Female,2,3.0,Standard,3.0,Married,2.0,0,4,0,0.0,Senior Manager,22654.0
2078,1,55.0,Self Enquiry,3,8.0,Small Business,Male,2,3.0,Deluxe,3.0,Single,5.0,0,1,1,0.0,Manager,20160.0
2079,0,43.0,Self Enquiry,1,20.0,Salaried,Male,3,3.0,Super Deluxe,5.0,Married,7.0,0,5,1,1.0,AVP,32159.0
2080,0,27.0,Self Enquiry,1,11.0,Large Business,Male,2,4.0,Standard,3.0,Married,2.0,1,3,1,1.0,Senior Manager,27808.0
2081,0,35.0,Self Enquiry,1,13.0,Salaried,Male,2,3.0,Standard,3.0,Unmarried,4.0,0,3,0,1.0,Senior Manager,25221.0
2084,1,26.0,Company Invited,1,11.0,Small Business,Female,2,4.0,Basic,3.0,Married,2.0,1,1,0,1.0,Executive,17366.0
2085,0,27.0,Company Invited,1,9.0,Small Business,Male,2,3.0,Basic,3.0,Married,2.0,0,1,0,0.0,Executive,16706.0
2086,0,51.0,Self Enquiry,3,32.0,Small Business,Female,3,3.0,Super Deluxe,3.0,Married,3.0,0,3,1,1.0,AVP,31307.0
2087,0,44.0,Self Enquiry,1,10.0,Small Business,Male,2,3.0,Deluxe,4.0,Single,1.0,0,1,1,1.0,Manager,20933.0
2090,0,35.0,Self Enquiry,1,33.0,Small Business,Female,2,4.0,Basic,5.0,Single,2.0,0,4,0,1.0,Executive,17559.0
2091,0,36.0,Self Enquiry,3,6.0,Salaried,Male,2,3.0,Deluxe,3.0,Married,2.0,1,3,1,1.0,Manager,21201.0
2094,0,53.0,Self Enquiry,3,13.0,Small Business,Female,3,4.0,Standard,3.0,Married,1.0,1,1,0,1.0,Senior Manager,25934.0
2095,0,45.0,Self Enquiry,3,15.0,Small Business,Male,3,3.0,Standard,5.0,Married,5.0,1,1,0,0.0,Senior Manager,25761.0
2096,0,32.0,Self Enquiry,1,14.0,Small Business,Female,3,1.0,Deluxe,3.0,Married,6.0,0,3,1,2.0,Manager,20175.0
2097,0,52.0,Company Invited,1,31.0,Small Business,Female,2,4.0,Super Deluxe,3.0,Married,4.0,0,5,0,1.0,AVP,28826.0
2098,0,37.0,Self Enquiry,3,22.0,Small Business,Male,3,4.0,Deluxe,3.0,Married,5.0,0,5,1,0.0,Manager,21334.0
2101,0,44.0,Self Enquiry,1,14.0,Salaried,Male,3,1.0,Basic,3.0,Married,3.0,1,3,1,0.0,Executive,17818.0
2102,0,42.0,Company Invited,1,8.0,Small Business,Male,2,3.0,Basic,3.0,Single,6.0,1,1,1,1.0,Executive,17515.0
2103,0,36.0,Self Enquiry,2,14.0,Salaried,Male,3,4.0,Basic,5.0,Married,1.0,0,1,0,1.0,Executive,17342.0
2105,0,35.0,Self Enquiry,1,15.0,Salaried,Female,3,4.0,Standard,3.0,Married,2.0,1,4,1,2.0,Senior Manager,25685.0
2106,1,35.0,Company Invited,1,31.0,Salaried,Female,3,3.0,Basic,4.0,Married,2.0,1,3,1,1.0,Executive,17022.0
2107,0,32.0,Company Invited,1,6.0,Salaried,Male,3,3.0,Basic,3.0,Married,1.0,0,5,1,0.0,Executive,17314.0
2110,0,24.0,Company Invited,1,10.0,Salaried,Male,2,4.0,Basic,3.0,Married,1.0,0,3,0,1.0,Executive,18162.0
2111,0,32.0,Company Invited,3,11.0,Salaried,Male,2,3.0,Deluxe,4.0,Married,2.0,0,3,1,1.0,Manager,21524.0
2112,0,38.0,Self Enquiry,3,15.0,Small Business,Male,3,4.0,Basic,4.0,Married,1.0,0,4,0,2.0,Executive,17899.0
2113,0,42.0,Self Enquiry,1,9.0,Salaried,Female,3,1.0,Deluxe,3.0,Married,3.0,1,5,1,0.0,Manager,20231.0
2114,0,31.0,Self Enquiry,1,17.0,Salaried,Male,2,3.0,Basic,3.0,Married,4.0,1,3,0,0.0,Executive,17356.0
2115,1,29.0,Self Enquiry,3,6.0,Small Business,Female,2,4.0,Basic,3.0,Married,7.0,1,1,1,1.0,Executive,17800.0
2116,0,53.0,Self Enquiry,3,14.0,Small Business,Male,3,3.0,Super Deluxe,3.0,Married,6.0,0,3,1,0.0,AVP,26836.0
2117,0,35.0,Self Enquiry,1,31.0,Large Business,Male,3,4.0,Standard,4.0,Married,4.0,0,3,1,1.0,Senior Manager,25903.0
2118,0,37.0,Company Invited,3,27.0,Small Business,Female,2,3.0,Basic,3.0,Married,6.0,0,1,1,0.0,Executive,17973.0
2119,0,53.0,Self Enquiry,1,29.0,Salaried,Female,3,3.0,Super Deluxe,3.0,Single,7.0,0,5,1,1.0,AVP,29275.0
2120,0,43.0,Company Invited,1,6.0,Salaried,Female,2,3.0,Deluxe,3.0,Married,5.0,0,1,1,1.0,Manager,20562.0
2122,0,37.0,Company Invited,3,25.0,Small Business,Male,2,3.0,Standard,4.0,Unmarried,2.0,1,5,0,0.0,Senior Manager,22642.0
2123,0,50.0,Company Invited,1,8.0,Salaried,Male,3,3.0,Super Deluxe,5.0,Married,2.0,0,5,1,1.0,AVP,32924.0
2124,0,39.0,Self Enquiry,2,8.0,Salaried,Female,2,4.0,Deluxe,3.0,Married,1.0,0,3,1,0.0,Manager,20204.0
2125,0,33.0,Self Enquiry,2,9.0,Salaried,Male,2,3.0,Basic,4.0,Married,4.0,1,5,0,1.0,Executive,17277.0
2126,1,32.0,Self Enquiry,1,31.0,Salaried,Male,2,3.0,Basic,3.0,Single,2.0,1,5,0,0.0,Executive,17795.0
2127,0,29.0,Self Enquiry,1,13.0,Small Business,Female,3,4.0,Basic,3.0,Married,7.0,0,5,1,1.0,Executive,17532.0
2128,0,44.0,Self Enquiry,1,15.0,Salaried,Male,3,3.0,Basic,5.0,Married,2.0,1,3,1,0.0,Executive,17559.0
2130,1,58.0,Company Invited,1,8.0,Salaried,Male,2,4.0,Basic,3.0,Married,1.0,1,1,1,0.0,Executive,17380.0
2132,1,20.0,Self Enquiry,3,8.0,Small Business,Female,2,4.0,Basic,3.0,Single,2.0,0,4,1,0.0,Executive,17044.0
2133,1,21.0,Self Enquiry,1,24.0,Salaried,Female,3,3.0,Basic,3.0,Single,2.0,0,3,1,2.0,Executive,17693.0
2134,0,36.0,Self Enquiry,1,20.0,Salaried,Male,3,3.0,Deluxe,3.0,Married,1.0,1,5,1,0.0,Manager,21586.0
2135,0,47.0,Self Enquiry,3,8.0,Salaried,Female,3,4.0,Basic,3.0,Single,2.0,1,1,0,0.0,Executive,18294.0
2137,1,41.0,Self Enquiry,1,8.0,Salaried,Female,2,5.0,Basic,3.0,Married,5.0,1,3,0,1.0,Executive,17778.0
2138,0,28.0,Self Enquiry,1,15.0,Small Business,Female,3,3.0,Basic,3.0,Married,6.0,0,3,0,0.0,Executive,17377.0
2139,1,39.0,Self Enquiry,1,12.0,Small Business,Male,3,3.0,Basic,5.0,Married,1.0,1,1,1,1.0,Executive,17404.0
2140,0,27.0,Self Enquiry,1,10.0,Salaried,Female,3,3.0,Basic,3.0,Single,2.0,0,1,0,0.0,Executive,17318.0
2141,0,34.0,Self Enquiry,1,16.0,Salaried,Male,2,3.0,Basic,4.0,Married,2.0,0,1,1,1.0,Executive,17008.0
2142,0,42.0,Self Enquiry,3,20.0,Small Business,Female,3,4.0,Deluxe,3.0,Single,1.0,0,3,1,0.0,Manager,21244.0
2143,0,33.0,Self Enquiry,1,6.0,Salaried,Male,3,4.0,Basic,5.0,Single,4.0,1,4,1,1.0,Executive,17799.0
2144,0,58.0,Self Enquiry,1,11.0,Large Business,Female,2,4.0,Standard,4.0,Married,3.0,1,5,1,1.0,Senior Manager,25552.0
2145,0,31.0,Self Enquiry,3,13.0,Salaried,Male,2,4.0,Basic,3.0,Married,4.0,0,4,1,1.0,Executive,17329.0
2147,0,49.0,Self Enquiry,1,14.0,Salaried,Female,2,3.0,Standard,4.0,Married,5.0,0,4,0,1.0,Senior Manager,22403.0
2148,0,48.0,Self Enquiry,1,26.0,Small Business,Male,2,3.0,Basic,3.0,Married,5.0,0,1,1,0.0,Executive,17259.0
2149,0,31.0,Company Invited,3,26.0,Small Business,Female,2,3.0,Deluxe,3.0,Married,2.0,0,1,1,1.0,Manager,21932.0
2151,0,38.0,Self Enquiry,1,6.0,Large Business,Female,3,3.0,Standard,5.0,Married,2.0,0,4,1,1.0,Senior Manager,28582.0
2152,0,32.0,Company Invited,1,6.0,Salaried,Female,3,4.0,Basic,4.0,Married,7.0,0,3,0,2.0,Executive,17332.0
2153,1,25.0,Self Enquiry,3,25.0,Small Business,Male,2,4.0,Basic,4.0,Married,2.0,1,1,0,1.0,Executive,17413.0
2154,0,40.0,Self Enquiry,3,16.0,Small Business,Male,3,4.0,Standard,4.0,Married,3.0,0,4,0,0.0,Senior Manager,24705.0
2157,0,36.0,Self Enquiry,1,8.0,Small Business,Male,3,3.0,Basic,3.0,Single,5.0,0,5,1,1.0,Executive,17519.0
2158,1,19.0,Self Enquiry,3,27.0,Salaried,Male,2,4.0,Basic,4.0,Single,2.0,1,1,1,1.0,Executive,17121.0
2159,1,20.0,Self Enquiry,1,10.0,Large Business,Male,2,3.0,Basic,5.0,Single,2.0,0,3,1,0.0,Executive,17973.0
2160,0,31.0,Self Enquiry,1,18.0,Small Business,Female,2,3.0,Deluxe,3.0,Married,1.0,1,4,1,0.0,Manager,20855.0
2162,0,32.0,Self Enquiry,1,9.0,Small Business,Female,3,3.0,Deluxe,5.0,Married,2.0,0,1,1,0.0,Manager,21725.0
2163,1,36.0,Self Enquiry,3,9.0,Salaried,Male,2,4.0,Standard,3.0,Married,2.0,1,1,1,0.0,Senior Manager,25325.0
2164,0,33.0,Self Enquiry,1,6.0,Salaried,Female,2,4.0,Deluxe,3.0,Unmarried,1.0,0,4,1,1.0,Manager,21949.0
2165,1,37.0,Self Enquiry,3,6.0,Salaried,Male,2,4.0,Standard,3.0,Married,6.0,0,1,1,1.0,Senior Manager,25609.0
2167,0,29.0,Company Invited,3,26.0,Large Business,Female,2,3.0,Basic,3.0,Married,2.0,0,3,0,1.0,Executive,17157.0
2169,0,52.0,Self Enquiry,1,6.0,Salaried,Male,3,3.0,Super Deluxe,3.0,Married,3.0,0,1,1,2.0,AVP,32099.0
2170,1,58.0,Self Enquiry,1,8.0,Large Business,Male,2,3.0,Basic,3.0,Single,5.0,0,1,0,0.0,Executive,17479.0
2171,0,53.0,Self Enquiry,3,8.0,Small Business,Male,2,3.0,Super Deluxe,3.0,Married,7.0,0,3,1,0.0,AVP,29852.0
2172,0,30.0,Self Enquiry,3,14.0,Salaried,Male,3,3.0,Standard,3.0,Married,6.0,0,3,1,0.0,Senior Manager,22264.0
2173,0,38.0,Company Invited,3,16.0,Large Business,Female,2,3.0,Deluxe,3.0,Single,2.0,1,3,1,0.0,Manager,20666.0
2174,0,35.0,Self Enquiry,3,9.0,Salaried,Male,3,3.0,Standard,3.0,Married,7.0,0,5,0,2.0,Senior Manager,22823.0
2175,0,39.0,Self Enquiry,3,8.0,Salaried,Male,2,1.0,Standard,3.0,Unmarried,1.0,0,1,0,0.0,Senior Manager,22880.0
2176,1,40.0,Company Invited,3,30.0,Salaried,Fe Male,3,1.0,Super Deluxe,4.0,Unmarried,5.0,1,3,1,0.0,AVP,28194.0
2177,0,47.0,Company Invited,1,22.0,Small Business,Male,3,1.0,Deluxe,3.0,Married,2.0,1,1,1,0.0,Manager,20067.0
2178,0,36.0,Company Invited,3,14.0,Large Business,Male,2,3.0,Deluxe,3.0,Married,5.0,0,3,1,1.0,Manager,20079.0
2179,1,31.0,Company Invited,1,15.0,Small Business,Male,2,4.0,Basic,5.0,Single,1.0,1,3,0,1.0,Executive,17321.0
2180,0,33.0,Company Invited,3,23.0,Salaried,Male,2,3.0,Super Deluxe,3.0,Single,2.0,0,3,1,0.0,AVP,32444.0
2181,1,29.0,Self Enquiry,1,16.0,Salaried,Female,3,4.0,Basic,5.0,Single,7.0,1,5,1,0.0,Executive,17404.0
2183,0,45.0,Self Enquiry,1,6.0,Small Business,Female,3,3.0,Basic,3.0,Married,4.0,0,5,1,0.0,Executive,17270.0
2184,0,50.0,Self Enquiry,1,6.0,Small Business,Male,3,3.0,Super Deluxe,3.0,Married,1.0,0,5,0,2.0,AVP,32399.0
2185,0,33.0,Company Invited,1,6.0,Salaried,Female,2,1.0,Deluxe,4.0,Married,2.0,1,3,1,0.0,Manager,20488.0
2186,0,41.0,Company Invited,1,15.0,Small Business,Male,3,3.0,King,3.0,Married,3.0,0,4,0,2.0,VP,34419.0
2187,0,27.0,Self Enquiry,1,22.0,Large Business,Female,2,3.0,Basic,4.0,Married,1.0,0,1,1,0.0,Executive,17811.0
2190,1,30.0,Self Enquiry,1,28.0,Salaried,Female,2,3.0,Basic,3.0,Married,5.0,1,1,0,0.0,Executive,17132.0
2191,0,50.0,Self Enquiry,1,30.0,Salaried,Male,3,3.0,Super Deluxe,3.0,Married,4.0,1,4,1,2.0,AVP,28973.0
2192,0,38.0,Company Invited,1,16.0,Small Business,Male,3,3.0,Basic,3.0,Married,1.0,0,5,0,0.0,Executive,17684.0
2193,0,46.0,Self Enquiry,1,13.0,Small Business,Male,3,3.0,Standard,3.0,Married,7.0,0,1,1,1.0,Senior Manager,25845.0
2197,0,18.0,Company Invited,1,11.0,Salaried,Male,3,3.0,Basic,3.0,Single,2.0,0,1,0,1.0,Executive,16051.0
2198,0,54.0,Self Enquiry,1,23.0,Large Business,Female,2,3.0,Standard,3.0,Married,1.0,0,5,0,0.0,Senior Manager,25739.0
2199,0,35.0,Self Enquiry,1,31.0,Small Business,Female,2,3.0,Standard,3.0,Married,2.0,1,3,0,1.0,Senior Manager,25388.0
2200,0,30.0,Self Enquiry,1,14.0,Salaried,Female,3,1.0,Standard,5.0,Married,1.0,1,1,0,2.0,Senior Manager,26416.0
2201,1,20.0,Self Enquiry,1,17.0,Small Business,Female,3,4.0,Basic,5.0,Single,2.0,1,3,1,2.0,Executive,17600.0
2202,1,30.0,Company Invited,1,11.0,Small Business,Female,2,3.0,Basic,4.0,Single,1.0,0,3,0,0.0,Executive,17422.0
2203,0,26.0,Self Enquiry,1,8.0,Small Business,Male,2,1.0,Deluxe,3.0,Married,2.0,0,3,1,1.0,Manager,20472.0
2204,0,22.0,Self Enquiry,1,14.0,Salaried,Male,3,5.0,Basic,5.0,Married,2.0,0,1,0,1.0,Executive,17451.0
2206,0,48.0,Self Enquiry,1,10.0,Salaried,Male,3,4.0,Standard,3.0,Unmarried,1.0,0,5,1,0.0,Senior Manager,25999.0
2208,0,39.0,Self Enquiry,1,6.0,Salaried,Female,3,4.0,Super Deluxe,3.0,Married,2.0,0,3,1,0.0,AVP,27742.0
2211,0,42.0,Self Enquiry,3,11.0,Small Business,Male,2,3.0,King,3.0,Married,7.0,0,4,0,1.0,VP,33303.0
2212,0,50.0,Self Enquiry,1,15.0,Salaried,Male,3,3.0,Basic,3.0,Married,5.0,0,5,1,2.0,Executive,17380.0
2213,0,59.0,Self Enquiry,1,8.0,Salaried,Female,3,4.0,Super Deluxe,3.0,Single,4.0,1,5,1,0.0,AVP,28726.0
2215,0,55.0,Company Invited,1,24.0,Small Business,Male,3,3.0,Deluxe,4.0,Married,4.0,1,5,1,1.0,Manager,21385.0
2217,0,38.0,Self Enquiry,3,9.0,Salaried,Male,2,3.0,Deluxe,3.0,Unmarried,1.0,1,3,1,0.0,Manager,21861.0
2220,0,44.0,Self Enquiry,3,34.0,Small Business,Female,2,1.0,Super Deluxe,3.0,Married,4.0,1,1,1,0.0,AVP,28320.0
2221,0,50.0,Company Invited,3,6.0,Salaried,Female,3,3.0,Deluxe,3.0,Married,1.0,0,1,0,1.0,Manager,21347.0
2222,1,36.0,Self Enquiry,1,22.0,Salaried,Female,2,1.0,Basic,5.0,Single,2.0,0,1,1,0.0,Executive,17743.0
2223,0,39.0,Company Invited,1,28.0,Small Business,Fe Male,2,3.0,Standard,5.0,Unmarried,2.0,1,5,1,1.0,Senior Manager,25880.0
2224,0,33.0,Company Invited,3,14.0,Salaried,Female,2,4.0,Basic,3.0,Single,1.0,0,1,0,1.0,Executive,17342.0
2225,0,45.0,Self Enquiry,3,17.0,Salaried,Female,2,3.0,Super Deluxe,3.0,Married,4.0,0,4,0,1.0,AVP,32650.0
2227,0,34.0,Self Enquiry,3,6.0,Small Business,Male,3,1.0,Deluxe,3.0,Married,1.0,0,5,0,1.0,Manager,24725.0
2228,0,59.0,Self Enquiry,3,6.0,Large Business,Male,3,3.0,Standard,3.0,Married,4.0,1,1,1,0.0,Senior Manager,26904.0
2229,0,45.0,Self Enquiry,2,30.0,Small Business,Male,2,3.0,Basic,4.0,Single,2.0,0,4,0,1.0,Executive,17177.0
2230,0,53.0,Company Invited,3,8.0,Small Business,Female,2,4.0,Standard,4.0,Married,3.0,0,1,1,0.0,Senior Manager,22525.0
2232,1,26.0,Company Invited,1,8.0,Salaried,Male,2,3.0,Basic,5.0,Married,7.0,1,5,0,0.0,Executive,17042.0
2233,0,34.0,Self Enquiry,3,16.0,Salaried,Female,2,3.0,Basic,3.0,Married,2.0,1,1,0,1.0,Executive,17220.0
2234,0,28.0,Self Enquiry,3,16.0,Small Business,Male,3,3.0,Basic,4.0,Married,2.0,0,5,0,2.0,Executive,16052.0
2235,0,38.0,Company Invited,1,9.0,Salaried,Male,2,3.0,Basic,3.0,Married,4.0,0,3,1,0.0,Executive,17821.0
2236,0,50.0,Self Enquiry,1,8.0,Small Business,Male,3,3.0,King,3.0,Married,3.0,1,1,1,2.0,VP,34237.0
2238,0,40.0,Self Enquiry,3,32.0,Small Business,Male,3,3.0,Deluxe,5.0,Married,2.0,0,1,1,2.0,Manager,23396.0
2239,0,26.0,Company Invited,1,6.0,Small Business,Female,3,4.0,Basic,3.0,Married,2.0,0,1,0,0.0,Executive,17007.0
2240,0,46.0,Self Enquiry,1,6.0,Small Business,Male,2,3.0,King,3.0,Married,1.0,0,5,1,0.0,VP,34627.0
2241,0,54.0,Self Enquiry,3,8.0,Salaried,Female,2,4.0,Standard,3.0,Married,7.0,0,5,1,1.0,Senior Manager,25686.0
2242,0,56.0,Company Invited,1,15.0,Small Business,Female,3,3.0,Basic,3.0,Married,3.0,0,1,1,0.0,Executive,17942.0
2243,0,36.0,Self Enquiry,1,18.0,Small Business,Fe Male,2,4.0,Standard,3.0,Unmarried,1.0,0,1,1,0.0,Senior Manager,23858.0
2244,0,55.0,Company Invited,1,8.0,Small Business,Male,2,4.0,Super Deluxe,5.0,Single,1.0,0,3,1,1.0,AVP,31756.0
2245,0,43.0,Self Enquiry,3,31.0,Small Business,Male,3,4.0,Standard,3.0,Married,6.0,0,4,1,1.0,Senior Manager,25798.0
2246,1,20.0,Company Invited,3,15.0,Small Business,Female,2,3.0,Basic,3.0,Single,2.0,1,4,1,0.0,Executive,17323.0
2247,1,21.0,Self Enquiry,1,16.0,Salaried,Female,2,4.0,Basic,5.0,Single,2.0,0,3,0,1.0,Executive,16416.0
2249,1,51.0,Self Enquiry,1,10.0,Salaried,Male,2,3.0,Basic,3.0,Married,1.0,1,1,0,0.0,Executive,17461.0
2250,1,28.0,Company Invited,1,30.0,Large Business,Male,3,4.0,Standard,5.0,Unmarried,2.0,0,1,1,1.0,Senior Manager,23722.0
2252,0,30.0,Self Enquiry,1,26.0,Salaried,Male,2,3.0,Deluxe,5.0,Married,1.0,0,4,0,1.0,Manager,24957.0
2254,0,38.0,Self Enquiry,1,23.0,Salaried,Female,3,4.0,Standard,3.0,Married,1.0,0,1,1,2.0,Senior Manager,23823.0
2255,0,40.0,Self Enquiry,1,26.0,Large Business,Male,3,3.0,Standard,3.0,Married,5.0,0,3,1,1.0,Senior Manager,25322.0
2257,0,55.0,Company Invited,1,8.0,Salaried,Male,3,3.0,Standard,4.0,Married,4.0,0,1,0,1.0,Senior Manager,25976.0
2259,1,44.0,Self Enquiry,2,6.0,Small Business,Male,3,4.0,Standard,5.0,Married,1.0,0,4,1,0.0,Senior Manager,25482.0
2260,0,33.0,Self Enquiry,1,11.0,Salaried,Male,2,4.0,Standard,3.0,Married,5.0,0,3,1,1.0,Senior Manager,22119.0
2261,1,35.0,Self Enquiry,3,10.0,Large Business,Male,2,3.0,Standard,5.0,Unmarried,1.0,1,4,1,1.0,Senior Manager,24582.0
2263,0,28.0,Self Enquiry,1,21.0,Salaried,Male,2,3.0,Basic,3.0,Married,2.0,0,4,0,0.0,Executive,17207.0
2264,0,34.0,Company Invited,1,9.0,Salaried,Male,2,3.0,Deluxe,3.0,Unmarried,1.0,0,1,1,0.0,Manager,22756.0
2265,0,37.0,Self Enquiry,3,16.0,Salaried,Female,2,4.0,Deluxe,3.0,Married,3.0,1,4,1,1.0,Manager,21694.0
2267,1,26.0,Self Enquiry,1,27.0,Small Business,Male,2,3.0,Basic,3.0,Married,2.0,0,5,1,0.0,Executive,17377.0
2268,1,33.0,Self Enquiry,1,31.0,Small Business,Male,2,4.0,Basic,4.0,Single,5.0,1,4,1,0.0,Executive,17313.0
2269,0,42.0,Self Enquiry,1,8.0,Small Business,Male,2,3.0,Super Deluxe,5.0,Married,1.0,0,3,1,0.0,AVP,32665.0
2270,1,28.0,Company Invited,1,6.0,Small Business,Male,2,4.0,Basic,4.0,Married,2.0,0,4,1,0.0,Executive,17596.0
2273,0,34.0,Company Invited,1,9.0,Salaried,Male,2,4.0,Basic,3.0,Married,4.0,0,1,0,0.0,Executive,17979.0
2274,0,48.0,Company Invited,1,6.0,Small Business,Male,2,1.0,Super Deluxe,3.0,Single,3.0,0,1,0,0.0,AVP,31885.0
2275,0,45.0,Company Invited,3,15.0,Salaried,Female,3,4.0,Deluxe,3.0,Married,2.0,0,3,1,2.0,Manager,20593.0
2276,0,52.0,Self Enquiry,1,5.0,Salaried,Male,2,3.0,Standard,4.0,Unmarried,1.0,0,3,1,1.0,Senior Manager,25445.0
2277,0,38.0,Self Enquiry,3,16.0,Small Business,Male,3,4.0,Standard,3.0,Married,1.0,1,3,1,1.0,Senior Manager,23740.0
2278,0,29.0,Self Enquiry,1,34.0,Salaried,Female,3,3.0,Basic,3.0,Married,5.0,0,5,1,0.0,Executive,17514.0
2279,0,28.0,Self Enquiry,1,9.0,Small Business,Female,3,3.0,Standard,4.0,Married,1.0,0,4,0,0.0,Senior Manager,22655.0
2280,0,46.0,Self Enquiry,3,9.0,Small Business,Male,2,3.0,Super Deluxe,3.0,Married,4.0,0,1,1,0.0,AVP,32465.0
2281,0,38.0,Self Enquiry,3,8.0,Small Business,Male,2,3.0,Standard,4.0,Unmarried,1.0,0,4,1,1.0,Senior Manager,22351.0
2282,0,43.0,Company Invited,1,33.0,Salaried,Female,2,3.0,Standard,5.0,Married,1.0,0,4,1,0.0,Senior Manager,25820.0
2283,1,39.0,Company Invited,1,8.0,Salaried,Male,2,3.0,Super Deluxe,3.0,Married,1.0,0,3,1,0.0,AVP,27169.0
2284,0,40.0,Self Enquiry,1,20.0,Small Business,Male,2,4.0,King,3.0,Single,2.0,0,3,1,1.0,VP,34626.0
2285,0,21.0,Self Enquiry,1,6.0,Large Business,Female,3,4.0,Basic,4.0,Single,2.0,1,5,1,1.0,Executive,17070.0
2286,0,39.0,Company Invited,1,15.0,Salaried,Male,3,3.0,Deluxe,4.0,Unmarried,1.0,0,1,1,0.0,Manager,21782.0
2287,0,36.0,Company Invited,1,24.0,Salaried,Male,3,3.0,Deluxe,3.0,Unmarried,3.0,0,3,0,1.0,Manager,22779.0
2288,0,31.0,Company Invited,3,26.0,Salaried,Male,3,1.0,Basic,3.0,Married,1.0,0,5,1,0.0,Executive,17791.0
2289,0,28.0,Self Enquiry,1,8.0,Salaried,Male,3,4.0,Basic,4.0,Married,1.0,0,1,0,2.0,Executive,18201.0
2291,0,49.0,Self Enquiry,3,14.0,Large Business,Male,2,4.0,Super Deluxe,4.0,Married,7.0,0,4,1,1.0,AVP,28120.0
2293,0,29.0,Company Invited,1,16.0,Salaried,Female,3,3.0,Basic,4.0,Married,1.0,0,5,0,0.0,Executive,18291.0
2295,0,29.0,Self Enquiry,1,14.0,Small Business,Male,3,4.0,Deluxe,3.0,Married,2.0,1,3,1,1.0,Manager,20056.0
2296,0,38.0,Self Enquiry,2,6.0,Salaried,Male,2,1.0,Basic,3.0,Married,2.0,0,4,1,0.0,Executive,17844.0
2297,0,28.0,Company Invited,1,12.0,Salaried,Male,2,4.0,Basic,3.0,Married,2.0,1,4,1,1.0,Executive,17703.0
2298,1,18.0,Company Invited,1,14.0,Small Business,Male,3,3.0,Basic,3.0,Single,2.0,0,5,1,0.0,Executive,16904.0
2299,1,33.0,Self Enquiry,3,15.0,Small Business,Female,3,3.0,Deluxe,5.0,Unmarried,1.0,1,3,0,0.0,Manager,23224.0
2301,1,31.0,Company Invited,1,21.0,Small Business,Male,3,3.0,Basic,3.0,Married,2.0,0,4,1,0.0,Executive,17610.0
2302,0,37.0,Self Enquiry,1,31.0,Small Business,Female,2,4.0,Deluxe,3.0,Married,1.0,0,3,1,0.0,Manager,20731.0
2303,0,27.0,Self Enquiry,1,12.0,Salaried,Male,2,4.0,Basic,3.0,Married,2.0,0,1,1,1.0,Executive,17539.0
2304,0,34.0,Self Enquiry,3,15.0,Salaried,Female,3,3.0,Deluxe,3.0,Married,2.0,0,1,0,0.0,Manager,20714.0
2306,1,29.0,Self Enquiry,3,29.0,Salaried,Female,2,4.0,Standard,5.0,Married,2.0,0,3,1,1.0,Senior Manager,22336.0
2307,0,40.0,Company Invited,1,15.0,Small Business,Fe Male,2,3.0,Standard,3.0,Unmarried,1.0,0,4,1,1.0,Senior Manager,28499.0
2308,1,42.0,Company Invited,3,18.0,Salaried,Male,2,3.0,Super Deluxe,5.0,Single,1.0,1,5,1,1.0,AVP,28758.0
2309,0,42.0,Self Enquiry,3,10.0,Small Business,Male,2,3.0,Deluxe,5.0,Single,1.0,0,5,1,0.0,Manager,20155.0
2310,0,35.0,Self Enquiry,1,6.0,Small Business,Male,2,4.0,Basic,3.0,Married,7.0,0,1,1,1.0,Executive,17258.0
2312,1,28.0,Self Enquiry,1,18.0,Salaried,Female,3,3.0,Basic,3.0,Married,2.0,1,4,1,1.0,Executive,17515.0
2314,0,30.0,Self Enquiry,3,16.0,Small Business,Male,3,4.0,Deluxe,3.0,Married,2.0,0,1,0,1.0,Manager,21578.0
2316,0,35.0,Self Enquiry,1,8.0,Salaried,Male,2,4.0,Standard,4.0,Married,3.0,0,4,1,0.0,Senior Manager,25274.0
2317,0,34.0,Company Invited,1,7.0,Small Business,Male,3,4.0,Deluxe,5.0,Single,1.0,0,1,0,0.0,Manager,20343.0
2318,0,35.0,Company Invited,1,10.0,Salaried,Male,2,4.0,Basic,3.0,Married,2.0,0,1,1,1.0,Executive,17376.0
2319,1,43.0,Self Enquiry,3,15.0,Small Business,Female,2,5.0,Deluxe,3.0,Single,1.0,0,1,0,0.0,Manager,20346.0
2320,0,32.0,Company Invited,3,8.0,Salaried,Female,3,3.0,Basic,5.0,Married,2.0,0,3,1,0.0,Executive,17827.0
2322,0,29.0,Self Enquiry,1,12.0,Small Business,Female,2,3.0,Basic,3.0,Married,2.0,0,3,0,1.0,Executive,18131.0
2323,0,19.0,Self Enquiry,1,15.0,Salaried,Male,2,3.0,Basic,5.0,Single,2.0,0,3,0,1.0,Executive,17552.0
2325,0,37.0,Self Enquiry,1,7.0,Salaried,Female,2,4.0,Deluxe,3.0,Married,2.0,0,1,0,0.0,Manager,21474.0
2326,0,20.0,Self Enquiry,1,5.0,Salaried,Male,2,4.0,Basic,3.0,Single,2.0,0,3,0,0.0,Executive,18033.0
2327,1,44.0,Self Enquiry,1,16.0,Salaried,Male,3,3.0,Basic,3.0,Single,2.0,1,3,1,0.0,Executive,17936.0
2328,0,53.0,Self Enquiry,1,13.0,Small Business,Female,2,3.0,King,3.0,Married,4.0,0,1,1,1.0,VP,33606.0
2329,0,29.0,Self Enquiry,1,21.0,Salaried,Female,3,5.0,Basic,3.0,Married,1.0,1,5,1,1.0,Executive,17168.0
2330,1,22.0,Company Invited,1,9.0,Salaried,Male,2,4.0,Basic,3.0,Married,1.0,1,3,0,1.0,Executive,17853.0
2331,0,46.0,Self Enquiry,3,8.0,Small Business,Female,3,3.0,Super Deluxe,5.0,Married,1.0,0,1,1,1.0,AVP,32048.0
2332,0,44.0,Company Invited,1,23.0,Salaried,Male,3,5.0,Basic,3.0,Single,3.0,0,4,1,1.0,Executive,17290.0
2334,1,41.0,Company Invited,1,11.0,Salaried,Male,3,4.0,Basic,5.0,Married,7.0,0,3,0,1.0,Executive,17107.0
2337,0,50.0,Company Invited,1,8.0,Small Business,Female,1,3.0,Super Deluxe,5.0,Married,3.0,0,3,0,0.0,AVP,32856.0
2338,0,28.0,Self Enquiry,1,25.0,Small Business,Male,3,4.0,Basic,5.0,Married,2.0,0,3,1,1.0,Executive,18196.0
2339,0,46.0,Self Enquiry,1,21.0,Salaried,Male,2,3.0,King,4.0,Married,6.0,0,3,1,1.0,VP,34081.0
2340,0,35.0,Self Enquiry,3,23.0,Salaried,Male,3,3.0,Deluxe,5.0,Married,4.0,1,3,0,2.0,Manager,23966.0
2341,1,24.0,Self Enquiry,1,23.0,Salaried,Female,3,3.0,Basic,4.0,Married,2.0,0,1,1,2.0,Executive,17210.0
2343,0,36.0,Self Enquiry,1,12.0,Salaried,Male,2,5.0,Basic,3.0,Married,2.0,0,1,1,0.0,Executive,17741.0
2346,0,20.0,Self Enquiry,3,27.0,Small Business,Male,2,1.0,Basic,3.0,Single,2.0,0,3,1,1.0,Executive,17678.0
2347,0,46.0,Self Enquiry,1,8.0,Large Business,Male,2,3.0,Deluxe,3.0,Married,3.0,0,1,0,0.0,Manager,22379.0
2348,0,42.0,Company Invited,2,8.0,Small Business,Male,3,1.0,Deluxe,5.0,Married,1.0,0,1,1,1.0,Manager,21272.0
2349,0,60.0,Self Enquiry,3,13.0,Small Business,Male,2,1.0,Deluxe,3.0,Married,1.0,1,5,0,0.0,Manager,20220.0
2350,0,32.0,Company Invited,1,19.0,Salaried,Female,3,4.0,Basic,4.0,Married,2.0,0,5,1,0.0,Executive,17743.0
2352,0,36.0,Self Enquiry,1,7.0,Large Business,Female,3,5.0,Standard,5.0,Married,3.0,1,1,1,0.0,Senior Manager,25252.0
2353,0,33.0,Self Enquiry,1,15.0,Small Business,Male,2,3.0,Basic,3.0,Married,1.0,0,1,0,1.0,Executive,17781.0
2354,0,40.0,Self Enquiry,3,16.0,Large Business,Female,2,4.0,Deluxe,4.0,Married,1.0,0,5,1,1.0,Manager,21852.0
2357,0,42.0,Company Invited,1,32.0,Small Business,Female,2,3.0,Standard,5.0,Married,4.0,1,3,0,0.0,Senior Manager,28191.0
2358,0,35.0,Company Invited,3,14.0,Small Business,Female,3,4.0,Standard,3.0,Married,5.0,1,5,1,2.0,Senior Manager,25377.0
2359,0,27.0,Self Enquiry,1,20.0,Salaried,Male,2,3.0,Basic,5.0,Married,2.0,1,4,1,0.0,Executive,17235.0
2360,0,54.0,Company Invited,1,7.0,Salaried,Female,2,3.0,Standard,3.0,Married,1.0,0,5,0,1.0,Senior Manager,25502.0
2361,0,44.0,Self Enquiry,1,8.0,Salaried,Female,3,1.0,Basic,3.0,Married,2.0,0,4,1,2.0,Executive,17011.0
2362,1,19.0,Company Invited,1,16.0,Small Business,Female,3,4.0,Basic,4.0,Single,2.0,1,5,0,2.0,Executive,16859.0
2364,0,54.0,Self Enquiry,1,9.0,Salaried,Male,2,3.0,Super Deluxe,3.0,Married,4.0,0,5,0,0.0,AVP,32779.0
2365,0,31.0,Self Enquiry,1,17.0,Small Business,Male,3,3.0,Deluxe,5.0,Married,2.0,1,1,1,1.0,Manager,21833.0
2366,0,31.0,Self Enquiry,1,30.0,Small Business,Female,3,4.0,Deluxe,5.0,Unmarried,2.0,0,5,1,0.0,Manager,21812.0
2367,0,59.0,Self Enquiry,3,9.0,Salaried,Female,2,4.0,Deluxe,3.0,Single,6.0,0,3,0,0.0,Manager,20171.0
2369,0,49.0,Self Enquiry,1,10.0,Small Business,Male,2,4.0,King,3.0,Married,3.0,0,3,0,1.0,VP,33711.0
2371,1,48.0,Company Invited,3,30.0,Salaried,Male,3,5.0,Basic,3.0,Single,2.0,1,1,1,2.0,Executive,17559.0
2372,1,27.0,Self Enquiry,3,8.0,Small Business,Female,3,5.0,King,4.0,Single,3.0,1,5,1,1.0,VP,17517.0
2373,1,29.0,Company Invited,1,16.0,Salaried,Female,2,4.0,Basic,3.0,Unmarried,2.0,0,4,1,0.0,Executive,21623.0
2374,1,48.0,Self Enquiry,1,21.0,Small Business,Female,3,3.0,Standard,3.0,Married,2.0,0,3,0,0.0,Senior Manager,33265.0
2375,1,29.0,Self Enquiry,1,13.0,Large Business,Female,2,3.0,Basic,3.0,Married,4.0,1,4,1,0.0,Executive,31124.0
2376,1,34.0,Self Enquiry,1,13.0,Salaried,Male,3,3.0,Deluxe,3.0,Married,2.0,0,3,0,0.0,Manager,17585.0
2377,1,44.0,Self Enquiry,1,29.0,Small Business,Male,3,3.0,Basic,5.0,Single,1.0,0,3,0,2.0,Executive,33213.0
2378,1,33.0,Self Enquiry,3,31.0,Small Business,Male,2,4.0,Standard,4.0,Unmarried,3.0,1,5,1,0.0,Senior Manager,23380.0
2379,1,19.0,Self Enquiry,3,11.0,Salaried,Male,3,3.0,Standard,4.0,Single,1.0,1,4,1,0.0,Senior Manager,17994.0
2380,1,23.0,Company Invited,3,7.0,Salaried,Female,2,3.0,Basic,4.0,Single,2.0,1,5,1,1.0,Executive,16223.0
2381,1,25.0,Self Enquiry,1,9.0,Salaried,Male,2,3.0,Basic,5.0,Married,5.0,0,5,1,0.0,Executive,16118.0
2382,1,26.0,Self Enquiry,1,13.0,Small Business,Female,2,4.0,Standard,5.0,Married,1.0,1,4,1,1.0,Senior Manager,17875.0
2383,1,45.0,Self Enquiry,3,19.0,Small Business,Male,2,1.0,Super Deluxe,3.0,Single,7.0,1,3,1,0.0,AVP,33824.0
2384,1,55.0,Company Invited,3,8.0,Salaried,Fe Male,2,4.0,Basic,3.0,Single,1.0,0,5,0,0.0,Executive,28577.0
2385,1,21.0,Company Invited,3,24.0,Small Business,Female,3,3.0,Deluxe,3.0,Married,1.0,1,5,0,1.0,Manager,17625.0
2386,1,46.0,Self Enquiry,1,28.0,Small Business,Male,3,3.0,Deluxe,3.0,Married,2.0,1,5,1,2.0,Manager,33789.0
2389,1,59.0,Company Invited,1,20.0,Salaried,Fe Male,2,3.0,Standard,3.0,Unmarried,1.0,1,5,1,0.0,Senior Manager,25512.0
2391,1,28.0,Self Enquiry,1,14.0,Salaried,Female,2,4.0,Basic,4.0,Single,2.0,0,4,0,1.0,Executive,17154.0
2392,1,44.0,Self Enquiry,3,15.0,Salaried,Male,3,4.0,Basic,5.0,Married,4.0,0,1,1,2.0,Executive,34190.0
2395,1,42.0,Company Invited,1,7.0,Salaried,Female,3,1.0,Standard,4.0,Single,2.0,0,3,1,0.0,Senior Manager,17372.0
2396,1,43.0,Company Invited,1,8.0,Salaried,Male,3,3.0,Basic,3.0,Married,7.0,1,3,0,0.0,Executive,25231.0
2397,1,36.0,Self Enquiry,2,15.0,Large Business,Female,2,3.0,Basic,3.0,Married,2.0,0,1,1,0.0,Executive,20410.0
2398,1,44.0,Company Invited,3,7.0,Large Business,Male,3,3.0,Basic,3.0,Married,4.0,0,3,1,1.0,Executive,22978.0
2400,1,51.0,Self Enquiry,3,30.0,Small Business,Female,2,4.0,Deluxe,4.0,Single,1.0,1,5,1,1.0,Manager,17838.0
2402,1,29.0,Company Invited,1,8.0,Small Business,Male,2,4.0,Basic,5.0,Single,1.0,0,4,1,1.0,Executive,18339.0
2403,1,28.0,Self Enquiry,1,7.0,Large Business,Male,3,4.0,Basic,5.0,Single,7.0,0,3,1,1.0,Executive,17080.0
2404,1,25.0,Self Enquiry,1,15.0,Salaried,Male,2,3.0,Basic,5.0,Single,4.0,0,1,1,0.0,Executive,17096.0
2405,1,32.0,Company Invited,1,9.0,Salaried,Female,2,3.0,Basic,3.0,Single,2.0,0,4,1,0.0,Executive,21209.0
2406,1,45.0,Self Enquiry,3,7.0,Salaried,Male,3,4.0,Deluxe,5.0,Married,2.0,0,4,1,2.0,Manager,33061.0
2407,1,39.0,Self Enquiry,1,8.0,Salaried,Female,3,3.0,Basic,5.0,Married,2.0,1,1,1,0.0,Executive,32123.0
2408,1,58.0,Self Enquiry,1,8.0,Large Business,Female,3,4.0,Standard,3.0,Married,1.0,0,5,0,0.0,Senior Manager,17372.0
2412,1,36.0,Self Enquiry,3,16.0,Small Business,Male,2,4.0,Standard,5.0,Married,1.0,0,5,0,0.0,Senior Manager,22094.0
2414,1,28.0,Self Enquiry,1,13.0,Salaried,Male,3,3.0,Basic,5.0,Unmarried,4.0,1,3,0,2.0,Executive,21674.0
2415,1,50.0,Company Invited,3,18.0,Salaried,Male,2,3.0,Deluxe,3.0,Single,4.0,1,3,1,1.0,Manager,31880.0
2416,1,40.0,Self Enquiry,1,14.0,Small Business,Male,3,4.0,Basic,3.0,Unmarried,2.0,1,4,1,2.0,Executive,24094.0
2417,1,52.0,Company Invited,3,13.0,Small Business,Female,3,3.0,Basic,3.0,Married,3.0,1,4,1,2.0,Executive,23446.0
2418,1,30.0,Self Enquiry,1,8.0,Salaried,Male,3,3.0,Basic,4.0,Unmarried,2.0,0,3,0,0.0,Executive,26916.0
2420,1,31.0,Self Enquiry,2,28.0,Salaried,Male,2,5.0,Basic,3.0,Married,2.0,0,1,0,1.0,Executive,24852.0
2421,1,41.0,Company Invited,3,15.0,Salaried,Male,2,5.0,Super Deluxe,3.0,Married,1.0,0,5,1,1.0,AVP,21151.0
2422,1,31.0,Self Enquiry,3,19.0,Small Business,Male,3,4.0,Deluxe,5.0,Married,6.0,1,1,1,0.0,Manager,17302.0
2423,1,44.0,Self Enquiry,3,7.0,Salaried,Male,2,5.0,Deluxe,4.0,Single,7.0,0,3,0,1.0,Manager,17362.0
2424,1,42.0,Company Invited,2,14.0,Salaried,Female,3,4.0,Basic,3.0,Married,7.0,0,5,1,1.0,Executive,32861.0
2425,1,55.0,Self Enquiry,3,15.0,Small Business,Female,2,5.0,Basic,4.0,Single,2.0,0,1,1,1.0,Executive,34187.0
2428,1,34.0,Company Invited,1,23.0,Large Business,Male,2,4.0,Basic,3.0,Married,1.0,1,5,1,1.0,Executive,23500.0
2432,1,51.0,Self Enquiry,3,33.0,Salaried,Male,2,3.0,Deluxe,3.0,Single,2.0,1,5,1,1.0,Manager,29026.0
2433,1,38.0,Company Invited,1,15.0,Salaried,Male,3,3.0,Deluxe,5.0,Married,5.0,0,3,0,2.0,Manager,21893.0
2434,1,34.0,Self Enquiry,1,16.0,Small Business,Male,2,3.0,Deluxe,5.0,Single,2.0,0,4,0,0.0,Manager,21125.0
2436,1,58.0,Self Enquiry,1,27.0,Small Business,Female,3,3.0,Deluxe,4.0,Married,5.0,0,3,1,1.0,Manager,25008.0
2437,1,40.0,Self Enquiry,2,24.0,Salaried,Male,2,1.0,Basic,5.0,Married,1.0,0,1,1,1.0,Executive,17387.0
2439,1,48.0,Self Enquiry,3,8.0,Small Business,Male,2,4.0,Deluxe,4.0,Unmarried,1.0,1,1,1,0.0,Manager,22898.0
2440,1,27.0,Company Invited,1,30.0,Salaried,Male,3,4.0,Basic,3.0,Single,2.0,1,3,1,1.0,Executive,17534.0
2441,1,51.0,Self Enquiry,3,16.0,Salaried,Female,3,3.0,Standard,4.0,Married,6.0,0,1,1,2.0,Senior Manager,28142.0
2442,1,18.0,Self Enquiry,3,15.0,Small Business,Male,2,3.0,Basic,3.0,Single,2.0,0,5,0,1.0,Executive,16611.0
2443,1,35.0,Self Enquiry,1,13.0,Salaried,Male,3,3.0,Basic,4.0,Single,2.0,1,3,1,1.0,Executive,20363.0
2444,1,42.0,Self Enquiry,3,7.0,Salaried,Fe Male,4,4.0,Deluxe,3.0,Unmarried,2.0,1,2,1,1.0,Manager,24671.0
2445,0,50.0,Company Invited,1,15.0,Salaried,Male,4,5.0,Deluxe,4.0,Divorced,3.0,0,3,1,3.0,Manager,23808.0
2446,1,38.0,Self Enquiry,1,9.0,Free Lancer,Male,4,5.0,Basic,3.0,Single,8.0,1,3,0,1.0,Executive,20768.0
2447,0,34.0,Company Invited,1,10.0,Salaried,Female,3,4.0,Basic,3.0,Divorced,3.0,1,5,1,2.0,Executive,21587.0
2448,0,28.0,Self Enquiry,1,9.0,Small Business,Male,3,4.0,Basic,4.0,Divorced,2.0,0,5,1,1.0,Executive,22146.0
2449,0,33.0,Company Invited,1,9.0,Salaried,Male,4,4.0,Basic,3.0,Unmarried,2.0,0,5,1,2.0,Executive,21746.0
2450,0,60.0,Self Enquiry,1,10.0,Small Business,Female,3,3.0,Basic,5.0,Divorced,6.0,1,2,1,2.0,Executive,21348.0
2451,0,31.0,Self Enquiry,1,31.0,Salaried,Male,4,4.0,Basic,3.0,Married,3.0,0,2,0,2.0,Executive,21371.0
2452,0,39.0,Company Invited,1,30.0,Salaried,Male,3,5.0,Standard,3.0,Unmarried,2.0,0,3,0,1.0,Senior Manager,28204.0
2453,0,37.0,Self Enquiry,1,34.0,Small Business,Male,4,4.0,Deluxe,3.0,Divorced,8.0,0,3,1,1.0,Manager,23915.0
2454,0,36.0,Self Enquiry,1,23.0,Small Business,Male,3,3.0,Basic,4.0,Divorced,2.0,0,3,1,2.0,Executive,21104.0
2455,0,30.0,Self Enquiry,1,22.0,Salaried,Female,3,5.0,Deluxe,3.0,Unmarried,2.0,1,3,0,1.0,Manager,22871.0
2456,0,32.0,Self Enquiry,1,33.0,Salaried,Male,3,4.0,Basic,3.0,Married,3.0,0,3,0,2.0,Executive,21589.0
2457,0,35.0,Self Enquiry,1,26.0,Small Business,Male,4,4.0,Basic,3.0,Married,2.0,0,3,0,3.0,Executive,21339.0
2458,1,29.0,Self Enquiry,1,31.0,Salaried,Male,3,5.0,Basic,3.0,Single,7.0,1,2,0,1.0,Executive,20706.0
2459,0,30.0,Self Enquiry,1,28.0,Salaried,Female,3,3.0,Standard,5.0,Married,3.0,0,5,1,2.0,Senior Manager,28658.0
2460,0,33.0,Self Enquiry,1,12.0,Salaried,Male,4,3.0,Basic,4.0,Married,2.0,1,2,1,1.0,Executive,21976.0
2461,0,23.0,Company Invited,1,23.0,Small Business,Male,4,3.0,Basic,3.0,Married,3.0,1,3,0,1.0,Executive,21613.0
2462,0,54.0,Self Enquiry,3,9.0,Salaried,Female,4,5.0,Super Deluxe,3.0,Divorced,4.0,0,3,1,1.0,AVP,34105.0
2463,0,39.0,Self Enquiry,1,9.0,Salaried,Male,3,4.0,Basic,3.0,Unmarried,7.0,1,4,0,2.0,Executive,22622.0
2464,0,25.0,Company Invited,1,18.0,Salaried,Female,4,3.0,Deluxe,3.0,Married,2.0,0,3,1,3.0,Manager,22689.0
2465,1,37.0,Self Enquiry,3,16.0,Salaried,Male,3,5.0,Deluxe,5.0,Unmarried,2.0,0,2,0,1.0,Manager,22085.0
2466,0,35.0,Self Enquiry,1,14.0,Salaried,Female,3,4.0,Standard,4.0,Single,2.0,0,3,1,1.0,Senior Manager,30672.0
2468,1,35.0,Self Enquiry,1,13.0,Small Business,Male,3,4.0,Basic,5.0,Unmarried,4.0,0,2,1,2.0,Executive,21638.0
2470,1,33.0,Company Invited,1,23.0,Salaried,Female,4,6.0,Basic,5.0,Unmarried,3.0,1,4,1,3.0,Executive,22597.0
2471,0,43.0,Self Enquiry,3,15.0,Small Business,Male,3,4.0,Deluxe,4.0,Divorced,2.0,0,3,0,2.0,Manager,25503.0
2472,0,45.0,Self Enquiry,1,14.0,Small Business,Female,3,5.0,Standard,3.0,Divorced,5.0,0,4,1,1.0,Senior Manager,28926.0
2474,0,34.0,Self Enquiry,1,9.0,Small Business,Male,4,4.0,Basic,3.0,Single,6.0,0,3,1,3.0,Executive,21174.0
2475,0,45.0,Self Enquiry,1,17.0,Salaried,Male,3,4.0,Deluxe,3.0,Divorced,4.0,1,3,1,2.0,Manager,25143.0
2476,0,31.0,Self Enquiry,1,16.0,Small Business,Male,3,5.0,Basic,3.0,Single,3.0,0,4,1,2.0,Executive,20884.0
2477,1,40.0,Self Enquiry,3,12.0,Large Business,Male,3,4.0,Deluxe,3.0,Divorced,5.0,0,2,0,2.0,Manager,20764.0
2478,1,25.0,Self Enquiry,1,7.0,Small Business,Male,4,4.0,Basic,3.0,Divorced,4.0,1,3,1,3.0,Executive,20971.0
2479,0,44.0,Self Enquiry,1,9.0,Small Business,Female,4,3.0,Basic,3.0,Married,3.0,0,2,0,2.0,Executive,21323.0
2480,1,51.0,Self Enquiry,3,10.0,Small Business,Male,3,5.0,Basic,3.0,Divorced,3.0,1,4,0,1.0,Executive,21361.0
2481,0,36.0,Self Enquiry,3,9.0,Small Business,Female,4,4.0,Basic,3.0,Divorced,3.0,0,2,1,1.0,Executive,20692.0
2482,0,37.0,Self Enquiry,1,12.0,Salaried,Female,3,5.0,Basic,5.0,Divorced,2.0,1,2,1,1.0,Executive,98678.0
2483,0,34.0,Company Invited,3,7.0,Salaried,Female,3,3.0,Deluxe,5.0,Divorced,4.0,0,3,1,1.0,Manager,24054.0
2484,0,36.0,Self Enquiry,1,11.0,Salaried,Male,4,4.0,Basic,3.0,Married,3.0,0,4,0,1.0,Executive,20629.0
2485,0,28.0,Self Enquiry,1,9.0,Salaried,Female,3,4.0,Basic,5.0,Married,3.0,0,3,0,2.0,Executive,21019.0
2486,1,27.0,Self Enquiry,1,32.0,Salaried,Male,3,6.0,Basic,3.0,Single,3.0,0,2,1,2.0,Executive,20971.0
2487,0,28.0,Company Invited,3,15.0,Salaried,Male,3,4.0,Standard,3.0,Unmarried,3.0,0,2,1,1.0,Senior Manager,27404.0
2488,0,31.0,Company Invited,1,7.0,Small Business,Female,3,4.0,Deluxe,3.0,Unmarried,3.0,0,3,1,1.0,Manager,22689.0
2489,1,42.0,Self Enquiry,1,19.0,Large Business,Female,3,4.0,King,3.0,Divorced,3.0,0,4,1,1.0,VP,38223.0
2490,0,35.0,Company Invited,3,30.0,Small Business,Male,4,4.0,Deluxe,3.0,Unmarried,2.0,0,5,1,2.0,Manager,23246.0
2491,0,38.0,Self Enquiry,1,26.0,Salaried,Male,4,4.0,Basic,4.0,Divorced,6.0,0,4,1,2.0,Executive,21700.0
2492,0,47.0,Company Invited,3,12.0,Small Business,Male,4,4.0,Deluxe,3.0,Unmarried,6.0,1,5,1,2.0,Manager,24450.0
2493,0,36.0,Self Enquiry,1,15.0,Salaried,Male,3,3.0,Basic,3.0,Divorced,3.0,0,5,1,2.0,Executive,20947.0
2494,1,49.0,Self Enquiry,1,7.0,Salaried,Male,4,5.0,Standard,3.0,Unmarried,2.0,1,5,0,3.0,Senior Manager,24059.0
2495,1,29.0,Self Enquiry,1,12.0,Large Business,Male,3,4.0,Basic,3.0,Unmarried,3.0,1,2,1,1.0,Executive,22119.0
2496,0,45.0,Self Enquiry,3,7.0,Small Business,Female,4,4.0,Deluxe,5.0,Married,7.0,1,2,0,1.0,Manager,24132.0
2497,0,36.0,Company Invited,1,18.0,Small Business,Male,4,5.0,Standard,5.0,Divorced,4.0,1,5,1,2.0,Senior Manager,28562.0
2498,0,27.0,Self Enquiry,3,30.0,Small Business,Female,3,5.0,Deluxe,3.0,Divorced,2.0,1,2,1,1.0,Manager,22835.0
2499,0,34.0,Company Invited,1,7.0,Salaried,Female,4,4.0,Standard,3.0,Single,3.0,1,2,1,1.0,Senior Manager,32136.0
2500,0,36.0,Company Invited,3,25.0,Salaried,Male,4,4.0,Standard,5.0,Divorced,3.0,0,4,1,1.0,Senior Manager,27747.0
2501,0,36.0,Self Enquiry,1,30.0,Small Business,Female,2,4.0,Basic,5.0,Divorced,5.0,1,4,1,1.0,Executive,22692.0
2502,0,32.0,Self Enquiry,1,14.0,Salaried,Male,3,4.0,Deluxe,3.0,Married,5.0,0,3,1,1.0,Manager,24593.0
2503,0,38.0,Self Enquiry,1,7.0,Salaried,Male,3,5.0,Deluxe,3.0,Married,3.0,0,5,1,2.0,Manager,24671.0
2504,0,33.0,Self Enquiry,1,7.0,Small Business,Male,3,4.0,Deluxe,3.0,Divorced,3.0,1,4,1,1.0,Manager,24840.0
2505,0,39.0,Company Invited,1,36.0,Salaried,Female,3,4.0,Deluxe,3.0,Single,3.0,0,3,1,1.0,Manager,21084.0
2507,0,60.0,Self Enquiry,3,32.0,Salaried,Fe Male,3,4.0,Standard,5.0,Unmarried,2.0,0,3,1,1.0,Senior Manager,26315.0
2508,0,37.0,Self Enquiry,1,15.0,Large Business,Female,3,4.0,Standard,3.0,Married,3.0,0,4,1,2.0,Senior Manager,28774.0
2509,0,56.0,Self Enquiry,1,15.0,Small Business,Female,3,4.0,Super Deluxe,3.0,Married,4.0,1,3,0,2.0,AVP,33434.0
2510,0,37.0,Company Invited,1,18.0,Salaried,Male,4,5.0,Deluxe,4.0,Unmarried,3.0,0,4,1,2.0,Manager,25177.0
2511,0,46.0,Self Enquiry,1,14.0,Salaried,Male,3,4.0,Standard,5.0,Married,4.0,0,3,1,2.0,Senior Manager,28402.0
2512,0,36.0,Company Invited,1,7.0,Small Business,Male,4,4.0,Basic,5.0,Divorced,6.0,0,2,0,2.0,Executive,20872.0
2513,1,37.0,Self Enquiry,1,16.0,Small Business,Male,4,5.0,Basic,3.0,Divorced,2.0,1,2,0,2.0,Executive,22066.0
2514,0,60.0,Company Invited,3,7.0,Salaried,Fe Male,3,5.0,Deluxe,3.0,Unmarried,2.0,0,5,1,2.0,Manager,24151.0
2515,0,30.0,Self Enquiry,1,9.0,Salaried,Male,4,4.0,Basic,4.0,Divorced,2.0,0,4,0,1.0,Executive,21381.0
2516,0,32.0,Self Enquiry,1,7.0,Small Business,Male,3,4.0,Basic,4.0,Single,3.0,0,3,0,1.0,Executive,21179.0
2517,0,33.0,Self Enquiry,1,7.0,Salaried,Male,4,4.0,Deluxe,4.0,Divorced,3.0,0,3,0,1.0,Manager,24898.0
2518,0,37.0,Self Enquiry,1,13.0,Salaried,Female,3,3.0,Deluxe,3.0,Divorced,5.0,0,2,0,1.0,Manager,21716.0
2519,0,32.0,Self Enquiry,1,15.0,Salaried,Female,4,4.0,Deluxe,3.0,Unmarried,3.0,0,5,0,2.0,Manager,23102.0
2520,0,36.0,Self Enquiry,3,7.0,Small Business,Male,3,5.0,Deluxe,5.0,Unmarried,2.0,0,2,0,2.0,Manager,22990.0
2521,0,46.0,Self Enquiry,1,13.0,Salaried,Male,3,4.0,Standard,5.0,Divorced,6.0,1,3,0,1.0,Senior Manager,31923.0
2522,0,38.0,Self Enquiry,1,14.0,Small Business,Male,2,4.0,Standard,3.0,Single,6.0,0,2,0,1.0,Senior Manager,32342.0
2523,0,47.0,Self Enquiry,2,12.0,Small Business,Male,4,4.0,Deluxe,4.0,Married,2.0,1,5,0,2.0,Manager,23699.0
2524,0,31.0,Self Enquiry,1,7.0,Salaried,Male,3,5.0,Deluxe,3.0,Divorced,3.0,1,2,1,2.0,Manager,23804.0
2525,0,36.0,Self Enquiry,1,7.0,Small Business,Male,2,5.0,Basic,3.0,Unmarried,3.0,0,4,1,1.0,Executive,21537.0
2526,0,56.0,Self Enquiry,3,7.0,Salaried,Male,4,4.0,Standard,3.0,Divorced,5.0,0,2,0,2.0,Senior Manager,28917.0
2527,0,39.0,Company Invited,1,13.0,Small Business,Female,4,6.0,Deluxe,3.0,Married,2.0,1,2,0,3.0,Manager,24007.0
2528,0,35.0,Self Enquiry,1,7.0,Small Business,Male,4,4.0,Deluxe,4.0,Divorced,3.0,0,5,0,1.0,Manager,23003.0
2529,0,57.0,Self Enquiry,1,14.0,Salaried,Male,3,6.0,Standard,3.0,Unmarried,6.0,0,2,0,1.0,Senior Manager,25938.0
2530,0,24.0,Self Enquiry,3,9.0,Large Business,Male,4,4.0,Basic,5.0,Married,5.0,0,3,1,2.0,Executive,21000.0
2531,0,52.0,Self Enquiry,1,16.0,Salaried,Male,4,4.0,Basic,3.0,Divorced,5.0,0,3,1,1.0,Executive,20753.0
2532,0,31.0,Self Enquiry,1,9.0,Salaried,Male,3,5.0,Deluxe,3.0,Divorced,3.0,0,4,1,1.0,Manager,22830.0
2533,1,47.0,Self Enquiry,3,16.0,Small Business,Male,4,5.0,Standard,3.0,Unmarried,3.0,0,5,0,2.0,Senior Manager,28297.0
2534,0,41.0,Company Invited,1,7.0,Salaried,Male,4,5.0,Super Deluxe,4.0,Divorced,3.0,0,2,1,3.0,AVP,32181.0
2535,0,52.0,Self Enquiry,3,28.0,Small Business,Male,4,4.0,Deluxe,3.0,Unmarried,2.0,1,5,1,2.0,Manager,24119.0
2536,0,31.0,Self Enquiry,3,11.0,Small Business,Female,4,5.0,Deluxe,4.0,Married,3.0,1,3,1,2.0,Manager,23887.0
2537,0,47.0,Company Invited,1,7.0,Small Business,Male,3,5.0,Standard,5.0,Divorced,4.0,1,2,1,2.0,Senior Manager,29351.0
2538,0,33.0,Self Enquiry,3,13.0,Small Business,Male,3,4.0,Deluxe,3.0,Unmarried,3.0,0,5,1,1.0,Manager,23688.0
2539,0,55.0,Self Enquiry,1,9.0,Large Business,Female,3,4.0,Standard,3.0,Divorced,2.0,0,4,1,1.0,Senior Manager,32227.0
2540,0,25.0,Self Enquiry,3,10.0,Salaried,Female,3,4.0,Deluxe,3.0,Divorced,2.0,0,4,1,1.0,Manager,23677.0
2541,0,29.0,Company Invited,3,11.0,Small Business,Male,3,4.0,Deluxe,3.0,Divorced,3.0,0,2,1,1.0,Manager,22899.0
2542,0,59.0,Self Enquiry,3,17.0,Small Business,Male,3,4.0,Super Deluxe,3.0,Single,2.0,0,3,1,2.0,AVP,32550.0
2543,0,45.0,Company Invited,1,30.0,Small Business,Male,4,4.0,Deluxe,4.0,Divorced,6.0,0,3,1,1.0,Manager,20720.0
2544,1,38.0,Self Enquiry,2,13.0,Salaried,Male,4,4.0,Basic,5.0,Married,6.0,1,2,1,1.0,Executive,20751.0
2545,0,33.0,Self Enquiry,1,7.0,Salaried,Male,4,4.0,Basic,5.0,Unmarried,3.0,0,2,0,3.0,Executive,21634.0
2546,1,21.0,Company Invited,1,13.0,Salaried,Female,4,5.0,Basic,3.0,Unmarried,3.0,1,2,1,2.0,Executive,21604.0
2547,0,35.0,Self Enquiry,1,13.0,Salaried,Female,3,4.0,Deluxe,3.0,Unmarried,3.0,0,3,1,1.0,Manager,23487.0
2548,0,38.0,Company Invited,1,9.0,Salaried,Male,4,5.0,Deluxe,3.0,Married,7.0,0,2,0,2.0,Manager,23841.0
2551,1,26.0,Self Enquiry,3,12.0,Small Business,Male,3,5.0,Deluxe,3.0,Unmarried,3.0,1,3,1,1.0,Manager,24422.0
2552,0,26.0,Self Enquiry,1,14.0,Small Business,Male,4,5.0,Basic,3.0,Divorced,3.0,0,2,1,3.0,Executive,21567.0
2553,0,23.0,Self Enquiry,1,22.0,Small Business,Female,3,4.0,Basic,3.0,Unmarried,3.0,0,2,1,2.0,Executive,21549.0
2554,0,52.0,Company Invited,1,7.0,Small Business,Fe Male,2,5.0,Standard,5.0,Unmarried,5.0,0,2,1,1.0,Senior Manager,26162.0
2555,1,35.0,Company Invited,1,14.0,Salaried,Male,4,6.0,Deluxe,3.0,Unmarried,3.0,1,5,1,2.0,Manager,24752.0
2557,0,25.0,Self Enquiry,1,25.0,Salaried,Male,3,4.0,Basic,3.0,Divorced,2.0,0,4,1,1.0,Executive,21452.0
2558,0,35.0,Self Enquiry,1,13.0,Salaried,Female,3,5.0,Deluxe,4.0,Married,8.0,0,3,0,2.0,Manager,23183.0
2559,0,38.0,Self Enquiry,3,10.0,Salaried,Male,3,4.0,Standard,3.0,Unmarried,4.0,0,3,0,1.0,Senior Manager,26106.0
2560,0,35.0,Self Enquiry,1,12.0,Small Business,Female,3,5.0,Standard,5.0,Single,4.0,0,2,0,1.0,Senior Manager,30309.0
2561,0,37.0,Company Invited,3,18.0,Large Business,Female,4,4.0,Standard,3.0,Divorced,2.0,0,5,0,1.0,Senior Manager,28416.0
2562,0,37.0,Self Enquiry,1,10.0,Salaried,Female,3,4.0,Basic,3.0,Married,7.0,0,2,1,1.0,Executive,21513.0
2564,0,31.0,Company Invited,1,30.0,Salaried,Male,4,6.0,Basic,3.0,Married,3.0,0,3,1,3.0,Executive,21291.0
2565,0,34.0,Company Invited,3,29.0,Small Business,Male,4,4.0,Deluxe,4.0,Divorced,2.0,0,2,0,2.0,Manager,24824.0
2566,1,57.0,Self Enquiry,1,21.0,Salaried,Female,4,4.0,Basic,4.0,Divorced,2.0,1,5,1,2.0,Executive,23641.0
2568,1,32.0,Self Enquiry,3,13.0,Salaried,Male,4,6.0,Deluxe,3.0,Divorced,6.0,1,3,1,2.0,Manager,24850.0
2569,0,27.0,Self Enquiry,1,13.0,Salaried,Female,3,5.0,Basic,4.0,Divorced,3.0,0,3,1,1.0,Executive,21046.0
2570,1,59.0,Self Enquiry,1,30.0,Small Business,Female,4,4.0,Standard,3.0,Divorced,3.0,0,3,1,1.0,Senior Manager,28990.0
2571,1,20.0,Self Enquiry,3,29.0,Small Business,Male,3,4.0,Basic,3.0,Single,3.0,1,2,0,2.0,Executive,20353.0
2572,0,23.0,Self Enquiry,1,9.0,Large Business,Male,4,4.0,Basic,3.0,Divorced,2.0,0,5,1,3.0,Executive,21201.0
2573,0,50.0,Self Enquiry,1,27.0,Small Business,Female,4,4.0,Deluxe,5.0,Divorced,3.0,0,2,1,3.0,Manager,25245.0
2574,0,44.0,Company Invited,1,35.0,Small Business,Female,4,3.0,Basic,3.0,Unmarried,6.0,0,3,0,3.0,Executive,23417.0
2575,0,51.0,Company Invited,3,19.0,Small Business,Fe Male,4,4.0,Standard,3.0,Unmarried,6.0,0,5,0,1.0,Senior Manager,27886.0
2576,1,32.0,Self Enquiry,3,27.0,Salaried,Female,4,6.0,Deluxe,3.0,Divorced,5.0,1,3,1,1.0,Manager,23237.0
2577,0,42.0,Self Enquiry,3,16.0,Salaried,Male,4,4.0,Standard,3.0,Married,5.0,1,2,0,2.0,Senior Manager,26867.0
2578,0,27.0,Self Enquiry,2,32.0,Salaried,Female,4,4.0,Basic,3.0,Divorced,3.0,0,4,1,1.0,Executive,21620.0
2579,0,37.0,Self Enquiry,1,13.0,Small Business,Male,3,4.0,Deluxe,4.0,Married,8.0,0,4,1,2.0,Manager,23619.0
2580,1,52.0,Company Invited,1,15.0,Salaried,Male,3,6.0,Standard,3.0,Single,4.0,0,2,0,2.0,Senior Manager,29328.0
2581,0,40.0,Self Enquiry,3,11.0,Salaried,Female,3,5.0,Deluxe,3.0,Divorced,6.0,0,5,1,1.0,Manager,24580.0
2582,0,26.0,Self Enquiry,3,35.0,Salaried,Male,3,5.0,Deluxe,3.0,Divorced,4.0,0,4,0,1.0,Manager,27317.0
2583,0,31.0,Self Enquiry,2,16.0,Salaried,Male,3,4.0,Deluxe,3.0,Divorced,2.0,1,3,1,2.0,Manager,25025.0
2584,1,33.0,Self Enquiry,1,16.0,Small Business,Female,3,4.0,Basic,5.0,Unmarried,2.0,0,4,1,2.0,Executive,22878.0
2585,0,46.0,Self Enquiry,1,36.0,Small Business,Male,3,4.0,Basic,3.0,Unmarried,7.0,0,2,1,1.0,Executive,22130.0
2586,0,39.0,Self Enquiry,1,10.0,Large Business,Female,3,4.0,Deluxe,3.0,Single,5.0,1,5,0,1.0,Manager,4678.0
2587,0,31.0,Self Enquiry,1,25.0,Salaried,Female,4,4.0,Basic,3.0,Unmarried,3.0,0,2,1,1.0,Executive,21310.0
2588,0,33.0,Company Invited,3,16.0,Small Business,Male,3,6.0,Deluxe,3.0,Married,2.0,0,2,0,2.0,Manager,23346.0
2589,0,31.0,Self Enquiry,1,12.0,Large Business,Female,3,4.0,Basic,5.0,Married,7.0,0,5,1,2.0,Executive,21882.0
2590,0,31.0,Self Enquiry,1,9.0,Small Business,Male,3,5.0,Basic,3.0,Unmarried,2.0,0,4,0,1.0,Executive,21398.0
2592,0,42.0,Self Enquiry,1,16.0,Salaried,Male,4,4.0,Basic,5.0,Divorced,4.0,0,2,0,3.0,Executive,20916.0
2593,0,20.0,Self Enquiry,1,10.0,Small Business,Female,4,4.0,Basic,4.0,Single,3.0,0,3,1,3.0,Executive,20161.0
2594,0,41.0,Company Invited,1,33.0,Small Business,Female,3,4.0,Deluxe,4.0,Married,3.0,0,2,1,1.0,Manager,24283.0
2595,0,36.0,Self Enquiry,3,7.0,Small Business,Male,4,4.0,Standard,4.0,Divorced,3.0,0,4,1,3.0,Senior Manager,25973.0
2596,0,54.0,Self Enquiry,3,13.0,Small Business,Male,3,4.0,Deluxe,3.0,Divorced,4.0,1,5,0,1.0,Manager,20984.0
2597,0,46.0,Self Enquiry,1,16.0,Salaried,Male,3,4.0,Deluxe,4.0,Married,2.0,0,4,1,1.0,Manager,21026.0
2598,0,33.0,Company Invited,3,15.0,Small Business,Fe Male,3,4.0,Standard,3.0,Unmarried,3.0,0,4,1,2.0,Senior Manager,27676.0
2599,0,30.0,Company Invited,1,7.0,Large Business,Male,3,4.0,Deluxe,3.0,Divorced,3.0,0,3,0,2.0,Manager,22997.0
2600,0,52.0,Self Enquiry,1,14.0,Small Business,Male,3,5.0,Deluxe,3.0,Divorced,4.0,0,3,1,2.0,Manager,24810.0
2601,0,59.0,Self Enquiry,1,16.0,Small Business,Female,4,5.0,Basic,4.0,Divorced,6.0,1,2,1,1.0,Executive,22024.0
2602,0,41.0,Self Enquiry,3,11.0,Small Business,Male,4,5.0,Standard,3.0,Divorced,2.0,0,2,1,1.0,Senior Manager,29533.0
2603,0,35.0,Company Invited,3,9.0,Small Business,Female,4,4.0,Basic,3.0,Divorced,8.0,0,5,1,3.0,Executive,20909.0
2604,0,23.0,Self Enquiry,1,26.0,Small Business,Male,4,4.0,Basic,3.0,Divorced,3.0,0,2,0,2.0,Executive,21001.0
2605,0,28.0,Company Invited,1,16.0,Small Business,Male,3,4.0,Basic,4.0,Married,8.0,0,3,0,1.0,Executive,20702.0
2606,0,29.0,Self Enquiry,1,28.0,Small Business,Male,3,4.0,Basic,3.0,Divorced,3.0,0,2,0,1.0,Executive,21391.0
2607,0,58.0,Self Enquiry,1,31.0,Salaried,Male,3,3.0,Standard,3.0,Married,5.0,1,4,1,2.0,Senior Manager,28117.0
2608,0,28.0,Company Invited,1,10.0,Small Business,Male,4,5.0,Basic,3.0,Married,3.0,1,2,0,3.0,Executive,21244.0
2610,0,42.0,Self Enquiry,1,21.0,Salaried,Male,3,4.0,Basic,3.0,Married,6.0,0,4,1,2.0,Executive,21129.0
2611,0,31.0,Self Enquiry,3,12.0,Salaried,Female,3,4.0,Standard,3.0,Divorced,4.0,0,4,1,2.0,Senior Manager,28097.0
2612,0,39.0,Self Enquiry,3,7.0,Salaried,Fe Male,3,5.0,Deluxe,3.0,Unmarried,6.0,0,2,1,2.0,Manager,27364.0
2613,0,33.0,Self Enquiry,1,13.0,Salaried,Male,3,4.0,Basic,3.0,Unmarried,5.0,0,2,0,2.0,Executive,21716.0
2614,0,28.0,Self Enquiry,1,24.0,Large Business,Male,3,4.0,Basic,4.0,Divorced,2.0,1,4,1,1.0,Executive,21736.0
2615,1,20.0,Company Invited,3,7.0,Large Business,Female,4,6.0,Basic,5.0,Single,2.0,0,3,1,2.0,Executive,21003.0
2616,0,37.0,Company Invited,1,10.0,Small Business,Male,2,4.0,Basic,4.0,Single,6.0,0,4,1,1.0,Executive,20766.0
2617,0,31.0,Company Invited,1,16.0,Small Business,Male,4,4.0,Deluxe,5.0,Married,3.0,0,2,0,2.0,Manager,21750.0
2618,0,46.0,Self Enquiry,3,11.0,Salaried,Female,2,4.0,Deluxe,5.0,Married,6.0,1,4,0,1.0,Manager,23684.0
2619,0,57.0,Self Enquiry,1,15.0,Salaried,Female,4,4.0,Basic,5.0,Married,6.0,1,4,1,2.0,Executive,22935.0
2620,0,34.0,Self Enquiry,1,9.0,Salaried,Male,3,4.0,Basic,3.0,Single,2.0,0,3,0,2.0,Executive,21178.0
2622,0,47.0,Self Enquiry,3,7.0,Small Business,Female,4,4.0,Standard,5.0,Married,3.0,0,2,1,2.0,Senior Manager,29131.0
2623,0,39.0,Self Enquiry,1,16.0,Salaried,Female,4,4.0,Basic,3.0,Single,3.0,0,2,1,2.0,Executive,20966.0
2624,0,32.0,Self Enquiry,1,19.0,Small Business,Female,4,4.0,Basic,3.0,Divorced,2.0,1,4,1,3.0,Executive,22607.0
2625,0,35.0,Self Enquiry,1,34.0,Small Business,Female,4,4.0,Basic,4.0,Single,4.0,0,3,1,1.0,Executive,20989.0
2626,1,42.0,Self Enquiry,3,27.0,Small Business,Female,4,4.0,Basic,4.0,Unmarried,3.0,1,4,0,3.0,Executive,21818.0
2627,0,51.0,Self Enquiry,1,7.0,Small Business,Male,3,5.0,Basic,3.0,Divorced,4.0,0,3,0,1.0,Executive,22368.0
2628,0,54.0,Self Enquiry,1,20.0,Small Business,Female,3,3.0,Deluxe,5.0,Married,3.0,0,2,1,2.0,Manager,23128.0
2629,0,34.0,Self Enquiry,1,21.0,Small Business,Female,4,4.0,Basic,4.0,Divorced,3.0,0,5,0,1.0,Executive,21434.0
2632,0,35.0,Company Invited,1,9.0,Salaried,Male,3,5.0,Deluxe,3.0,Divorced,3.0,0,4,0,1.0,Manager,28225.0
2633,0,52.0,Self Enquiry,1,10.0,Small Business,Female,4,4.0,Super Deluxe,4.0,Single,5.0,0,5,0,2.0,AVP,32412.0
2635,0,28.0,Self Enquiry,1,16.0,Small Business,Female,3,4.0,Basic,4.0,Single,3.0,0,3,1,1.0,Executive,20957.0
2636,1,36.0,Self Enquiry,1,30.0,Salaried,Male,3,5.0,Deluxe,3.0,Divorced,5.0,1,4,1,2.0,Manager,24594.0
2637,0,44.0,Company Invited,1,14.0,Small Business,Male,3,3.0,Basic,3.0,Married,6.0,0,4,0,2.0,Executive,20767.0
2639,0,38.0,Self Enquiry,1,28.0,Salaried,Male,4,3.0,Basic,5.0,Divorced,3.0,1,3,0,3.0,Executive,22242.0
2640,0,36.0,Company Invited,1,9.0,Small Business,Female,3,4.0,Deluxe,4.0,Unmarried,7.0,0,2,1,1.0,Manager,23103.0
2641,0,43.0,Company Invited,1,28.0,Small Business,Female,3,4.0,Deluxe,3.0,Married,4.0,0,2,0,1.0,Manager,23943.0
2642,0,39.0,Self Enquiry,1,9.0,Salaried,Male,3,4.0,Deluxe,3.0,Divorced,2.0,0,2,0,2.0,Manager,25231.0
2643,0,39.0,Self Enquiry,1,36.0,Large Business,Male,3,4.0,Deluxe,3.0,Divorced,5.0,0,2,0,2.0,Manager,24939.0
2644,0,28.0,Company Invited,1,7.0,Large Business,Male,3,5.0,Deluxe,5.0,Divorced,7.0,0,3,0,2.0,Manager,22976.0
2645,0,50.0,Company Invited,1,25.0,Salaried,Male,4,4.0,Deluxe,3.0,Married,3.0,1,2,0,2.0,Manager,25482.0
2646,0,35.0,Company Invited,1,17.0,Small Business,Male,3,4.0,Basic,3.0,Married,3.0,1,3,1,1.0,Executive,22493.0
2647,0,41.0,Self Enquiry,1,26.0,Small Business,Male,3,4.0,Deluxe,3.0,Divorced,2.0,1,2,1,2.0,Manager,21419.0
2648,1,39.0,Self Enquiry,1,36.0,Small Business,Male,4,4.0,Deluxe,5.0,Divorced,2.0,1,3,0,2.0,Manager,25351.0
2649,1,30.0,Self Enquiry,3,34.0,Small Business,Female,3,4.0,Standard,3.0,Divorced,3.0,0,3,1,2.0,Senior Manager,26317.0
2650,0,23.0,Self Enquiry,1,12.0,Salaried,Male,3,3.0,Basic,4.0,Married,3.0,1,4,0,1.0,Executive,21006.0
2651,0,37.0,Company Invited,1,25.0,Small Business,Female,4,4.0,Basic,3.0,Single,3.0,0,3,1,3.0,Executive,20831.0
2652,0,41.0,Company Invited,1,16.0,Salaried,Male,4,5.0,Deluxe,3.0,Divorced,2.0,0,5,1,1.0,Manager,23554.0
2653,0,47.0,Self Enquiry,1,7.0,Small Business,Male,4,4.0,Standard,5.0,Married,2.0,0,2,0,1.0,Senior Manager,28074.0
2654,1,33.0,Self Enquiry,3,11.0,Small Business,Male,3,6.0,Standard,3.0,Divorced,3.0,0,2,1,2.0,Senior Manager,29078.0
2655,0,31.0,Company Invited,1,7.0,Salaried,Male,3,5.0,Standard,3.0,Unmarried,3.0,0,5,1,2.0,Senior Manager,27152.0
2656,0,28.0,Company Invited,3,27.0,Salaried,Fe Male,3,4.0,Deluxe,3.0,Single,3.0,0,2,1,2.0,Manager,28659.0
2657,0,52.0,Self Enquiry,1,15.0,Salaried,Male,3,5.0,Standard,4.0,Divorced,7.0,0,3,1,2.0,Senior Manager,31168.0
2658,1,31.0,Self Enquiry,1,10.0,Large Business,Female,3,4.0,Basic,5.0,Unmarried,7.0,1,4,1,2.0,Executive,21335.0
2659,0,42.0,Self Enquiry,3,13.0,Salaried,Female,4,4.0,Standard,3.0,Single,5.0,1,2,0,2.0,Senior Manager,32269.0
2660,1,31.0,Company Invited,3,33.0,Small Business,Fe Male,3,5.0,Deluxe,5.0,Unmarried,7.0,0,2,0,2.0,Manager,25374.0
2661,1,30.0,Self Enquiry,1,7.0,Large Business,Male,3,4.0,Basic,3.0,Single,2.0,0,2,0,1.0,Executive,20736.0
2662,0,46.0,Company Invited,3,13.0,Small Business,Fe Male,3,5.0,Standard,3.0,Unmarried,8.0,0,4,1,1.0,Senior Manager,27543.0
2663,0,55.0,Self Enquiry,3,10.0,Small Business,Female,3,4.0,Deluxe,5.0,Divorced,4.0,0,4,1,2.0,Manager,24618.0
2664,0,37.0,Self Enquiry,1,12.0,Salaried,Male,4,4.0,Deluxe,4.0,Unmarried,2.0,0,2,0,3.0,Manager,24592.0
2665,0,34.0,Self Enquiry,1,11.0,Small Business,Female,3,5.0,Basic,4.0,Divorced,8.0,0,4,0,1.0,Executive,21300.0
2666,0,38.0,Company Invited,1,18.0,Salaried,Male,3,4.0,Standard,3.0,Married,3.0,1,3,0,2.0,Senior Manager,30863.0
2667,0,39.0,Self Enquiry,3,10.0,Salaried,Male,4,4.0,Standard,3.0,Married,2.0,0,2,1,2.0,Senior Manager,29287.0
2668,0,32.0,Company Invited,1,7.0,Small Business,Male,3,6.0,Deluxe,3.0,Divorced,2.0,0,3,1,1.0,Manager,23023.0
2669,0,60.0,Self Enquiry,1,10.0,Salaried,Male,4,5.0,Basic,3.0,Divorced,5.0,0,3,0,2.0,Executive,20855.0
2670,0,38.0,Company Invited,3,11.0,Small Business,Male,3,4.0,Basic,3.0,Married,6.0,0,4,1,1.0,Executive,20855.0
2671,0,30.0,Company Invited,3,7.0,Small Business,Female,3,4.0,Standard,3.0,Divorced,3.0,0,3,1,1.0,Senior Manager,26596.0
2672,0,36.0,Company Invited,3,7.0,Small Business,Fe Male,4,4.0,Standard,3.0,Unmarried,3.0,0,5,1,1.0,Senior Manager,27467.0
2673,1,30.0,Self Enquiry,1,25.0,Small Business,Male,3,5.0,Basic,3.0,Single,3.0,1,3,0,2.0,Executive,21067.0
2674,0,53.0,Self Enquiry,1,9.0,Salaried,Female,3,5.0,Basic,3.0,Unmarried,2.0,0,3,0,1.0,Executive,21890.0
2676,0,60.0,Self Enquiry,2,13.0,Small Business,Male,3,4.0,Basic,3.0,Divorced,2.0,0,4,1,1.0,Executive,20945.0
2678,1,34.0,Self Enquiry,1,21.0,Small Business,Male,3,4.0,Basic,3.0,Divorced,7.0,1,2,0,2.0,Executive,21114.0
2680,1,34.0,Self Enquiry,1,9.0,Salaried,Female,3,4.0,Basic,5.0,Divorced,2.0,0,3,1,1.0,Executive,21385.0
2682,0,33.0,Self Enquiry,3,11.0,Salaried,Female,3,4.0,Basic,4.0,Divorced,4.0,0,3,1,1.0,Executive,22609.0
2683,1,33.0,Self Enquiry,1,7.0,Salaried,Male,4,5.0,Basic,3.0,Unmarried,2.0,1,5,1,1.0,Executive,22408.0
2684,0,40.0,Self Enquiry,1,7.0,Small Business,Female,4,4.0,Basic,3.0,Married,2.0,0,3,0,2.0,Executive,20910.0
2685,0,33.0,Company Invited,3,33.0,Small Business,Male,4,4.0,Deluxe,3.0,Divorced,2.0,0,4,1,3.0,Manager,23143.0
2686,0,42.0,Self Enquiry,1,26.0,Salaried,Male,3,4.0,Deluxe,5.0,Married,4.0,0,2,1,1.0,Manager,21750.0
2687,0,41.0,Self Enquiry,1,31.0,Large Business,Male,4,4.0,Deluxe,3.0,Married,3.0,0,3,1,2.0,Manager,21997.0
2689,0,32.0,Company Invited,1,10.0,Small Business,Male,4,4.0,Standard,3.0,Married,2.0,0,4,1,3.0,Senior Manager,32353.0
2690,0,34.0,Self Enquiry,1,12.0,Salaried,Female,4,5.0,Basic,3.0,Divorced,3.0,0,2,0,3.0,Executive,21589.0
2691,0,35.0,Self Enquiry,1,9.0,Salaried,Male,3,5.0,Deluxe,5.0,Divorced,8.0,0,4,0,2.0,Manager,24635.0
2692,0,38.0,Self Enquiry,1,7.0,Small Business,Female,3,5.0,Basic,5.0,Divorced,4.0,0,4,1,2.0,Executive,22598.0
2693,0,46.0,Company Invited,1,14.0,Salaried,Male,4,3.0,Deluxe,3.0,Divorced,6.0,0,2,0,3.0,Manager,25112.0
2694,1,38.0,Company Invited,1,17.0,Small Business,Male,4,4.0,Standard,3.0,Married,8.0,0,3,1,3.0,Senior Manager,28726.0
2695,0,40.0,Company Invited,1,9.0,Large Business,Female,4,4.0,Standard,3.0,Single,2.0,0,2,1,2.0,Senior Manager,29616.0
2696,0,30.0,Self Enquiry,1,22.0,Salaried,Male,3,4.0,Basic,3.0,Single,3.0,0,3,0,1.0,Executive,21018.0
2697,0,43.0,Self Enquiry,1,24.0,Salaried,Fe Male,3,3.0,Deluxe,5.0,Unmarried,5.0,1,2,0,1.0,Manager,25223.0
2698,0,30.0,Self Enquiry,3,27.0,Small Business,Male,3,4.0,Deluxe,3.0,Married,4.0,0,2,1,2.0,Manager,25609.0
2699,0,26.0,Self Enquiry,1,7.0,Salaried,Female,4,4.0,Deluxe,3.0,Divorced,2.0,0,3,1,2.0,Manager,23576.0
2700,0,43.0,Self Enquiry,1,9.0,Small Business,Female,3,5.0,Basic,5.0,Married,2.0,1,4,1,1.0,Executive,21271.0
2702,0,52.0,Self Enquiry,1,7.0,Salaried,Male,4,4.0,Basic,3.0,Divorced,3.0,0,4,1,1.0,Executive,21401.0
2703,1,32.0,Company Invited,1,36.0,Small Business,Male,4,5.0,Basic,4.0,Unmarried,2.0,0,3,1,3.0,Executive,22157.0
2704,0,33.0,Company Invited,1,14.0,Salaried,Male,4,3.0,Basic,4.0,Divorced,3.0,0,2,0,2.0,Executive,21472.0
2705,0,39.0,Company Invited,3,9.0,Salaried,Male,3,5.0,Deluxe,3.0,Divorced,5.0,0,5,1,2.0,Manager,23927.0
2706,0,33.0,Self Enquiry,1,9.0,Large Business,Male,3,5.0,Deluxe,5.0,Single,6.0,0,4,0,2.0,Manager,20854.0
2708,1,29.0,Self Enquiry,1,9.0,Salaried,Male,4,4.0,Basic,3.0,Unmarried,4.0,0,4,1,2.0,Executive,22163.0
2709,0,30.0,Self Enquiry,3,9.0,Small Business,Male,4,5.0,Deluxe,4.0,Divorced,4.0,0,4,0,2.0,Manager,25322.0
2710,0,32.0,Self Enquiry,1,30.0,Small Business,Male,4,5.0,Deluxe,3.0,Divorced,2.0,0,3,1,2.0,Manager,24260.0
2711,0,26.0,Company Invited,1,12.0,Salaried,Male,3,3.0,Deluxe,5.0,Married,3.0,0,5,1,2.0,Manager,22678.0
2712,0,46.0,Self Enquiry,1,27.0,Small Business,Male,4,4.0,Super Deluxe,3.0,Divorced,2.0,1,3,0,1.0,AVP,32174.0
2713,0,37.0,Self Enquiry,1,13.0,Salaried,Male,3,4.0,Basic,3.0,Divorced,2.0,0,5,1,2.0,Executive,21888.0
2715,1,48.0,Company Invited,1,36.0,Salaried,Male,3,4.0,Standard,4.0,Divorced,3.0,1,3,1,1.0,Senior Manager,30527.0
2716,0,29.0,Self Enquiry,1,16.0,Small Business,Male,4,4.0,Basic,3.0,Divorced,3.0,0,2,1,2.0,Executive,20748.0
2717,0,38.0,Self Enquiry,3,13.0,Small Business,Male,4,4.0,Deluxe,3.0,Divorced,6.0,0,3,0,1.0,Manager,25180.0
2718,0,22.0,Self Enquiry,1,10.0,Small Business,Male,4,5.0,Basic,3.0,Unmarried,3.0,0,5,1,2.0,Executive,21908.0
2719,0,38.0,Company Invited,1,7.0,Small Business,Female,2,4.0,Standard,3.0,Married,4.0,1,3,0,1.0,Senior Manager,32281.0
2720,0,36.0,Self Enquiry,1,29.0,Salaried,Female,4,3.0,Standard,4.0,Married,2.0,0,5,1,2.0,Senior Manager,30674.0
2721,0,39.0,Self Enquiry,3,14.0,Small Business,Female,3,3.0,Deluxe,5.0,Married,3.0,1,3,0,1.0,Manager,24283.0
2722,0,27.0,Company Invited,1,7.0,Salaried,Female,3,4.0,Deluxe,4.0,Married,3.0,0,5,0,2.0,Manager,25075.0
2725,0,43.0,Self Enquiry,3,7.0,Salaried,Male,3,4.0,Deluxe,3.0,Divorced,3.0,0,3,1,1.0,Manager,23585.0
2726,0,30.0,Company Invited,3,9.0,Salaried,Male,3,4.0,Deluxe,3.0,Unmarried,3.0,0,2,0,1.0,Manager,23232.0
2727,0,56.0,Self Enquiry,1,27.0,Large Business,Male,3,4.0,Deluxe,3.0,Divorced,5.0,1,2,1,2.0,Manager,24093.0
2728,0,27.0,Company Invited,1,18.0,Small Business,Male,3,4.0,Deluxe,5.0,Divorced,3.0,1,3,1,2.0,Manager,23419.0
2729,0,38.0,Self Enquiry,1,7.0,Salaried,Female,3,4.0,Basic,3.0,Single,3.0,0,2,1,2.0,Executive,20793.0
2730,1,45.0,Company Invited,1,31.0,Salaried,Male,3,4.0,Basic,3.0,Married,5.0,1,5,0,2.0,Executive,21839.0
2731,0,39.0,Self Enquiry,1,30.0,Salaried,Male,3,4.0,Deluxe,3.0,Married,2.0,0,3,0,1.0,Manager,24423.0
2732,1,27.0,Self Enquiry,1,23.0,Small Business,Male,3,4.0,Basic,4.0,Married,4.0,1,2,1,2.0,Executive,21051.0
2733,0,29.0,Self Enquiry,1,15.0,Salaried,Female,4,4.0,Basic,3.0,Unmarried,3.0,0,4,0,2.0,Executive,21988.0
2735,0,37.0,Self Enquiry,1,10.0,Large Business,Male,2,4.0,Deluxe,4.0,Unmarried,6.0,0,2,1,1.0,Manager,23163.0
2736,0,32.0,Company Invited,3,12.0,Small Business,Female,3,4.0,Basic,4.0,Married,3.0,0,3,0,2.0,Executive,21467.0
2737,1,27.0,Self Enquiry,3,11.0,Small Business,Male,3,5.0,Deluxe,3.0,Unmarried,3.0,1,2,1,2.0,Manager,24506.0
2738,0,38.0,Company Invited,1,16.0,Small Business,Male,3,4.0,Basic,3.0,Divorced,3.0,1,2,0,1.0,Executive,21004.0
2739,0,43.0,Company Invited,3,33.0,Small Business,Female,4,4.0,Super Deluxe,4.0,Divorced,7.0,0,3,1,3.0,AVP,32203.0
2740,1,19.0,Self Enquiry,1,10.0,Salaried,Male,3,4.0,Basic,3.0,Single,3.0,0,4,0,1.0,Executive,20098.0
2741,0,36.0,Self Enquiry,3,23.0,Small Business,Male,4,4.0,Standard,4.0,Divorced,2.0,0,2,1,3.0,Senior Manager,26698.0
2742,0,37.0,Company Invited,1,25.0,Salaried,Male,3,3.0,Basic,3.0,Divorced,6.0,0,5,0,1.0,Executive,22366.0
2743,0,52.0,Self Enquiry,1,9.0,Small Business,Male,3,6.0,Deluxe,4.0,Married,7.0,0,2,0,1.0,Manager,24160.0
2746,0,29.0,Self Enquiry,1,23.0,Small Business,Male,4,3.0,Deluxe,5.0,Unmarried,2.0,0,5,0,3.0,Manager,24339.0
2747,0,32.0,Self Enquiry,3,14.0,Large Business,Male,4,3.0,Deluxe,3.0,Divorced,6.0,0,2,1,1.0,Manager,25607.0
2748,0,40.0,Self Enquiry,1,7.0,Small Business,Male,3,3.0,Standard,3.0,Married,2.0,0,3,1,1.0,Senior Manager,28291.0
2749,0,37.0,Company Invited,1,31.0,Salaried,Female,3,4.0,Deluxe,4.0,Divorced,2.0,0,3,0,1.0,Manager,24352.0
2750,0,33.0,Self Enquiry,3,14.0,Salaried,Male,4,5.0,Deluxe,3.0,Divorced,3.0,0,3,1,3.0,Manager,24162.0
2751,0,39.0,Self Enquiry,1,32.0,Salaried,Female,3,5.0,Standard,4.0,Divorced,5.0,0,3,1,1.0,Senior Manager,30739.0
2752,0,59.0,Company Invited,1,7.0,Salaried,Male,3,6.0,Deluxe,3.0,Married,4.0,1,2,1,2.0,Manager,24338.0
2753,0,32.0,Self Enquiry,1,12.0,Large Business,Male,3,4.0,Basic,3.0,Divorced,2.0,1,4,0,2.0,Executive,23499.0
2754,0,32.0,Self Enquiry,2,9.0,Salaried,Male,4,5.0,Deluxe,5.0,Divorced,5.0,0,3,0,2.0,Manager,25088.0
2755,0,46.0,Company Invited,1,14.0,Salaried,Male,4,4.0,Standard,5.0,Married,3.0,0,2,1,3.0,Senior Manager,23888.0
2756,0,32.0,Self Enquiry,1,9.0,Salaried,Male,3,4.0,Basic,3.0,Married,2.0,1,4,1,2.0,Executive,21373.0
2757,0,34.0,Company Invited,1,12.0,Salaried,Female,4,4.0,Standard,4.0,Divorced,8.0,0,3,1,3.0,Senior Manager,30556.0
2759,0,44.0,Company Invited,1,17.0,Salaried,Female,3,4.0,Basic,3.0,Single,2.0,0,5,0,2.0,Executive,21133.0
2760,0,50.0,Self Enquiry,1,7.0,Large Business,Female,3,5.0,Super Deluxe,3.0,Single,2.0,1,3,1,1.0,AVP,32642.0
2761,1,53.0,Self Enquiry,1,15.0,Small Business,Male,3,5.0,Deluxe,4.0,Divorced,4.0,0,2,1,2.0,Manager,23619.0
2762,0,28.0,Self Enquiry,1,12.0,Salaried,Female,3,4.0,Basic,4.0,Single,3.0,1,3,0,2.0,Executive,21156.0
2763,0,33.0,Self Enquiry,3,15.0,Large Business,Female,4,5.0,Deluxe,4.0,Divorced,3.0,1,2,1,1.0,Manager,23906.0
2764,0,28.0,Self Enquiry,3,9.0,Salaried,Male,4,4.0,Deluxe,3.0,Unmarried,3.0,1,4,1,3.0,Manager,23156.0
2765,0,32.0,Self Enquiry,3,14.0,Small Business,Male,4,4.0,Deluxe,3.0,Married,6.0,0,2,0,1.0,Manager,26225.0
2766,0,33.0,Self Enquiry,1,9.0,Small Business,Fe Male,4,3.0,Deluxe,3.0,Unmarried,2.0,0,3,1,3.0,Manager,23733.0
2767,1,29.0,Self Enquiry,1,9.0,Small Business,Male,3,6.0,Basic,3.0,Divorced,7.0,1,3,1,1.0,Executive,22142.0
2768,0,31.0,Self Enquiry,1,35.0,Small Business,Female,4,4.0,Deluxe,3.0,Divorced,3.0,0,3,0,3.0,Manager,24453.0
2769,0,32.0,Company Invited,1,14.0,Salaried,Female,3,5.0,Standard,3.0,Divorced,3.0,0,2,1,2.0,Senior Manager,27621.0
2771,1,40.0,Self Enquiry,3,10.0,Small Business,Female,3,4.0,Deluxe,3.0,Divorced,6.0,1,4,1,2.0,Manager,23916.0
2772,0,34.0,Company Invited,3,17.0,Small Business,Male,3,5.0,Deluxe,3.0,Unmarried,5.0,0,3,1,2.0,Manager,23360.0
2774,0,44.0,Company Invited,1,17.0,Salaried,Female,3,5.0,Deluxe,3.0,Married,3.0,0,3,0,1.0,Manager,23935.0
2775,0,28.0,Company Invited,3,7.0,Small Business,Male,4,4.0,Deluxe,4.0,Divorced,2.0,1,2,0,3.0,Manager,25027.0
2776,0,55.0,Company Invited,1,27.0,Salaried,Fe Male,3,4.0,Deluxe,3.0,Unmarried,5.0,0,4,1,1.0,Manager,23547.0
2777,0,44.0,Self Enquiry,1,14.0,Salaried,Female,3,4.0,Standard,5.0,Divorced,2.0,0,5,1,1.0,Senior Manager,28663.0
2778,0,46.0,Self Enquiry,1,15.0,Salaried,Male,4,4.0,Deluxe,3.0,Divorced,2.0,0,3,1,1.0,Manager,22375.0
2779,0,41.0,Self Enquiry,3,7.0,Small Business,Male,3,6.0,Deluxe,3.0,Divorced,4.0,1,3,1,1.0,Manager,26135.0
2780,1,30.0,Self Enquiry,1,15.0,Salaried,Male,4,6.0,Basic,5.0,Divorced,3.0,1,3,1,2.0,Executive,20797.0
2781,0,30.0,Self Enquiry,1,16.0,Salaried,Male,2,5.0,Basic,3.0,Unmarried,2.0,0,2,1,1.0,Executive,22661.0
2782,0,31.0,Self Enquiry,3,12.0,Small Business,Female,2,5.0,Deluxe,3.0,Married,3.0,0,2,0,1.0,Manager,24796.0
2783,0,28.0,Self Enquiry,3,15.0,Small Business,Female,3,4.0,Deluxe,4.0,Divorced,3.0,0,2,0,1.0,Manager,24892.0
2784,0,38.0,Self Enquiry,1,12.0,Small Business,Male,4,4.0,Deluxe,3.0,Married,2.0,0,3,0,1.0,Manager,25025.0
2785,0,39.0,Self Enquiry,1,22.0,Salaried,Male,4,5.0,Standard,3.0,Married,2.0,1,5,1,2.0,Senior Manager,30188.0
2786,0,32.0,Self Enquiry,1,14.0,Small Business,Fe Male,3,4.0,Standard,3.0,Unmarried,3.0,1,4,1,2.0,Senior Manager,25821.0
2787,0,30.0,Self Enquiry,3,17.0,Small Business,Female,3,5.0,Deluxe,4.0,Married,3.0,1,5,0,2.0,Manager,26946.0
2788,0,36.0,Self Enquiry,1,12.0,Large Business,Male,4,4.0,Standard,4.0,Unmarried,2.0,0,3,0,1.0,Senior Manager,26773.0
2789,0,24.0,Self Enquiry,1,33.0,Salaried,Male,3,4.0,Basic,3.0,Married,3.0,0,2,1,2.0,Executive,21582.0
2790,0,42.0,Self Enquiry,1,13.0,Small Business,Male,4,5.0,Deluxe,4.0,Unmarried,8.0,1,3,1,1.0,Manager,24710.0
2791,0,48.0,Company Invited,3,11.0,Small Business,Male,3,4.0,Deluxe,3.0,Unmarried,5.0,0,4,0,2.0,Manager,21654.0
2793,0,30.0,Company Invited,3,9.0,Salaried,Male,4,4.0,Deluxe,3.0,Divorced,3.0,0,2,1,2.0,Manager,23327.0
2794,0,43.0,Self Enquiry,2,9.0,Large Business,Male,3,4.0,Basic,3.0,Married,2.0,1,4,1,1.0,Executive,21374.0
2795,0,33.0,Self Enquiry,1,9.0,Small Business,Female,4,4.0,Basic,4.0,Divorced,3.0,0,4,0,1.0,Executive,21048.0
2796,0,49.0,Self Enquiry,3,36.0,Small Business,Female,4,4.0,Standard,3.0,Divorced,5.0,0,4,0,1.0,Senior Manager,31182.0
2797,0,38.0,Self Enquiry,1,13.0,Small Business,Male,3,3.0,Deluxe,5.0,Married,6.0,1,3,1,2.0,Manager,24652.0
2798,0,31.0,Company Invited,3,32.0,Large Business,Female,3,4.0,Deluxe,3.0,Divorced,2.0,1,3,1,1.0,Manager,23414.0
2799,0,27.0,Self Enquiry,3,7.0,Salaried,Male,3,4.0,Deluxe,3.0,Divorced,3.0,0,5,1,1.0,Manager,23974.0
2800,0,43.0,Self Enquiry,1,9.0,Salaried,Male,4,5.0,Deluxe,3.0,Unmarried,5.0,0,2,0,2.0,Manager,25459.0
2801,1,22.0,Company Invited,3,7.0,Large Business,Female,3,5.0,Basic,4.0,Single,3.0,1,5,1,2.0,Executive,20852.0
2802,0,37.0,Company Invited,3,7.0,Small Business,Fe Male,3,4.0,Deluxe,3.0,Unmarried,6.0,0,2,1,2.0,Manager,25331.0
2803,0,37.0,Company Invited,3,10.0,Small Business,Male,3,5.0,Standard,3.0,Divorced,6.0,0,2,0,2.0,Senior Manager,28377.0
2804,0,58.0,Self Enquiry,1,7.0,Small Business,Male,3,4.0,Deluxe,3.0,Divorced,4.0,0,3,1,2.0,Manager,25433.0
2805,0,41.0,Self Enquiry,1,17.0,Salaried,Female,3,3.0,Basic,3.0,Divorced,5.0,1,3,0,2.0,Executive,20891.0
2806,0,22.0,Company Invited,3,16.0,Small Business,Male,3,4.0,Basic,3.0,Unmarried,3.0,0,4,0,1.0,Executive,21288.0
2807,1,34.0,Self Enquiry,3,12.0,Small Business,Female,3,4.0,Basic,3.0,Unmarried,3.0,1,2,1,1.0,Executive,21529.0
2808,0,38.0,Self Enquiry,1,17.0,Small Business,Female,4,4.0,Basic,5.0,Divorced,8.0,0,2,1,2.0,Executive,22130.0
2809,0,47.0,Company Invited,1,14.0,Small Business,Female,2,4.0,Deluxe,3.0,Divorced,4.0,0,5,0,1.0,Manager,23936.0
2810,1,42.0,Company Invited,3,11.0,Small Business,Male,3,4.0,Deluxe,4.0,Unmarried,3.0,0,3,1,1.0,Manager,28033.0
2811,0,51.0,Self Enquiry,1,17.0,Large Business,Male,4,5.0,Standard,3.0,Single,8.0,0,5,0,3.0,Senior Manager,29174.0
2812,1,41.0,Self Enquiry,3,29.0,Small Business,Male,4,5.0,Deluxe,3.0,Divorced,4.0,1,3,1,2.0,Manager,25058.0
2813,0,32.0,Self Enquiry,1,16.0,Salaried,Male,3,5.0,Basic,4.0,Unmarried,2.0,1,3,1,1.0,Executive,21335.0
2814,1,22.0,Self Enquiry,3,19.0,Salaried,Female,3,3.0,Basic,4.0,Unmarried,3.0,0,5,0,2.0,Executive,21394.0
2815,0,30.0,Self Enquiry,1,30.0,Salaried,Male,3,4.0,Basic,3.0,Single,2.0,0,3,1,1.0,Executive,20879.0
2816,0,36.0,Self Enquiry,1,16.0,Salaried,Male,4,5.0,Deluxe,4.0,Unmarried,2.0,0,2,1,3.0,Manager,25218.0
2817,0,28.0,Self Enquiry,1,7.0,Small Business,Male,3,4.0,Basic,4.0,Married,3.0,0,3,0,1.0,Executive,22494.0
2818,0,29.0,Self Enquiry,3,16.0,Salaried,Male,4,4.0,Deluxe,3.0,Unmarried,3.0,0,3,1,1.0,Manager,23931.0
2819,0,50.0,Self Enquiry,1,14.0,Salaried,Male,3,5.0,Standard,3.0,Single,2.0,0,2,1,2.0,Senior Manager,29643.0
2820,0,52.0,Self Enquiry,3,21.0,Salaried,Female,3,4.0,Deluxe,3.0,Divorced,6.0,0,3,0,2.0,Manager,23614.0
2821,0,37.0,Self Enquiry,1,9.0,Salaried,Female,4,4.0,Basic,3.0,Divorced,6.0,0,5,1,1.0,Executive,21221.0
2822,1,35.0,Company Invited,3,26.0,Small Business,Male,4,3.0,Deluxe,3.0,Unmarried,2.0,1,2,1,3.0,Manager,23982.0
2824,0,25.0,Self Enquiry,3,17.0,Small Business,Female,4,4.0,Deluxe,3.0,Married,3.0,1,2,0,3.0,Manager,22938.0
2825,0,31.0,Self Enquiry,3,9.0,Large Business,Male,4,4.0,Basic,4.0,Divorced,3.0,0,3,1,3.0,Executive,21154.0
2826,1,27.0,Company Invited,1,10.0,Large Business,Male,4,4.0,Basic,5.0,Unmarried,2.0,0,3,0,3.0,Executive,21780.0
2827,0,23.0,Self Enquiry,1,18.0,Small Business,Female,3,4.0,Basic,4.0,Divorced,3.0,0,2,1,1.0,Executive,20922.0
2828,0,37.0,Self Enquiry,3,9.0,Small Business,Male,4,5.0,Standard,3.0,Divorced,3.0,0,2,1,1.0,Senior Manager,26274.0
2829,1,31.0,Company Invited,1,11.0,Large Business,Male,3,4.0,Basic,3.0,Single,20.0,1,4,1,2.0,Executive,20963.0
2830,0,38.0,Self Enquiry,1,21.0,Salaried,Female,4,4.0,Basic,5.0,Married,3.0,0,4,1,1.0,Executive,21712.0
2831,0,41.0,Self Enquiry,3,9.0,Small Business,Female,3,4.0,Deluxe,4.0,Married,2.0,0,2,0,2.0,Manager,24393.0
2832,0,43.0,Self Enquiry,1,7.0,Salaried,Female,4,4.0,Basic,5.0,Married,5.0,0,3,1,2.0,Executive,21254.0
2833,0,38.0,Self Enquiry,1,17.0,Salaried,Male,3,4.0,Deluxe,4.0,Unmarried,4.0,1,5,0,2.0,Manager,22875.0
2834,0,44.0,Self Enquiry,1,19.0,Salaried,Male,3,5.0,Super Deluxe,4.0,Married,3.0,0,3,0,2.0,AVP,33014.0
2835,0,41.0,Self Enquiry,1,9.0,Small Business,Female,4,5.0,Deluxe,3.0,Divorced,8.0,0,5,1,1.0,Manager,22126.0
2837,0,35.0,Company Invited,3,11.0,Small Business,Female,4,4.0,Deluxe,3.0,Divorced,2.0,0,2,1,1.0,Manager,25216.0
2838,0,32.0,Self Enquiry,1,14.0,Small Business,Female,3,4.0,Deluxe,5.0,Divorced,3.0,0,2,1,1.0,Manager,22984.0
2839,0,44.0,Company Invited,1,28.0,Small Business,Male,4,4.0,Basic,3.0,Divorced,2.0,0,4,0,3.0,Executive,20936.0
2840,0,44.0,Self Enquiry,1,15.0,Salaried,Female,4,4.0,Deluxe,3.0,Married,6.0,1,2,0,1.0,Manager,23200.0
2841,0,26.0,Self Enquiry,3,11.0,Salaried,Female,3,5.0,Deluxe,3.0,Unmarried,3.0,1,2,0,2.0,Manager,23165.0
2842,0,38.0,Company Invited,1,32.0,Small Business,Female,4,4.0,Deluxe,3.0,Divorced,5.0,1,3,1,2.0,Manager,23127.0
2843,0,32.0,Self Enquiry,1,7.0,Salaried,Male,4,5.0,Basic,5.0,Divorced,3.0,0,4,0,1.0,Executive,20896.0
2845,0,57.0,Company Invited,3,13.0,Salaried,Female,3,3.0,Super Deluxe,5.0,Divorced,2.0,0,3,1,1.0,AVP,31890.0
2846,0,31.0,Self Enquiry,3,19.0,Large Business,Fe Male,3,4.0,Deluxe,3.0,Unmarried,2.0,0,2,1,1.0,Manager,25255.0
2847,0,42.0,Self Enquiry,3,7.0,Small Business,Male,3,3.0,Standard,5.0,Divorced,3.0,0,3,1,2.0,Senior Manager,27070.0
2848,0,29.0,Self Enquiry,1,24.0,Small Business,Male,4,4.0,Deluxe,5.0,Married,3.0,0,2,0,1.0,Manager,23236.0
2849,1,26.0,Self Enquiry,1,10.0,Small Business,Male,4,4.0,Basic,5.0,Divorced,7.0,0,5,1,2.0,Executive,22709.0
2850,0,53.0,Self Enquiry,1,10.0,Small Business,Male,3,5.0,Standard,3.0,Divorced,4.0,1,2,0,1.0,Senior Manager,26647.0
2851,0,46.0,Self Enquiry,1,17.0,Salaried,Male,4,4.0,Basic,3.0,Divorced,5.0,0,5,1,1.0,Executive,21332.0
2853,0,43.0,Company Invited,1,36.0,Salaried,Female,4,4.0,Deluxe,3.0,Married,4.0,0,3,1,3.0,Manager,23234.0
2854,0,31.0,Self Enquiry,1,9.0,Salaried,Fe Male,3,6.0,Deluxe,3.0,Unmarried,4.0,0,2,0,2.0,Manager,24769.0
2855,0,61.0,Self Enquiry,1,14.0,Salaried,Female,3,4.0,King,5.0,Divorced,7.0,0,5,0,1.0,VP,38244.0
2856,0,47.0,Self Enquiry,1,25.0,Small Business,Female,3,4.0,Deluxe,3.0,Married,4.0,0,5,0,1.0,Manager,23488.0
2857,0,43.0,Company Invited,1,35.0,Large Business,Female,3,5.0,Deluxe,3.0,Divorced,2.0,0,3,0,1.0,Manager,23201.0
2858,1,25.0,Self Enquiry,3,7.0,Large Business,Female,4,4.0,Basic,4.0,Unmarried,3.0,1,4,1,3.0,Executive,21880.0
2859,1,35.0,Company Invited,3,13.0,Small Business,Female,3,6.0,Basic,3.0,Married,2.0,0,4,1,2.0,Executive,21029.0
2860,0,39.0,Company Invited,1,9.0,Salaried,Male,3,4.0,Basic,3.0,Divorced,3.0,1,5,1,2.0,Executive,20380.0
2862,0,27.0,Self Enquiry,1,30.0,Salaried,Female,3,4.0,Basic,3.0,Married,3.0,0,3,1,2.0,Executive,21564.0
2863,0,31.0,Company Invited,1,10.0,Salaried,Male,3,4.0,Basic,3.0,Divorced,6.0,0,3,0,2.0,Executive,20775.0
2864,0,30.0,Self Enquiry,1,10.0,Small Business,Male,4,5.0,Standard,3.0,Divorced,3.0,0,2,1,3.0,Senior Manager,30613.0
2865,1,30.0,Self Enquiry,1,32.0,Large Business,Female,4,5.0,Basic,4.0,Divorced,7.0,0,3,0,3.0,Executive,21224.0
2866,1,20.0,Self Enquiry,2,9.0,Large Business,Male,3,5.0,Basic,3.0,Single,3.0,0,3,1,2.0,Executive,21242.0
2867,0,31.0,Company Invited,3,29.0,Salaried,Female,4,4.0,Standard,5.0,Divorced,2.0,0,2,1,1.0,Senior Manager,27090.0
2868,0,58.0,Self Enquiry,3,36.0,Small Business,Male,3,5.0,Super Deluxe,3.0,Married,5.0,0,3,0,1.0,AVP,32796.0
2870,0,31.0,Company Invited,1,9.0,Small Business,Female,3,4.0,Basic,3.0,Single,2.0,0,4,1,1.0,Executive,21242.0
2871,0,61.0,Company Invited,3,35.0,Small Business,Female,4,5.0,Standard,5.0,Divorced,6.0,0,2,1,1.0,Senior Manager,28944.0
2872,0,48.0,Self Enquiry,1,9.0,Small Business,Female,4,4.0,Deluxe,3.0,Married,7.0,0,2,0,2.0,Manager,23748.0
2874,0,36.0,Self Enquiry,1,29.0,Salaried,Male,3,6.0,Basic,3.0,Unmarried,2.0,0,4,1,1.0,Executive,22908.0
2875,0,55.0,Self Enquiry,1,15.0,Salaried,Female,3,4.0,Deluxe,3.0,Unmarried,2.0,0,2,1,1.0,Manager,22458.0
2876,0,35.0,Self Enquiry,1,9.0,Salaried,Male,4,5.0,Basic,3.0,Married,5.0,0,5,1,1.0,Executive,21446.0
2877,0,47.0,Self Enquiry,3,17.0,Small Business,Female,4,5.0,Standard,3.0,Divorced,4.0,1,2,1,2.0,Senior Manager,27749.0
2878,0,32.0,Self Enquiry,1,16.0,Salaried,Male,3,4.0,Standard,4.0,Married,3.0,0,3,1,2.0,Senior Manager,29326.0
2879,1,34.0,Self Enquiry,1,22.0,Small Business,Male,3,4.0,Standard,3.0,Divorced,2.0,1,5,0,1.0,Senior Manager,32288.0
2880,1,34.0,Self Enquiry,1,17.0,Small Business,Male,3,6.0,Basic,3.0,Married,2.0,0,5,0,1.0,Executive,22086.0
2881,0,31.0,Self Enquiry,3,14.0,Small Business,Male,3,4.0,Basic,4.0,Unmarried,2.0,0,2,1,1.0,Executive,21661.0
2882,0,36.0,Self Enquiry,1,23.0,Salaried,Male,4,4.0,Standard,3.0,Divorced,6.0,1,2,0,2.0,Senior Manager,26310.0
2883,1,32.0,Company Invited,1,27.0,Salaried,Male,4,4.0,Standard,3.0,Divorced,5.0,0,3,1,1.0,Senior Manager,28502.0
2884,1,35.0,Company Invited,2,30.0,Salaried,Female,3,4.0,Standard,5.0,Married,2.0,1,3,1,1.0,Senior Manager,28628.0
2885,0,43.0,Company Invited,1,12.0,Salaried,Male,4,4.0,Basic,3.0,Divorced,6.0,0,3,1,1.0,Executive,20771.0
2886,0,37.0,Company Invited,3,17.0,Small Business,Male,3,4.0,Standard,3.0,Single,3.0,0,2,1,2.0,Senior Manager,28658.0
2887,1,23.0,Company Invited,1,11.0,Large Business,Male,3,5.0,Basic,3.0,Unmarried,7.0,0,5,1,1.0,Executive,22572.0
2888,0,49.0,Self Enquiry,3,9.0,Small Business,Female,3,4.0,Deluxe,3.0,Divorced,4.0,0,5,1,1.0,Manager,22729.0
2890,0,42.0,Company Invited,3,17.0,Salaried,Male,3,4.0,Deluxe,3.0,Unmarried,2.0,0,2,0,2.0,Manager,24908.0
2891,0,36.0,Self Enquiry,3,7.0,Small Business,Male,3,4.0,Deluxe,3.0,Divorced,2.0,0,3,1,1.0,Manager,23395.0
2892,0,41.0,Self Enquiry,1,13.0,Salaried,Female,4,4.0,Super Deluxe,3.0,Single,2.0,0,5,1,3.0,AVP,31915.0
2893,0,40.0,Company Invited,1,15.0,Salaried,Female,3,4.0,Basic,3.0,Divorced,3.0,0,2,0,1.0,Executive,22433.0
2894,0,32.0,Self Enquiry,3,9.0,Salaried,Male,4,4.0,Deluxe,3.0,Unmarried,6.0,1,5,1,2.0,Manager,25260.0
2895,0,43.0,Self Enquiry,1,31.0,Small Business,Male,3,4.0,Standard,5.0,Divorced,3.0,1,2,1,2.0,Senior Manager,26084.0
2896,0,46.0,Self Enquiry,3,9.0,Salaried,Male,4,4.0,Deluxe,4.0,Divorced,2.0,0,5,1,1.0,Manager,23483.0
2897,1,27.0,Company Invited,2,24.0,Salaried,Female,3,4.0,Basic,3.0,Married,2.0,1,5,0,2.0,Executive,21419.0
2898,0,30.0,Self Enquiry,1,26.0,Large Business,Male,3,4.0,Deluxe,3.0,Married,6.0,0,5,0,1.0,Manager,22940.0
2900,0,32.0,Self Enquiry,3,14.0,Salaried,Male,3,5.0,Standard,3.0,Married,2.0,0,3,1,1.0,Senior Manager,30235.0
2901,1,19.0,Company Invited,3,12.0,Small Business,Male,4,4.0,Basic,4.0,Single,3.0,1,4,1,3.0,Executive,20556.0
2902,0,41.0,Company Invited,3,35.0,Salaried,Male,3,6.0,Standard,5.0,Married,5.0,0,5,1,1.0,Senior Manager,29610.0
2903,0,42.0,Company Invited,1,9.0,Salaried,Fe Male,4,5.0,Deluxe,3.0,Unmarried,4.0,1,2,0,1.0,Manager,25489.0
2904,0,27.0,Self Enquiry,3,36.0,Small Business,Male,3,4.0,Deluxe,3.0,Married,7.0,0,5,1,1.0,Manager,22984.0
2905,0,36.0,Self Enquiry,3,7.0,Small Business,Fe Male,4,4.0,Deluxe,3.0,Unmarried,3.0,0,4,0,3.0,Manager,23537.0
2906,0,35.0,Self Enquiry,3,28.0,Salaried,Male,4,3.0,Deluxe,3.0,Unmarried,3.0,0,3,1,1.0,Manager,24015.0
2907,1,27.0,Self Enquiry,1,31.0,Large Business,Male,4,6.0,Basic,3.0,Single,3.0,1,3,1,3.0,Executive,21018.0
2908,0,38.0,Self Enquiry,1,7.0,Large Business,Fe Male,3,4.0,Standard,3.0,Unmarried,6.0,0,5,1,2.0,Senior Manager,26169.0
2909,0,47.0,Company Invited,1,25.0,Small Business,Female,3,4.0,Standard,3.0,Divorced,7.0,0,3,1,1.0,Senior Manager,29205.0
2911,0,38.0,Company Invited,3,16.0,Small Business,Male,4,4.0,Standard,4.0,Married,3.0,0,2,1,1.0,Senior Manager,27512.0
2912,0,53.0,Self Enquiry,1,13.0,Large Business,Male,4,4.0,Deluxe,5.0,Married,5.0,1,4,1,3.0,Manager,24255.0
2913,1,33.0,Company Invited,3,18.0,Salaried,Male,3,3.0,Deluxe,3.0,Divorced,2.0,0,3,1,2.0,Manager,23385.0
2914,0,25.0,Company Invited,3,31.0,Small Business,Male,3,4.0,Basic,3.0,Divorced,2.0,0,4,0,2.0,Executive,21078.0
2915,0,39.0,Self Enquiry,1,17.0,Small Business,Female,4,4.0,Deluxe,3.0,Divorced,5.0,0,3,1,3.0,Manager,28502.0
2916,0,38.0,Self Enquiry,1,7.0,Salaried,Female,4,4.0,Deluxe,4.0,Divorced,8.0,0,2,1,2.0,Manager,25125.0
2918,0,25.0,Self Enquiry,1,30.0,Small Business,Male,3,3.0,Basic,3.0,Divorced,3.0,1,4,0,2.0,Executive,21403.0
2919,0,27.0,Self Enquiry,3,35.0,Small Business,Male,4,4.0,Deluxe,4.0,Divorced,3.0,0,3,1,1.0,Manager,24950.0
2920,0,25.0,Self Enquiry,1,24.0,Salaried,Male,4,5.0,Basic,4.0,Divorced,3.0,0,3,1,2.0,Executive,20805.0
2922,0,26.0,Self Enquiry,3,20.0,Small Business,Male,3,4.0,Basic,3.0,Divorced,3.0,0,3,1,1.0,Executive,20774.0
2923,1,25.0,Company Invited,1,14.0,Salaried,Female,3,4.0,Basic,3.0,Divorced,3.0,1,4,0,1.0,Executive,21564.0
2924,1,31.0,Company Invited,3,19.0,Salaried,Male,4,5.0,Basic,5.0,Divorced,3.0,0,5,1,1.0,Executive,20711.0
2925,0,35.0,Self Enquiry,1,7.0,Salaried,Male,3,5.0,Basic,3.0,Divorced,3.0,1,2,0,1.0,Executive,22300.0
2926,1,32.0,Self Enquiry,3,20.0,Small Business,Male,3,4.0,Deluxe,5.0,Married,4.0,0,2,0,1.0,Manager,22911.0
2927,0,36.0,Self Enquiry,1,32.0,Salaried,Male,3,5.0,Deluxe,3.0,Unmarried,6.0,0,2,0,2.0,Manager,22359.0
2928,0,32.0,Self Enquiry,3,13.0,Small Business,Male,4,3.0,Deluxe,3.0,Married,6.0,0,5,1,3.0,Manager,24138.0
2929,0,28.0,Self Enquiry,1,13.0,Small Business,Female,4,5.0,Basic,3.0,Married,2.0,0,2,1,2.0,Executive,20865.0
2930,0,38.0,Self Enquiry,3,9.0,Small Business,Male,4,4.0,Deluxe,3.0,Divorced,6.0,1,3,0,2.0,Manager,28280.0
2931,0,21.0,Self Enquiry,1,7.0,Salaried,Female,3,5.0,Basic,4.0,Unmarried,3.0,0,4,1,1.0,Executive,21514.0
2932,0,43.0,Self Enquiry,1,9.0,Salaried,Female,3,4.0,Deluxe,3.0,Divorced,3.0,0,2,1,1.0,Manager,22767.0
2934,0,39.0,Self Enquiry,1,7.0,Salaried,Female,3,4.0,Basic,5.0,Unmarried,5.0,0,2,1,2.0,Executive,21297.0
2935,0,44.0,Company Invited,1,16.0,Small Business,Male,4,4.0,Deluxe,3.0,Married,5.0,1,3,1,1.0,Manager,24357.0
2936,0,49.0,Self Enquiry,1,7.0,Salaried,Female,3,5.0,Super Deluxe,5.0,Divorced,2.0,0,4,0,2.0,AVP,34080.0
2937,0,45.0,Self Enquiry,2,7.0,Salaried,Fe Male,3,5.0,Deluxe,3.0,Unmarried,6.0,0,5,1,2.0,Manager,24663.0
2938,0,35.0,Self Enquiry,3,21.0,Large Business,Female,3,4.0,Basic,3.0,Married,3.0,1,5,1,2.0,Executive,21257.0
2939,1,28.0,Self Enquiry,3,9.0,Small Business,Male,3,4.0,Basic,5.0,Married,2.0,0,5,0,2.0,Executive,21719.0
2940,0,22.0,Self Enquiry,3,29.0,Large Business,Male,3,4.0,Basic,3.0,Unmarried,3.0,0,2,1,2.0,Executive,22125.0
2942,0,23.0,Self Enquiry,1,13.0,Small Business,Male,4,4.0,Basic,3.0,Divorced,2.0,0,2,1,1.0,Executive,21451.0
2943,0,34.0,Self Enquiry,3,15.0,Small Business,Male,3,4.0,Deluxe,3.0,Married,2.0,0,2,1,2.0,Manager,25782.0
2944,0,33.0,Self Enquiry,1,16.0,Salaried,Female,4,4.0,Deluxe,3.0,Divorced,3.0,1,5,1,3.0,Manager,25000.0
2945,0,31.0,Company Invited,1,10.0,Small Business,Female,4,4.0,Basic,3.0,Married,3.0,0,3,1,2.0,Executive,20761.0
2946,0,54.0,Self Enquiry,3,7.0,Small Business,Fe Male,3,4.0,Deluxe,5.0,Unmarried,2.0,0,2,1,2.0,Manager,27059.0
2947,0,35.0,Self Enquiry,1,7.0,Salaried,Male,3,4.0,Basic,3.0,Divorced,3.0,0,3,1,1.0,Executive,21369.0
2948,1,46.0,Company Invited,3,33.0,Salaried,Female,4,4.0,Deluxe,5.0,Divorced,4.0,0,2,0,1.0,Manager,22964.0
2949,0,27.0,Self Enquiry,1,13.0,Salaried,Female,4,4.0,Basic,3.0,Divorced,3.0,1,2,0,1.0,Executive,21337.0
2950,0,38.0,Self Enquiry,1,10.0,Salaried,Male,3,4.0,Standard,3.0,Divorced,3.0,0,2,1,1.0,Senior Manager,28112.0
2951,0,30.0,Self Enquiry,3,10.0,Small Business,Female,4,4.0,Deluxe,3.0,Divorced,3.0,0,2,0,1.0,Manager,24239.0
2952,0,36.0,Self Enquiry,1,13.0,Salaried,Male,3,6.0,Deluxe,3.0,Unmarried,3.0,0,5,1,1.0,Manager,25324.0
2953,0,34.0,Company Invited,1,13.0,Salaried,Male,2,4.0,Deluxe,3.0,Married,5.0,0,5,1,1.0,Manager,26403.0
2954,0,55.0,Self Enquiry,2,26.0,Small Business,Male,3,4.0,Standard,4.0,Divorced,4.0,0,3,1,1.0,Senior Manager,29403.0
2955,0,37.0,Self Enquiry,1,16.0,Small Business,Male,3,5.0,Deluxe,4.0,Married,4.0,1,4,1,1.0,Manager,27525.0
2956,0,28.0,Self Enquiry,1,10.0,Small Business,Male,3,5.0,Basic,3.0,Single,2.0,0,2,0,1.0,Executive,20723.0
2958,1,34.0,Company Invited,1,10.0,Salaried,Male,4,4.0,Basic,5.0,Unmarried,3.0,1,5,1,3.0,Executive,22026.0
2960,0,24.0,Self Enquiry,1,11.0,Small Business,Male,3,3.0,Basic,5.0,Divorced,4.0,0,4,0,2.0,Executive,21497.0
2961,0,26.0,Self Enquiry,3,15.0,Salaried,Male,3,3.0,Deluxe,4.0,Divorced,2.0,0,4,0,1.0,Manager,23529.0
2962,0,39.0,Self Enquiry,3,14.0,Small Business,Female,3,5.0,Deluxe,3.0,Unmarried,2.0,0,2,1,2.0,Manager,22706.0
2963,0,30.0,Company Invited,1,7.0,Salaried,Male,4,6.0,Basic,3.0,Married,3.0,0,2,1,1.0,Executive,21398.0
2964,0,49.0,Self Enquiry,3,9.0,Small Business,Male,3,3.0,Deluxe,4.0,Divorced,5.0,0,3,1,1.0,Manager,26798.0
2965,0,28.0,Company Invited,3,10.0,Small Business,Female,4,3.0,Deluxe,3.0,Married,3.0,1,2,1,3.0,Manager,23325.0
2966,0,38.0,Self Enquiry,1,17.0,Salaried,Male,4,3.0,Basic,3.0,Unmarried,5.0,0,4,1,2.0,Executive,23358.0
2967,0,51.0,Self Enquiry,1,35.0,Small Business,Male,4,3.0,Basic,3.0,Divorced,3.0,1,2,1,3.0,Executive,21899.0
2968,0,35.0,Self Enquiry,1,16.0,Small Business,Fe Male,3,5.0,Standard,4.0,Unmarried,3.0,0,2,1,2.0,Senior Manager,27299.0
2969,1,25.0,Self Enquiry,3,10.0,Salaried,Female,4,4.0,Deluxe,3.0,Unmarried,2.0,0,2,1,1.0,Manager,23255.0
2970,0,40.0,Self Enquiry,1,9.0,Large Business,Female,4,5.0,Deluxe,3.0,Unmarried,3.0,0,2,1,1.0,Manager,23231.0
2971,0,33.0,Self Enquiry,3,17.0,Small Business,Male,3,4.0,Deluxe,3.0,Unmarried,3.0,0,4,0,2.0,Manager,24074.0
2972,1,51.0,Company Invited,3,15.0,Large Business,Male,3,4.0,Deluxe,3.0,Divorced,5.0,1,5,1,1.0,Manager,25474.0
2973,0,39.0,Self Enquiry,1,7.0,Salaried,Fe Male,3,3.0,Deluxe,3.0,Unmarried,2.0,0,2,1,2.0,Manager,26303.0
2974,0,28.0,Self Enquiry,1,7.0,Salaried,Female,4,4.0,Standard,5.0,Divorced,3.0,0,4,1,3.0,Senior Manager,26090.0
2975,0,33.0,Self Enquiry,1,10.0,Salaried,Female,3,4.0,Standard,3.0,Single,5.0,0,2,1,2.0,Senior Manager,29837.0
2976,0,48.0,Self Enquiry,3,21.0,Small Business,Male,3,4.0,Deluxe,5.0,Unmarried,4.0,0,2,0,2.0,Manager,23638.0
2977,0,41.0,Company Invited,3,12.0,Salaried,Male,3,5.0,Standard,5.0,Divorced,7.0,1,5,0,2.0,Senior Manager,29153.0
2978,0,54.0,Self Enquiry,1,14.0,Salaried,Male,3,3.0,Super Deluxe,3.0,Divorced,5.0,0,2,0,1.0,AVP,33492.0
2980,0,61.0,Self Enquiry,3,23.0,Small Business,Male,3,4.0,Deluxe,5.0,Unmarried,2.0,0,4,1,1.0,Manager,24083.0
2981,0,28.0,Company Invited,1,17.0,Salaried,Male,3,4.0,Standard,5.0,Married,3.0,0,3,1,1.0,Senior Manager,27471.0
2983,0,51.0,Self Enquiry,3,15.0,Small Business,Male,3,4.0,Basic,4.0,Divorced,2.0,0,2,1,1.0,Executive,22553.0
2984,1,29.0,Self Enquiry,1,7.0,Salaried,Female,4,6.0,Basic,4.0,Single,2.0,1,2,1,1.0,Executive,20894.0
2985,0,37.0,Company Invited,1,15.0,Salaried,Female,4,3.0,Standard,5.0,Divorced,2.0,0,3,0,1.0,Senior Manager,30391.0
2986,0,39.0,Self Enquiry,1,7.0,Salaried,Fe Male,3,4.0,Standard,3.0,Unmarried,6.0,1,2,0,2.0,Senior Manager,26539.0
2987,0,45.0,Company Invited,1,31.0,Small Business,Male,3,6.0,Basic,3.0,Unmarried,4.0,0,3,0,2.0,Executive,22386.0
2988,0,48.0,Company Invited,3,10.0,Small Business,Female,3,4.0,Super Deluxe,3.0,Married,2.0,1,5,1,2.0,AVP,32448.0
2989,0,31.0,Self Enquiry,3,34.0,Small Business,Male,3,4.0,Deluxe,3.0,Married,2.0,0,3,1,1.0,Manager,23982.0
2990,0,30.0,Self Enquiry,3,17.0,Salaried,Male,3,4.0,Basic,3.0,Unmarried,3.0,0,4,0,1.0,Executive,21320.0
2991,1,43.0,Company Invited,1,26.0,Small Business,Male,3,3.0,Basic,3.0,Married,8.0,1,3,1,2.0,Executive,21437.0
2992,0,44.0,Company Invited,3,22.0,Salaried,Male,3,5.0,Deluxe,3.0,Divorced,5.0,0,5,0,2.0,Manager,25482.0
2993,0,35.0,Self Enquiry,1,15.0,Small Business,Fe Male,4,4.0,Deluxe,3.0,Unmarried,5.0,0,4,1,2.0,Manager,24820.0
2994,0,24.0,Self Enquiry,1,16.0,Small Business,Male,3,4.0,Basic,5.0,Divorced,3.0,0,3,0,2.0,Executive,21178.0
2995,0,40.0,Self Enquiry,2,10.0,Salaried,Female,3,3.0,Deluxe,4.0,Divorced,2.0,0,2,1,1.0,Manager,25067.0
2996,0,57.0,Self Enquiry,1,16.0,Small Business,Male,3,4.0,Super Deluxe,3.0,Divorced,2.0,0,4,0,1.0,AVP,29781.0
2997,0,41.0,Self Enquiry,1,9.0,Small Business,Female,3,5.0,Basic,3.0,Single,2.0,1,3,1,2.0,Executive,21020.0
2998,0,28.0,Self Enquiry,1,14.0,Small Business,Fe Male,3,5.0,Deluxe,5.0,Unmarried,2.0,0,3,1,1.0,Manager,25489.0
2999,0,30.0,Self Enquiry,3,17.0,Small Business,Male,3,4.0,Basic,4.0,Married,3.0,0,2,0,2.0,Executive,20975.0
3000,0,54.0,Self Enquiry,1,13.0,Salaried,Male,3,4.0,Deluxe,3.0,Single,4.0,0,5,1,1.0,Manager,21128.0
3001,0,36.0,Company Invited,1,9.0,Salaried,Female,4,4.0,Deluxe,5.0,Married,4.0,0,4,0,1.0,Manager,23771.0
3002,0,33.0,Company Invited,1,31.0,Salaried,Male,4,4.0,Deluxe,3.0,Divorced,3.0,0,4,1,1.0,Manager,23987.0
3003,0,39.0,Self Enquiry,1,9.0,Small Business,Male,4,4.0,Basic,3.0,Divorced,8.0,1,4,0,1.0,Executive,21735.0
3004,0,35.0,Self Enquiry,1,15.0,Salaried,Female,3,4.0,Deluxe,5.0,Married,5.0,0,5,1,1.0,Manager,23799.0
3006,1,34.0,Self Enquiry,1,7.0,Salaried,Male,4,4.0,Basic,3.0,Unmarried,3.0,1,3,1,1.0,Executive,21364.0
3007,0,26.0,Self Enquiry,3,33.0,Small Business,Fe Male,3,4.0,Deluxe,3.0,Unmarried,3.0,0,4,0,1.0,Manager,24858.0
3008,0,46.0,Self Enquiry,3,9.0,Large Business,Male,3,6.0,Deluxe,3.0,Unmarried,2.0,0,5,0,1.0,Manager,25310.0
3009,0,24.0,Self Enquiry,1,17.0,Small Business,Male,4,3.0,Basic,3.0,Unmarried,3.0,0,2,1,2.0,Executive,22183.0
3010,1,48.0,Company Invited,3,34.0,Salaried,Fe Male,4,2.0,Deluxe,3.0,Unmarried,6.0,1,4,1,3.0,Manager,25075.0
3011,0,35.0,Self Enquiry,3,9.0,Salaried,Male,3,4.0,Deluxe,3.0,Unmarried,3.0,0,5,0,1.0,Manager,24952.0
3013,0,37.0,Company Invited,3,15.0,Salaried,Male,4,5.0,Standard,5.0,Unmarried,3.0,0,2,0,3.0,Senior Manager,26265.0
3014,0,53.0,Company Invited,1,26.0,Small Business,Male,3,4.0,Basic,3.0,Divorced,2.0,0,3,1,1.0,Executive,22936.0
3015,0,27.0,Company Invited,1,7.0,Salaried,Female,4,6.0,Basic,3.0,Married,5.0,0,4,1,3.0,Executive,23042.0
3016,0,30.0,Self Enquiry,1,34.0,Small Business,Female,4,4.0,Deluxe,3.0,Divorced,6.0,0,2,1,1.0,Manager,23013.0
3017,1,27.0,Self Enquiry,3,15.0,Large Business,Male,3,5.0,Deluxe,5.0,Unmarried,8.0,0,3,1,2.0,Manager,24004.0
3018,0,35.0,Self Enquiry,1,7.0,Salaried,Female,4,2.0,Basic,3.0,Unmarried,4.0,0,2,0,1.0,Executive,21958.0
3019,0,55.0,Self Enquiry,1,26.0,Small Business,Female,4,4.0,Deluxe,5.0,Married,2.0,1,3,0,1.0,Manager,24163.0
3020,0,28.0,Company Invited,3,6.0,Small Business,Male,3,4.0,Deluxe,3.0,Divorced,2.0,0,3,0,2.0,Manager,23020.0
3021,0,38.0,Self Enquiry,1,17.0,Salaried,Female,3,4.0,Basic,5.0,Married,2.0,1,3,1,2.0,Executive,21460.0
3022,0,39.0,Company Invited,1,9.0,Salaried,Fe Male,4,2.0,Deluxe,5.0,Unmarried,8.0,1,2,1,3.0,Manager,24658.0
3023,0,35.0,Self Enquiry,1,9.0,Small Business,Female,3,5.0,Basic,5.0,Unmarried,3.0,0,2,1,2.0,Executive,23059.0
3024,0,36.0,Self Enquiry,3,15.0,Salaried,Female,4,4.0,Basic,3.0,Divorced,3.0,0,3,0,1.0,Executive,21250.0
3025,0,31.0,Self Enquiry,1,7.0,Salaried,Male,3,6.0,Basic,3.0,Divorced,5.0,0,4,1,1.0,Executive,22511.0
3026,0,41.0,Company Invited,1,9.0,Small Business,Female,3,2.0,Deluxe,4.0,Divorced,3.0,0,3,0,2.0,Manager,22922.0
3027,0,35.0,Self Enquiry,3,15.0,Salaried,Female,4,4.0,Deluxe,5.0,Divorced,7.0,0,2,1,1.0,Manager,25178.0
3029,1,24.0,Self Enquiry,1,13.0,Salaried,Male,4,2.0,Basic,5.0,Divorced,3.0,1,3,1,3.0,Executive,20279.0
3030,0,25.0,Company Invited,1,16.0,Salaried,Male,3,5.0,Basic,4.0,Married,3.0,0,5,1,1.0,Executive,21372.0
3031,0,53.0,Self Enquiry,1,18.0,Salaried,Female,3,4.0,Deluxe,3.0,Divorced,2.0,0,2,1,2.0,Manager,21827.0
3033,1,30.0,Self Enquiry,1,7.0,Salaried,Female,3,5.0,Basic,5.0,Divorced,3.0,1,2,0,1.0,Executive,20997.0
3034,0,34.0,Self Enquiry,1,14.0,Small Business,Male,3,4.0,Standard,3.0,Divorced,2.0,0,4,0,1.0,Senior Manager,30369.0
3035,1,34.0,Self Enquiry,3,23.0,Small Business,Fe Male,4,4.0,Deluxe,5.0,Unmarried,7.0,0,3,1,1.0,Manager,24002.0
3037,0,37.0,Self Enquiry,1,7.0,Salaried,Female,3,4.0,Deluxe,4.0,Divorced,2.0,0,5,0,1.0,Manager,23906.0
3038,0,30.0,Self Enquiry,1,30.0,Salaried,Male,3,2.0,Basic,3.0,Divorced,3.0,0,2,1,2.0,Executive,21378.0
3040,0,36.0,Self Enquiry,1,7.0,Salaried,Female,3,2.0,Basic,3.0,Single,5.0,0,3,0,1.0,Executive,21184.0
3041,0,43.0,Self Enquiry,1,7.0,Salaried,Female,3,5.0,Deluxe,3.0,Divorced,2.0,1,3,0,2.0,Manager,24740.0
3042,1,29.0,Self Enquiry,1,9.0,Small Business,Male,3,4.0,Basic,3.0,Unmarried,8.0,0,3,0,1.0,Executive,23060.0
3043,0,37.0,Self Enquiry,2,20.0,Salaried,Male,3,4.0,Basic,4.0,Divorced,6.0,0,3,1,1.0,Executive,20821.0
3044,0,33.0,Self Enquiry,1,11.0,Salaried,Female,4,5.0,Deluxe,3.0,Divorced,3.0,0,4,1,1.0,Manager,24840.0
3045,0,41.0,Company Invited,1,23.0,Small Business,Male,3,5.0,Deluxe,3.0,Unmarried,8.0,0,5,1,2.0,Manager,23772.0
3046,0,31.0,Self Enquiry,1,9.0,Small Business,Fe Male,3,5.0,Deluxe,3.0,Unmarried,7.0,1,2,1,2.0,Manager,25555.0
3047,0,46.0,Self Enquiry,1,9.0,Salaried,Female,4,5.0,Basic,3.0,Single,3.0,0,3,1,2.0,Executive,20952.0
3048,0,43.0,Self Enquiry,1,36.0,Salaried,Male,4,4.0,Deluxe,4.0,Divorced,3.0,0,3,1,2.0,Manager,23112.0
3049,0,39.0,Company Invited,1,19.0,Salaried,Male,3,5.0,Deluxe,5.0,Married,4.0,0,5,1,1.0,Manager,24966.0
3050,0,35.0,Company Invited,1,23.0,Salaried,Female,4,5.0,Basic,3.0,Single,3.0,0,5,1,2.0,Executive,21231.0
3051,1,50.0,Self Enquiry,3,18.0,Small Business,Female,3,4.0,Standard,3.0,Divorced,3.0,0,4,0,2.0,Senior Manager,26332.0
3052,1,56.0,Self Enquiry,3,9.0,Small Business,Male,3,4.0,Deluxe,3.0,Unmarried,6.0,0,2,0,2.0,Manager,23838.0
3054,0,28.0,Self Enquiry,1,12.0,Large Business,Male,3,5.0,Standard,3.0,Married,3.0,1,3,0,1.0,Senior Manager,31486.0
3055,0,36.0,Self Enquiry,1,14.0,Salaried,Male,3,4.0,Standard,3.0,Single,5.0,0,3,0,1.0,Senior Manager,28899.0
3056,0,29.0,Self Enquiry,3,9.0,Small Business,Female,3,4.0,Deluxe,4.0,Divorced,3.0,1,3,1,1.0,Manager,23457.0
3057,0,35.0,Self Enquiry,2,10.0,Salaried,Male,3,4.0,Basic,3.0,Divorced,2.0,0,2,1,2.0,Executive,22415.0
3058,1,27.0,Company Invited,1,12.0,Small Business,Female,3,5.0,Basic,3.0,Divorced,3.0,1,2,0,2.0,Executive,21044.0
3059,0,28.0,Company Invited,1,10.0,Small Business,Male,3,4.0,Basic,3.0,Divorced,3.0,0,2,1,1.0,Executive,20384.0
3061,0,45.0,Self Enquiry,1,11.0,Small Business,Male,3,4.0,Deluxe,4.0,Unmarried,2.0,0,2,1,1.0,Manager,24611.0
3062,0,26.0,Self Enquiry,1,9.0,Small Business,Male,4,2.0,Basic,5.0,Unmarried,2.0,0,2,1,3.0,Executive,22102.0
3063,0,34.0,Self Enquiry,3,7.0,Small Business,Male,3,2.0,Deluxe,5.0,Married,3.0,0,4,0,1.0,Manager,22715.0
3064,0,36.0,Self Enquiry,1,34.0,Small Business,Female,3,5.0,Basic,5.0,Single,3.0,0,4,1,2.0,Executive,21237.0
3065,0,37.0,Self Enquiry,3,7.0,Salaried,Male,3,4.0,Deluxe,3.0,Divorced,3.0,1,3,1,2.0,Manager,24879.0
3066,0,33.0,Self Enquiry,3,20.0,Salaried,Male,4,4.0,Deluxe,3.0,Married,4.0,0,2,0,1.0,Manager,23081.0
3067,0,31.0,Company Invited,1,12.0,Salaried,Male,4,5.0,Basic,3.0,Married,2.0,0,5,0,1.0,Executive,22439.0
3068,0,54.0,Self Enquiry,3,14.0,Small Business,Female,4,5.0,Standard,3.0,Divorced,2.0,1,2,0,1.0,Senior Manager,29612.0
3069,0,46.0,Self Enquiry,3,16.0,Small Business,Male,4,4.0,Standard,5.0,Married,6.0,1,2,1,1.0,Senior Manager,29439.0
3070,0,33.0,Self Enquiry,1,15.0,Small Business,Female,4,2.0,Deluxe,3.0,Divorced,7.0,0,3,1,3.0,Manager,23853.0
3071,0,53.0,Company Invited,1,32.0,Small Business,Female,3,5.0,Super Deluxe,3.0,Divorced,5.0,0,5,0,2.0,AVP,32504.0
3072,0,38.0,Self Enquiry,3,23.0,Small Business,Male,4,5.0,Deluxe,3.0,Married,6.0,0,5,1,3.0,Manager,25012.0
3073,0,29.0,Self Enquiry,2,15.0,Small Business,Male,4,5.0,Basic,3.0,Married,3.0,0,2,0,2.0,Executive,23614.0
3074,0,23.0,Self Enquiry,1,7.0,Salaried,Male,3,5.0,Deluxe,3.0,Divorced,8.0,0,2,1,1.0,Manager,23453.0
3075,0,45.0,Self Enquiry,1,15.0,Salaried,Male,4,2.0,Basic,3.0,Divorced,4.0,1,3,1,3.0,Executive,21496.0
3076,0,43.0,Company Invited,1,9.0,Small Business,Male,3,4.0,Basic,3.0,Single,7.0,1,2,0,2.0,Executive,21193.0
3077,0,37.0,Self Enquiry,2,15.0,Salaried,Male,4,5.0,Basic,5.0,Divorced,2.0,0,2,1,3.0,Executive,21020.0
3078,0,26.0,Self Enquiry,3,10.0,Salaried,Male,4,4.0,Deluxe,5.0,Divorced,3.0,1,4,1,1.0,Manager,22872.0
3079,0,36.0,Self Enquiry,1,16.0,Salaried,Female,4,5.0,Standard,3.0,Divorced,3.0,1,4,1,2.0,Senior Manager,29363.0
3080,1,36.0,Company Invited,1,32.0,Salaried,Female,4,4.0,Basic,4.0,Married,3.0,1,3,0,1.0,Executive,20700.0
3081,0,33.0,Company Invited,1,7.0,Salaried,Male,4,4.0,Basic,3.0,Married,2.0,0,5,0,1.0,Executive,20992.0
3082,0,26.0,Self Enquiry,3,11.0,Small Business,Male,3,5.0,Deluxe,5.0,Divorced,3.0,0,3,1,2.0,Manager,22934.0
3083,0,50.0,Self Enquiry,1,7.0,Large Business,Female,3,4.0,Basic,5.0,Divorced,4.0,0,4,1,1.0,Executive,22258.0
3084,0,25.0,Company Invited,1,11.0,Salaried,Male,3,5.0,Basic,3.0,Divorced,2.0,0,3,0,1.0,Executive,21840.0
3085,0,33.0,Company Invited,3,12.0,Salaried,Male,3,4.0,Deluxe,4.0,Divorced,3.0,0,3,1,2.0,Manager,25202.0
3086,0,39.0,Self Enquiry,3,16.0,Small Business,Male,4,5.0,Basic,4.0,Divorced,2.0,0,4,0,1.0,Executive,21577.0
3087,0,43.0,Self Enquiry,1,10.0,Salaried,Female,4,2.0,Deluxe,3.0,Divorced,4.0,1,5,0,1.0,Manager,23909.0
3088,0,32.0,Self Enquiry,1,18.0,Salaried,Male,3,4.0,Basic,3.0,Divorced,5.0,1,3,1,2.0,Executive,21034.0
3089,1,30.0,Self Enquiry,3,7.0,Small Business,Female,3,5.0,Basic,3.0,Married,8.0,1,2,0,2.0,Executive,21478.0
3090,0,54.0,Self Enquiry,3,15.0,Small Business,Male,4,4.0,Super Deluxe,3.0,Divorced,7.0,0,3,0,3.0,AVP,30514.0
3091,0,36.0,Self Enquiry,1,32.0,Large Business,Male,4,5.0,Standard,4.0,Divorced,5.0,0,3,1,2.0,Senior Manager,29581.0
3092,0,38.0,Company Invited,3,28.0,Small Business,Female,3,4.0,Basic,3.0,Divorced,7.0,0,2,1,2.0,Executive,21651.0
3093,0,54.0,Self Enquiry,1,30.0,Salaried,Female,4,4.0,Super Deluxe,3.0,Single,8.0,0,5,1,2.0,AVP,32953.0
3094,0,44.0,Company Invited,1,7.0,Salaried,Female,3,4.0,Deluxe,3.0,Divorced,6.0,0,2,1,2.0,Manager,24240.0
3095,0,48.0,Self Enquiry,3,9.0,Small Business,Female,3,4.0,Deluxe,3.0,Divorced,2.0,1,2,1,1.0,Manager,23215.0
3096,0,38.0,Company Invited,3,26.0,Small Business,Male,3,4.0,Standard,4.0,Unmarried,3.0,1,5,0,1.0,Senior Manager,26320.0
3098,0,40.0,Self Enquiry,2,9.0,Salaried,Female,3,5.0,Deluxe,3.0,Divorced,2.0,0,3,0,1.0,Manager,23882.0
3099,0,34.0,Self Enquiry,2,10.0,Salaried,Male,3,4.0,Basic,4.0,Married,5.0,1,5,0,2.0,Executive,20955.0
3100,1,33.0,Self Enquiry,1,32.0,Salaried,Male,3,4.0,Basic,3.0,Unmarried,3.0,1,5,1,1.0,Executive,21473.0
3101,0,30.0,Self Enquiry,1,14.0,Small Business,Female,4,5.0,Basic,3.0,Married,8.0,0,5,1,1.0,Executive,21210.0
3102,0,45.0,Self Enquiry,1,16.0,Salaried,Male,4,4.0,Basic,5.0,Divorced,3.0,1,3,1,1.0,Executive,21237.0
3103,0,29.0,Self Enquiry,3,12.0,Small Business,Male,4,4.0,Deluxe,3.0,Unmarried,3.0,0,3,1,1.0,Manager,23586.0
3104,1,59.0,Company Invited,1,9.0,Salaried,Male,3,5.0,Basic,3.0,Married,2.0,1,2,0,1.0,Executive,21058.0
3105,0,44.0,Self Enquiry,1,15.0,Salaried,Female,3,4.0,Deluxe,4.0,Married,6.0,0,3,1,1.0,Manager,23443.0
3106,1,21.0,Self Enquiry,3,9.0,Small Business,Female,3,5.0,Basic,3.0,Single,3.0,0,4,0,2.0,Executive,20722.0
3107,1,22.0,Self Enquiry,1,25.0,Salaried,Female,4,4.0,Basic,3.0,Unmarried,3.0,0,3,1,2.0,Executive,21371.0
3108,0,37.0,Self Enquiry,1,21.0,Salaried,Male,4,4.0,Deluxe,3.0,Divorced,2.0,1,5,1,3.0,Manager,25264.0
3109,0,48.0,Self Enquiry,3,9.0,Salaried,Female,4,5.0,Basic,3.0,Unmarried,3.0,1,2,1,1.0,Executive,21972.0
3110,1,23.0,Self Enquiry,1,10.0,Salaried,Female,3,4.0,Deluxe,3.0,Divorced,2.0,1,5,1,2.0,Manager,22849.0
3111,1,42.0,Self Enquiry,1,9.0,Salaried,Female,3,6.0,Basic,3.0,Married,6.0,1,3,0,1.0,Executive,21456.0
3112,0,29.0,Self Enquiry,1,16.0,Small Business,Female,4,4.0,Basic,3.0,Married,7.0,0,3,1,2.0,Executive,21055.0
3113,1,40.0,Self Enquiry,1,13.0,Small Business,Male,4,4.0,Basic,5.0,Divorced,2.0,1,2,1,2.0,Executive,21082.0
3114,0,28.0,Self Enquiry,1,11.0,Salaried,Female,4,4.0,Basic,3.0,Single,3.0,0,2,1,2.0,Executive,20996.0
3115,0,35.0,Self Enquiry,1,17.0,Salaried,Male,3,4.0,Basic,4.0,Married,3.0,0,2,1,1.0,Executive,20686.0
3116,0,43.0,Self Enquiry,3,21.0,Small Business,Fe Male,4,5.0,Deluxe,3.0,Unmarried,2.0,0,3,0,1.0,Manager,24922.0
3117,0,34.0,Self Enquiry,1,7.0,Salaried,Male,4,5.0,Basic,5.0,Unmarried,5.0,1,4,0,1.0,Executive,21477.0
3118,0,59.0,Self Enquiry,1,12.0,Large Business,Female,3,5.0,Standard,4.0,Married,4.0,1,5,1,2.0,Senior Manager,29230.0
3119,0,32.0,Self Enquiry,3,14.0,Salaried,Male,3,5.0,Basic,3.0,Divorced,5.0,0,4,1,2.0,Executive,21007.0
3120,0,36.0,Self Enquiry,1,28.0,Salaried,Female,3,4.0,Deluxe,3.0,Divorced,3.0,1,3,0,2.0,Manager,22692.0
3121,0,50.0,Self Enquiry,1,15.0,Salaried,Female,3,4.0,Standard,4.0,Divorced,6.0,0,4,0,1.0,Senior Manager,26081.0
3122,0,49.0,Self Enquiry,1,27.0,Small Business,Male,3,4.0,Basic,3.0,Divorced,6.0,0,2,0,1.0,Executive,20937.0
3123,0,32.0,Company Invited,3,27.0,Small Business,Female,3,4.0,Deluxe,3.0,Divorced,3.0,0,2,1,1.0,Manager,25610.0
3124,0,37.0,Self Enquiry,1,14.0,Salaried,Male,4,4.0,Basic,3.0,Unmarried,4.0,0,3,0,3.0,Executive,23356.0
3125,0,39.0,Self Enquiry,1,7.0,Large Business,Female,4,4.0,Standard,5.0,Divorced,3.0,0,4,1,3.0,Senior Manager,32260.0
3126,0,33.0,Company Invited,1,7.0,Salaried,Female,4,5.0,Basic,4.0,Divorced,8.0,0,3,1,1.0,Executive,21010.0
3127,1,26.0,Self Enquiry,3,26.0,Small Business,Male,3,5.0,Basic,4.0,Divorced,3.0,1,2,0,1.0,Executive,21091.0
3128,0,41.0,Self Enquiry,3,17.0,Small Business,Male,4,5.0,Standard,4.0,Married,4.0,0,4,1,2.0,Senior Manager,28383.0
3129,0,27.0,Company Invited,3,7.0,Small Business,Male,3,5.0,Deluxe,5.0,Unmarried,3.0,0,3,1,2.0,Manager,22972.0
3130,0,42.0,Self Enquiry,1,13.0,Small Business,Male,3,4.0,Basic,5.0,Unmarried,4.0,1,4,1,1.0,Executive,23399.0
3131,0,37.0,Self Enquiry,1,9.0,Small Business,Male,4,4.0,Basic,3.0,Single,6.0,0,5,1,1.0,Executive,21197.0
3132,1,20.0,Self Enquiry,3,28.0,Salaried,Male,3,5.0,Basic,4.0,Single,3.0,1,2,0,2.0,Executive,20799.0
3133,1,21.0,Self Enquiry,1,11.0,Large Business,Male,3,4.0,Basic,5.0,Unmarried,3.0,0,3,1,2.0,Executive,21651.0
3134,0,32.0,Self Enquiry,1,19.0,Small Business,Female,3,4.0,Deluxe,3.0,Divorced,2.0,1,4,0,2.0,Manager,24533.0
3135,0,41.0,Company Invited,1,16.0,Small Business,Male,3,4.0,Basic,4.0,Married,2.0,1,4,0,2.0,Executive,22295.0
3136,0,33.0,Self Enquiry,1,10.0,Small Business,Female,4,4.0,Deluxe,5.0,Divorced,3.0,0,2,1,2.0,Manager,25403.0
3137,1,37.0,Self Enquiry,3,10.0,Salaried,Male,3,5.0,Standard,3.0,Divorced,3.0,1,2,1,1.0,Senior Manager,29003.0
3138,0,34.0,Self Enquiry,1,7.0,Salaried,Fe Male,3,5.0,Deluxe,3.0,Unmarried,2.0,0,4,0,1.0,Manager,25627.0
3139,1,38.0,Self Enquiry,3,7.0,Salaried,Male,3,5.0,Standard,3.0,Divorced,7.0,0,2,1,2.0,Senior Manager,29287.0
3140,0,46.0,Company Invited,1,11.0,Salaried,Male,3,4.0,Deluxe,4.0,Divorced,3.0,0,4,1,2.0,Manager,23125.0
3141,0,30.0,Company Invited,3,27.0,Large Business,Female,3,4.0,Basic,3.0,Divorced,3.0,0,3,0,2.0,Executive,20835.0
3142,0,36.0,Self Enquiry,3,25.0,Small Business,Female,3,4.0,Deluxe,3.0,Divorced,3.0,0,4,1,1.0,Manager,23279.0
3144,1,59.0,Self Enquiry,1,9.0,Large Business,Male,3,4.0,Basic,3.0,Single,6.0,0,2,1,2.0,Executive,21157.0
3145,0,54.0,Self Enquiry,3,9.0,Small Business,Male,3,4.0,Super Deluxe,3.0,Married,8.0,0,3,1,1.0,AVP,33530.0
3146,0,31.0,Self Enquiry,3,15.0,Salaried,Male,4,4.0,Standard,3.0,Married,7.0,0,3,1,1.0,Senior Manager,25942.0
3147,0,39.0,Company Invited,3,17.0,Large Business,Fe Male,3,4.0,Deluxe,3.0,Unmarried,3.0,1,3,0,2.0,Manager,24344.0
3148,0,36.0,Self Enquiry,3,10.0,Salaried,Male,4,4.0,Standard,3.0,Married,8.0,0,5,0,2.0,Senior Manager,26501.0
3149,0,40.0,Self Enquiry,3,9.0,Salaried,Male,3,2.0,Standard,3.0,Unmarried,2.0,0,2,1,2.0,Senior Manager,26558.0
3150,1,41.0,Company Invited,3,31.0,Salaried,Female,4,2.0,Super Deluxe,4.0,Single,6.0,1,3,1,3.0,AVP,31872.0
3151,0,48.0,Company Invited,1,23.0,Small Business,Male,4,2.0,Deluxe,3.0,Married,3.0,1,2,0,1.0,Manager,23745.0
3152,0,37.0,Company Invited,3,15.0,Large Business,Male,3,4.0,Deluxe,3.0,Married,6.0,0,3,1,1.0,Manager,23757.0
3153,1,32.0,Company Invited,1,16.0,Small Business,Male,3,5.0,Basic,5.0,Single,2.0,1,3,1,1.0,Executive,20999.0
3155,1,30.0,Self Enquiry,1,17.0,Salaried,Female,4,5.0,Basic,5.0,Single,8.0,1,5,1,2.0,Executive,21082.0
3156,0,34.0,Self Enquiry,1,20.0,Salaried,Female,3,4.0,Basic,3.0,Unmarried,5.0,0,3,1,1.0,Executive,22130.0
3157,0,46.0,Self Enquiry,1,7.0,Small Business,Female,4,4.0,Basic,3.0,Married,5.0,0,5,0,2.0,Executive,20948.0
3159,0,34.0,Company Invited,1,7.0,Salaried,Female,3,2.0,Deluxe,4.0,Divorced,3.0,1,3,0,2.0,Manager,24166.0
3161,0,28.0,Self Enquiry,1,23.0,Large Business,Female,3,4.0,Basic,4.0,Divorced,2.0,0,2,1,1.0,Executive,21489.0
3162,0,46.0,Company Invited,1,30.0,Salaried,Male,3,4.0,Deluxe,5.0,Divorced,3.0,1,2,1,1.0,Manager,22311.0
3163,0,48.0,Self Enquiry,3,11.0,Salaried,Female,3,4.0,Deluxe,3.0,Unmarried,3.0,1,3,1,2.0,Manager,22841.0
3164,1,31.0,Self Enquiry,1,29.0,Salaried,Female,3,4.0,Basic,3.0,Divorced,6.0,1,2,0,2.0,Executive,20810.0
3165,0,51.0,Self Enquiry,1,31.0,Salaried,Male,4,4.0,Super Deluxe,3.0,Divorced,5.0,1,4,0,1.0,AVP,32651.0
3166,0,39.0,Company Invited,1,17.0,Small Business,Male,4,4.0,Basic,3.0,Divorced,2.0,0,5,0,3.0,Executive,21362.0
3167,0,47.0,Self Enquiry,1,14.0,Small Business,Male,4,4.0,Standard,3.0,Married,8.0,0,2,0,3.0,Senior Manager,29523.0
3168,0,25.0,Self Enquiry,1,24.0,Small Business,Female,3,5.0,Deluxe,3.0,Married,3.0,0,3,1,2.0,Manager,23055.0
3169,1,36.0,Self Enquiry,1,21.0,Salaried,Male,3,5.0,Basic,4.0,Married,3.0,1,5,1,2.0,Executive,22421.0
3170,0,32.0,Company Invited,1,7.0,Salaried,Female,4,4.0,Deluxe,5.0,Divorced,3.0,0,5,1,3.0,Manager,22826.0
3172,0,55.0,Self Enquiry,1,24.0,Large Business,Female,3,4.0,Standard,3.0,Divorced,2.0,0,5,1,1.0,Senior Manager,29417.0
3173,0,36.0,Self Enquiry,1,32.0,Small Business,Female,3,4.0,Standard,3.0,Married,3.0,1,3,1,2.0,Senior Manager,29066.0
3174,0,31.0,Self Enquiry,1,15.0,Salaried,Female,4,2.0,Standard,5.0,Divorced,2.0,1,2,0,3.0,Senior Manager,30094.0
3175,1,21.0,Self Enquiry,1,18.0,Small Business,Female,4,5.0,Basic,5.0,Unmarried,3.0,1,3,0,2.0,Executive,21278.0
3176,1,31.0,Company Invited,1,12.0,Small Business,Female,3,4.0,Basic,4.0,Single,2.0,0,3,0,1.0,Executive,21100.0
3177,0,27.0,Self Enquiry,1,9.0,Small Business,Male,3,2.0,Deluxe,3.0,Divorced,3.0,0,3,1,2.0,Manager,24150.0
3178,0,23.0,Self Enquiry,1,15.0,Salaried,Male,4,6.0,Basic,5.0,Divorced,3.0,0,2,1,1.0,Executive,21129.0
3179,0,49.0,Self Enquiry,1,13.0,Salaried,Male,4,5.0,Deluxe,3.0,Unmarried,4.0,0,2,0,1.0,Manager,22918.0
3180,0,49.0,Self Enquiry,1,11.0,Salaried,Male,4,5.0,Standard,3.0,Single,2.0,0,5,1,2.0,Senior Manager,29677.0
3181,0,42.0,Self Enquiry,1,14.0,Small Business,Fe Male,3,4.0,Deluxe,3.0,Unmarried,8.0,0,3,1,1.0,Manager,23681.0
3182,0,40.0,Self Enquiry,1,7.0,Salaried,Female,4,5.0,Super Deluxe,3.0,Divorced,3.0,0,3,0,2.0,AVP,31420.0
3183,0,28.0,Self Enquiry,1,9.0,Salaried,Female,3,4.0,Deluxe,3.0,Divorced,2.0,0,5,0,2.0,Manager,22905.0
3184,0,36.0,Self Enquiry,1,17.0,Salaried,Male,3,4.0,Basic,3.0,Married,3.0,0,5,1,1.0,Executive,22595.0
3186,0,51.0,Self Enquiry,1,16.0,Salaried,Male,4,4.0,Basic,3.0,Divorced,6.0,0,5,1,1.0,Executive,21058.0
3187,0,60.0,Self Enquiry,1,9.0,Salaried,Female,4,5.0,Super Deluxe,3.0,Single,5.0,1,5,0,3.0,AVP,32404.0
3188,1,38.0,Self Enquiry,1,18.0,Small Business,Female,4,6.0,Deluxe,4.0,Divorced,7.0,0,4,1,1.0,Manager,23455.0
3189,0,56.0,Company Invited,1,25.0,Small Business,Male,4,4.0,Deluxe,4.0,Divorced,5.0,1,5,1,3.0,Manager,25063.0
3191,0,39.0,Self Enquiry,3,10.0,Salaried,Male,3,4.0,Deluxe,3.0,Unmarried,2.0,1,3,1,2.0,Manager,25539.0
3192,1,27.0,Company Invited,3,36.0,Small Business,Male,4,6.0,Deluxe,5.0,Unmarried,2.0,0,3,0,1.0,Manager,23647.0
3194,0,45.0,Self Enquiry,3,35.0,Small Business,Female,3,2.0,Super Deluxe,3.0,Divorced,5.0,1,2,1,2.0,AVP,31998.0
3195,0,51.0,Company Invited,3,7.0,Salaried,Female,4,4.0,Deluxe,3.0,Divorced,2.0,0,2,1,2.0,Manager,25025.0
3196,1,37.0,Self Enquiry,1,23.0,Salaried,Female,3,2.0,Basic,5.0,Unmarried,3.0,0,2,1,1.0,Executive,21421.0
3197,0,40.0,Company Invited,1,29.0,Small Business,Female,3,4.0,Standard,5.0,Single,3.0,1,5,1,1.0,Senior Manager,29558.0
3198,0,34.0,Company Invited,3,15.0,Salaried,Female,3,5.0,Basic,3.0,Single,2.0,0,2,1,2.0,Executive,21020.0
3200,0,33.0,Company Invited,1,36.0,Small Business,Female,4,4.0,Basic,3.0,Unmarried,2.0,0,3,1,1.0,Executive,22703.0
3201,0,35.0,Self Enquiry,3,7.0,Small Business,Male,4,2.0,Deluxe,3.0,Married,2.0,0,5,1,3.0,Manager,28403.0
3202,0,60.0,Self Enquiry,3,7.0,Large Business,Male,4,4.0,Standard,3.0,Divorced,5.0,1,2,0,2.0,Senior Manager,30582.0
3203,0,46.0,Self Enquiry,2,31.0,Small Business,Male,3,4.0,Basic,4.0,Single,3.0,0,4,0,1.0,Executive,20855.0
3204,0,54.0,Company Invited,3,9.0,Small Business,Female,3,5.0,Standard,4.0,Divorced,4.0,0,2,0,2.0,Senior Manager,26203.0
3205,1,37.0,Self Enquiry,1,22.0,Salaried,Male,3,4.0,Deluxe,3.0,Married,2.0,0,4,0,1.0,Manager,23512.0
3206,1,27.0,Company Invited,1,9.0,Salaried,Male,3,4.0,Basic,5.0,Divorced,8.0,1,5,1,1.0,Executive,20720.0
3207,0,35.0,Self Enquiry,3,17.0,Salaried,Female,3,4.0,Basic,3.0,Divorced,3.0,1,2,0,2.0,Executive,20898.0
3209,0,39.0,Company Invited,1,10.0,Salaried,Male,3,4.0,Basic,3.0,Divorced,5.0,0,3,1,2.0,Executive,21499.0
3211,0,38.0,Self Enquiry,1,10.0,Salaried,Female,3,4.0,Deluxe,4.0,Unmarried,5.0,0,4,1,1.0,Manager,22785.0
3212,0,41.0,Self Enquiry,3,33.0,Small Business,Male,4,4.0,Deluxe,5.0,Divorced,3.0,0,2,1,2.0,Manager,27074.0
3213,0,27.0,Company Invited,1,7.0,Small Business,Female,4,5.0,Basic,3.0,Married,3.0,0,2,1,1.0,Executive,20685.0
3215,0,55.0,Self Enquiry,3,9.0,Salaried,Female,3,5.0,Standard,3.0,Divorced,8.0,0,5,1,1.0,Senior Manager,29364.0
3216,0,57.0,Company Invited,1,16.0,Small Business,Female,4,4.0,Basic,3.0,Divorced,4.0,0,2,0,1.0,Executive,21620.0
3217,0,37.0,Self Enquiry,1,19.0,Small Business,Fe Male,3,5.0,Standard,3.0,Unmarried,2.0,0,2,1,1.0,Senior Manager,27536.0
3219,0,44.0,Self Enquiry,3,32.0,Small Business,Male,4,5.0,Standard,3.0,Married,7.0,0,4,1,2.0,Senior Manager,29476.0
3220,1,21.0,Company Invited,3,16.0,Small Business,Female,3,4.0,Basic,3.0,Single,3.0,1,4,0,1.0,Executive,21001.0
3221,1,22.0,Self Enquiry,1,17.0,Salaried,Female,3,5.0,Basic,5.0,Single,3.0,0,3,1,1.0,Executive,20094.0
3222,0,47.0,Self Enquiry,1,15.0,Salaried,Female,4,5.0,Deluxe,5.0,Married,2.0,1,2,1,3.0,Manager,23293.0
3223,1,52.0,Self Enquiry,1,11.0,Salaried,Male,3,4.0,Basic,3.0,Divorced,2.0,1,2,1,2.0,Executive,21139.0
3224,1,29.0,Company Invited,1,31.0,Large Business,Male,4,5.0,Standard,5.0,Unmarried,3.0,0,2,0,1.0,Senior Manager,27400.0
3225,0,27.0,Self Enquiry,1,7.0,Small Business,Male,3,5.0,Basic,5.0,Divorced,3.0,0,3,0,2.0,Executive,22633.0
3226,0,31.0,Self Enquiry,1,27.0,Salaried,Male,3,4.0,Deluxe,5.0,Divorced,2.0,0,4,1,1.0,Manager,28635.0
3227,0,42.0,Self Enquiry,1,14.0,Large Business,Female,3,2.0,Basic,3.0,Divorced,3.0,0,3,1,2.0,Executive,22054.0
3228,0,39.0,Self Enquiry,1,24.0,Salaried,Female,4,5.0,Standard,3.0,Divorced,2.0,0,2,0,3.0,Senior Manager,27501.0
3229,0,41.0,Self Enquiry,1,27.0,Large Business,Male,4,4.0,Standard,3.0,Divorced,6.0,0,3,1,2.0,Senior Manager,29000.0
3230,0,28.0,Company Invited,1,15.0,Salaried,Male,3,6.0,Basic,3.0,Divorced,3.0,0,2,1,2.0,Executive,23299.0
3231,0,56.0,Company Invited,1,9.0,Salaried,Male,4,4.0,Standard,4.0,Divorced,5.0,0,2,1,2.0,Senior Manager,29654.0
3232,0,29.0,Self Enquiry,1,17.0,Salaried,Female,3,4.0,Deluxe,3.0,Unmarried,5.0,0,4,1,2.0,Manager,22338.0
3233,1,45.0,Self Enquiry,2,7.0,Small Business,Male,4,5.0,Standard,5.0,Divorced,2.0,0,4,1,1.0,Senior Manager,29160.0
3234,0,34.0,Self Enquiry,1,12.0,Salaried,Male,3,5.0,Standard,3.0,Married,6.0,0,3,0,1.0,Senior Manager,25797.0
3235,1,36.0,Self Enquiry,3,11.0,Large Business,Male,3,4.0,Standard,5.0,Unmarried,2.0,1,4,1,2.0,Senior Manager,28260.0
3236,1,34.0,Company Invited,1,36.0,Small Business,Female,3,5.0,Deluxe,3.0,Unmarried,3.0,0,5,1,1.0,Manager,23186.0
3237,0,29.0,Self Enquiry,1,22.0,Salaried,Male,3,4.0,Basic,3.0,Married,3.0,0,4,1,2.0,Executive,20885.0
3238,0,35.0,Company Invited,1,10.0,Salaried,Male,3,4.0,Deluxe,3.0,Unmarried,2.0,0,2,1,1.0,Manager,26434.0
3239,0,38.0,Self Enquiry,3,17.0,Salaried,Female,3,5.0,Deluxe,3.0,Married,4.0,1,4,0,1.0,Manager,25372.0
3240,1,26.0,Self Enquiry,1,11.0,Large Business,Male,3,4.0,Basic,3.0,Divorced,3.0,1,3,1,1.0,Executive,22369.0
3241,1,27.0,Self Enquiry,1,28.0,Small Business,Male,3,4.0,Basic,3.0,Married,3.0,0,5,1,2.0,Executive,21055.0
3242,1,34.0,Self Enquiry,1,32.0,Small Business,Male,3,5.0,Basic,4.0,Single,6.0,1,4,0,1.0,Executive,20991.0
3244,1,29.0,Company Invited,1,7.0,Small Business,Male,3,5.0,Basic,4.0,Married,3.0,0,4,0,1.0,Executive,21274.0
3245,1,51.0,Company Invited,3,7.0,Salaried,Male,3,4.0,Deluxe,3.0,Unmarried,5.0,1,2,0,1.0,Manager,23406.0
3246,0,34.0,Company Invited,3,14.0,Salaried,Female,2,4.0,Deluxe,4.0,Divorced,2.0,0,4,1,1.0,Manager,22980.0
3247,0,35.0,Company Invited,1,10.0,Salaried,Male,3,5.0,Basic,3.0,Divorced,5.0,0,2,1,1.0,Executive,21657.0
3248,0,49.0,Company Invited,1,7.0,Small Business,Male,3,2.0,Super Deluxe,3.0,Single,4.0,0,2,0,1.0,AVP,35563.0
3249,0,46.0,Company Invited,3,16.0,Salaried,Female,4,5.0,Deluxe,3.0,Divorced,3.0,0,3,0,1.0,Manager,24271.0
3250,0,53.0,Self Enquiry,1,14.0,Salaried,Male,3,4.0,Standard,4.0,Single,2.0,0,3,1,2.0,Senior Manager,29123.0
3251,0,39.0,Self Enquiry,3,17.0,Small Business,Male,4,5.0,Standard,3.0,Married,2.0,1,3,1,1.0,Senior Manager,27418.0
3252,0,30.0,Self Enquiry,1,35.0,Salaried,Female,4,4.0,Basic,3.0,Married,6.0,0,5,0,2.0,Executive,21192.0
3253,0,29.0,Self Enquiry,1,10.0,Small Business,Female,4,4.0,Standard,4.0,Married,2.0,0,4,0,1.0,Senior Manager,26333.0
3255,0,39.0,Self Enquiry,3,9.0,Small Business,Male,3,4.0,Standard,4.0,Unmarried,2.0,0,4,1,1.0,Senior Manager,26029.0
3256,0,44.0,Company Invited,1,34.0,Salaried,Female,3,4.0,Standard,5.0,Divorced,2.0,0,4,0,1.0,Senior Manager,29498.0
3257,1,40.0,Company Invited,1,9.0,Salaried,Male,3,4.0,Super Deluxe,3.0,Married,2.0,0,3,1,1.0,AVP,30847.0
3258,0,41.0,Self Enquiry,1,21.0,Small Business,Male,3,5.0,King,3.0,Single,3.0,0,3,1,2.0,VP,38304.0
3259,0,22.0,Self Enquiry,1,7.0,Large Business,Female,4,5.0,Basic,4.0,Single,3.0,1,5,0,3.0,Executive,20748.0
3260,0,40.0,Company Invited,1,16.0,Salaried,Male,4,4.0,Deluxe,4.0,Unmarried,22.0,0,2,1,1.0,Manager,25460.0
3261,0,37.0,Company Invited,1,25.0,Salaried,Male,4,4.0,Deluxe,3.0,Unmarried,4.0,0,3,1,1.0,Manager,26457.0
3262,0,32.0,Company Invited,3,27.0,Salaried,Male,4,2.0,Basic,3.0,Divorced,2.0,0,5,1,2.0,Executive,21469.0
3263,0,29.0,Self Enquiry,1,9.0,Salaried,Male,4,5.0,Basic,4.0,Divorced,2.0,0,2,0,3.0,Executive,21879.0
3264,0,36.0,Company Invited,3,18.0,Small Business,Male,3,4.0,Deluxe,3.0,Married,3.0,0,5,0,1.0,Manager,23646.0
3265,0,50.0,Self Enquiry,3,15.0,Large Business,Male,3,5.0,Super Deluxe,4.0,Divorced,8.0,0,4,1,1.0,AVP,31798.0
3266,0,35.0,Company Invited,1,9.0,Salaried,Male,4,4.0,Deluxe,3.0,Unmarried,4.0,0,4,1,3.0,Manager,22711.0
3267,0,30.0,Company Invited,1,17.0,Salaried,Female,4,4.0,Basic,4.0,Married,2.0,0,5,1,1.0,Executive,21969.0
3268,0,43.0,Self Enquiry,1,36.0,Small Business,Male,3,6.0,Deluxe,3.0,Unmarried,6.0,0,3,1,1.0,Manager,22950.0
3269,0,30.0,Self Enquiry,1,15.0,Small Business,Male,4,5.0,Deluxe,3.0,Divorced,3.0,1,3,0,1.0,Manager,23734.0
3270,0,39.0,Self Enquiry,2,7.0,Salaried,Male,3,2.0,Basic,3.0,Divorced,3.0,0,4,1,1.0,Executive,21522.0
3271,0,29.0,Company Invited,1,13.0,Salaried,Male,3,5.0,Basic,3.0,Married,3.0,1,4,1,1.0,Executive,21381.0
3272,1,19.0,Company Invited,1,15.0,Small Business,Male,4,4.0,Basic,3.0,Single,3.0,0,5,0,1.0,Executive,20582.0
3273,1,34.0,Self Enquiry,3,16.0,Small Business,Fe Male,4,4.0,Deluxe,5.0,Unmarried,2.0,1,3,0,2.0,Manager,26902.0
3274,0,42.0,Self Enquiry,1,19.0,Salaried,Male,3,4.0,Basic,3.0,Divorced,5.0,1,3,1,1.0,Executive,23444.0
3275,1,32.0,Company Invited,1,22.0,Small Business,Male,4,4.0,Basic,3.0,Divorced,3.0,0,4,1,3.0,Executive,21288.0
3276,0,38.0,Self Enquiry,1,32.0,Small Business,Female,3,5.0,Deluxe,3.0,Married,2.0,0,3,0,2.0,Manager,24409.0
3277,0,28.0,Self Enquiry,1,13.0,Salaried,Male,3,5.0,Basic,3.0,Divorced,3.0,0,2,1,2.0,Executive,21217.0
3278,0,35.0,Self Enquiry,3,16.0,Salaried,Female,4,4.0,Deluxe,3.0,Divorced,3.0,0,2,1,3.0,Manager,24392.0
3279,0,36.0,Self Enquiry,2,15.0,Large Business,Male,4,4.0,Basic,3.0,Unmarried,3.0,0,5,0,2.0,Executive,23001.0
3280,1,30.0,Self Enquiry,3,30.0,Salaried,Female,3,5.0,Standard,5.0,Divorced,3.0,0,3,0,1.0,Senior Manager,26014.0
3281,0,41.0,Company Invited,1,16.0,Small Business,Female,3,4.0,Standard,3.0,Single,2.0,0,4,0,1.0,Senior Manager,32177.0
3282,1,43.0,Company Invited,3,19.0,Salaried,Male,3,4.0,Super Deluxe,5.0,Single,2.0,1,5,1,2.0,AVP,32436.0
3283,0,43.0,Self Enquiry,3,11.0,Small Business,Male,3,4.0,Deluxe,5.0,Unmarried,2.0,0,5,1,2.0,Manager,23833.0
3284,0,36.0,Self Enquiry,1,7.0,Small Business,Male,3,5.0,Basic,3.0,Divorced,8.0,0,2,1,2.0,Executive,20936.0
3285,0,25.0,Self Enquiry,1,31.0,Small Business,Male,3,4.0,Basic,4.0,Unmarried,2.0,0,5,1,1.0,Executive,22275.0
3286,1,29.0,Self Enquiry,1,19.0,Salaried,Female,4,4.0,Basic,3.0,Divorced,3.0,1,4,1,1.0,Executive,21193.0
3287,0,27.0,Self Enquiry,1,10.0,Small Business,Male,3,2.0,Basic,3.0,Divorced,3.0,0,5,1,2.0,Executive,23098.0
3288,0,31.0,Self Enquiry,3,17.0,Small Business,Male,4,5.0,Deluxe,3.0,Divorced,3.0,0,2,1,1.0,Manager,25256.0
3289,0,41.0,Company Invited,1,33.0,Small Business,Female,4,5.0,Deluxe,3.0,Divorced,5.0,1,2,1,1.0,Manager,23100.0
3290,0,36.0,Self Enquiry,1,9.0,Salaried,Male,3,5.0,Standard,4.0,Married,4.0,0,4,1,1.0,Senior Manager,28952.0
3291,0,35.0,Company Invited,1,7.0,Small Business,Male,4,5.0,Deluxe,5.0,Unmarried,2.0,0,2,1,3.0,Manager,24021.0
3292,0,36.0,Company Invited,1,11.0,Salaried,Male,3,5.0,Basic,3.0,Divorced,3.0,0,2,1,1.0,Executive,21054.0
3293,1,44.0,Self Enquiry,3,16.0,Small Business,Fe Male,3,6.0,Deluxe,3.0,Unmarried,2.0,0,2,1,2.0,Manager,24024.0
3294,0,33.0,Company Invited,3,9.0,Salaried,Female,4,4.0,Basic,5.0,Married,3.0,0,3,0,2.0,Executive,21505.0
3296,0,30.0,Self Enquiry,1,13.0,Small Business,Female,3,4.0,Basic,3.0,Divorced,3.0,0,3,0,1.0,Executive,21809.0
3297,0,20.0,Self Enquiry,1,16.0,Salaried,Male,3,4.0,Basic,5.0,Single,3.0,0,3,0,1.0,Executive,21230.0
3298,0,46.0,Self Enquiry,1,14.0,Small Business,Female,3,4.0,Basic,3.0,Divorced,6.0,1,3,1,1.0,Executive,23155.0
3299,0,38.0,Self Enquiry,1,7.0,Salaried,Female,3,5.0,Deluxe,3.0,Divorced,3.0,0,2,1,2.0,Manager,25152.0
3300,0,21.0,Self Enquiry,1,10.0,Salaried,Male,3,5.0,Basic,3.0,Unmarried,3.0,0,3,0,2.0,Executive,21711.0
3301,1,45.0,Self Enquiry,1,17.0,Salaried,Male,4,4.0,Basic,3.0,Unmarried,3.0,1,3,1,3.0,Executive,21614.0
3303,0,30.0,Self Enquiry,1,22.0,Salaried,Female,4,6.0,Basic,3.0,Divorced,2.0,1,5,1,1.0,Executive,20846.0
3304,1,23.0,Company Invited,1,10.0,Salaried,Male,3,5.0,Basic,3.0,Divorced,2.0,1,3,0,1.0,Executive,21531.0
3306,0,45.0,Company Invited,1,24.0,Salaried,Male,4,6.0,Basic,3.0,Single,4.0,0,4,1,1.0,Executive,20968.0
3307,0,34.0,Self Enquiry,2,9.0,Salaried,Male,3,4.0,Basic,3.0,Divorced,3.0,0,2,0,1.0,Executive,22278.0
3308,1,42.0,Company Invited,1,12.0,Salaried,Male,4,5.0,Basic,5.0,Married,8.0,0,3,1,1.0,Executive,20785.0
3309,0,31.0,Self Enquiry,3,36.0,Salaried,Male,4,4.0,Deluxe,5.0,Married,2.0,0,2,1,2.0,Manager,22793.0
3310,0,41.0,Company Invited,3,9.0,Small Business,Male,4,4.0,Deluxe,4.0,Divorced,7.0,0,4,1,3.0,Manager,23005.0
3312,0,29.0,Self Enquiry,1,26.0,Small Business,Male,4,5.0,Basic,5.0,Divorced,3.0,0,3,1,3.0,Executive,21874.0
3314,0,36.0,Self Enquiry,3,24.0,Salaried,Male,4,4.0,Deluxe,5.0,Divorced,5.0,1,3,1,2.0,Manager,27644.0
3315,1,25.0,Self Enquiry,1,24.0,Salaried,Female,4,4.0,Basic,4.0,Divorced,3.0,0,2,0,2.0,Executive,20888.0
3316,0,34.0,Company Invited,3,32.0,Small Business,Female,3,4.0,Deluxe,3.0,Divorced,3.0,0,3,0,2.0,Manager,23217.0
3317,0,37.0,Self Enquiry,1,13.0,Salaried,Male,3,6.0,Basic,3.0,Married,3.0,0,2,0,1.0,Executive,21419.0
3318,0,31.0,Self Enquiry,1,14.0,Salaried,Male,3,4.0,Deluxe,3.0,Married,3.0,0,5,1,2.0,Manager,22169.0
3319,0,45.0,Self Enquiry,1,36.0,Salaried,Male,3,4.0,Deluxe,3.0,Unmarried,3.0,0,5,1,2.0,Manager,23219.0
3320,0,21.0,Self Enquiry,3,28.0,Small Business,Male,3,2.0,Basic,3.0,Unmarried,3.0,0,3,0,1.0,Executive,21356.0
3321,0,47.0,Self Enquiry,1,9.0,Large Business,Male,3,4.0,Deluxe,3.0,Married,4.0,0,2,1,1.0,Manager,26057.0
3322,0,43.0,Company Invited,2,9.0,Small Business,Male,4,2.0,Deluxe,5.0,Divorced,2.0,0,2,0,3.0,Manager,24950.0
3323,0,61.0,Self Enquiry,3,14.0,Small Business,Male,3,2.0,Deluxe,3.0,Married,2.0,1,5,0,1.0,Manager,23898.0
3324,0,33.0,Company Invited,1,20.0,Salaried,Female,4,5.0,Basic,4.0,Divorced,3.0,0,5,0,1.0,Executive,21421.0
3325,0,33.0,Company Invited,1,9.0,Salaried,Fe Male,3,4.0,Deluxe,3.0,Unmarried,6.0,1,5,1,2.0,Manager,23676.0
3326,0,37.0,Self Enquiry,1,7.0,Large Business,Female,4,6.0,Standard,5.0,Married,4.0,1,2,1,3.0,Senior Manager,28930.0
3327,0,34.0,Self Enquiry,1,16.0,Small Business,Male,3,4.0,Basic,3.0,Divorced,2.0,0,2,1,1.0,Executive,21459.0
3328,0,41.0,Self Enquiry,3,17.0,Large Business,Female,3,5.0,Deluxe,4.0,Married,2.0,0,5,1,1.0,Manager,25530.0
3329,0,26.0,Self Enquiry,3,17.0,Salaried,Male,3,4.0,Deluxe,3.0,Unmarried,2.0,0,2,0,2.0,Manager,23628.0
3330,0,31.0,Self Enquiry,1,7.0,Small Business,Male,4,4.0,Basic,4.0,Divorced,2.0,1,4,1,3.0,Executive,22257.0
3331,0,43.0,Company Invited,1,33.0,Small Business,Female,3,4.0,Standard,5.0,Divorced,5.0,1,3,0,2.0,Senior Manager,31869.0
3332,0,36.0,Company Invited,3,15.0,Small Business,Female,4,5.0,Standard,3.0,Divorced,6.0,1,5,1,3.0,Senior Manager,29055.0
3333,0,28.0,Self Enquiry,1,21.0,Salaried,Male,3,4.0,Basic,5.0,Divorced,3.0,1,4,1,1.0,Executive,20913.0
3334,0,55.0,Company Invited,1,7.0,Salaried,Female,3,4.0,Standard,3.0,Married,2.0,0,5,1,2.0,Senior Manager,29180.0
3335,0,45.0,Self Enquiry,1,9.0,Salaried,Female,4,2.0,Basic,3.0,Divorced,3.0,0,4,1,1.0,Executive,20689.0
3336,1,20.0,Company Invited,1,17.0,Small Business,Female,4,5.0,Basic,4.0,Single,3.0,1,5,1,2.0,Executive,20537.0
3337,0,30.0,Self Enquiry,1,7.0,Salaried,Female,4,4.0,Basic,3.0,Married,3.0,0,2,0,3.0,Executive,22438.0
3339,0,32.0,Self Enquiry,1,18.0,Small Business,Male,4,4.0,Deluxe,5.0,Divorced,3.0,1,2,0,3.0,Manager,25511.0
3340,0,32.0,Self Enquiry,1,31.0,Small Business,Fe Male,4,5.0,Deluxe,5.0,Unmarried,3.0,0,5,0,3.0,Manager,25490.0
3341,0,60.0,Self Enquiry,3,10.0,Salaried,Fe Male,3,5.0,Deluxe,3.0,Unmarried,7.0,0,3,0,1.0,Manager,23849.0
3344,0,37.0,Company Invited,1,10.0,Large Business,Male,3,4.0,Basic,4.0,Divorced,3.0,0,3,1,2.0,Executive,22370.0
3345,0,49.0,Self Enquiry,1,9.0,Large Business,Male,4,2.0,Basic,4.0,Single,7.0,0,2,0,3.0,Executive,21237.0
3346,0,28.0,Self Enquiry,1,11.0,Salaried,Male,4,4.0,Basic,3.0,Married,3.0,0,4,1,2.0,Executive,21195.0
3347,0,30.0,Self Enquiry,1,14.0,Salaried,Male,3,4.0,Deluxe,3.0,Married,3.0,1,3,0,1.0,Manager,25301.0
3350,0,35.0,Self Enquiry,1,27.0,Large Business,Female,3,2.0,Basic,3.0,Divorced,2.0,0,1,1,1.0,Executive,21263.0
3352,0,34.0,Self Enquiry,3,17.0,Small Business,Male,3,2.0,Standard,3.0,Married,2.0,1,4,1,2.0,Senior Manager,27058.0
3353,0,20.0,Self Enquiry,1,32.0,Salaried,Female,3,2.0,Basic,3.0,Unmarried,3.0,1,5,1,1.0,Executive,21672.0
3354,0,24.0,Self Enquiry,1,7.0,Salaried,Male,3,4.0,Basic,3.0,Divorced,3.0,0,4,0,2.0,Executive,19901.0
3356,0,27.0,Self Enquiry,1,11.0,Salaried,Male,3,4.0,Basic,3.0,Unmarried,3.0,1,1,0,1.0,Executive,21553.0
3358,0,56.0,Company Invited,1,15.0,Small Business,Male,3,5.0,Super Deluxe,4.0,Married,3.0,1,3,1,2.0,AVP,32255.0
3359,1,22.0,Company Invited,1,17.0,Salaried,Female,3,5.0,Basic,3.0,Unmarried,3.0,0,4,1,1.0,Executive,21303.0
3361,0,35.0,Self Enquiry,3,9.0,Small Business,Female,3,4.0,Deluxe,5.0,Unmarried,2.0,1,3,1,1.0,Manager,23216.0
3363,0,60.0,Self Enquiry,1,25.0,Small Business,Male,4,4.0,Standard,3.0,Single,8.0,0,3,1,2.0,Senior Manager,29190.0
3364,0,35.0,Company Invited,1,26.0,Small Business,Female,3,4.0,Deluxe,4.0,Married,6.0,0,3,1,1.0,Manager,23122.0
3365,0,29.0,Company Invited,1,7.0,Small Business,Male,3,4.0,Basic,3.0,Single,2.0,1,4,0,1.0,Executive,20832.0
3367,0,35.0,Company Invited,2,18.0,Salaried,Male,3,5.0,Deluxe,4.0,Divorced,6.0,0,5,0,2.0,Manager,23168.0
3368,0,36.0,Self Enquiry,1,13.0,Salaried,Male,4,4.0,Basic,3.0,Divorced,2.0,1,3,1,2.0,Executive,22184.0
3369,0,43.0,Self Enquiry,1,14.0,Small Business,Female,4,2.0,Deluxe,4.0,Divorced,8.0,1,1,0,1.0,Manager,21050.0
3370,0,44.0,Self Enquiry,3,11.0,Small Business,Female,3,5.0,Standard,3.0,Single,5.0,0,3,1,1.0,Senior Manager,28909.0
3371,0,37.0,Self Enquiry,1,9.0,Salaried,Fe Male,3,4.0,Deluxe,4.0,Unmarried,2.0,1,3,1,1.0,Manager,24088.0
3372,1,45.0,Self Enquiry,1,22.0,Small Business,Female,4,4.0,Standard,3.0,Divorced,3.0,0,3,0,2.0,Senior Manager,26656.0
3373,0,29.0,Company Invited,1,9.0,Salaried,Male,3,5.0,Basic,3.0,Divorced,3.0,1,4,1,1.0,Executive,22545.0
3374,0,52.0,Company Invited,1,13.0,Small Business,Female,3,5.0,Basic,3.0,Unmarried,2.0,0,5,1,2.0,Executive,21516.0
3375,0,31.0,Company Invited,1,16.0,Small Business,Female,4,4.0,Deluxe,3.0,Unmarried,2.0,1,3,1,3.0,Manager,23373.0
3376,1,30.0,Self Enquiry,1,14.0,Large Business,Female,3,4.0,Basic,3.0,Married,5.0,1,4,1,2.0,Executive,22017.0
3377,0,29.0,Self Enquiry,1,7.0,Large Business,Male,3,4.0,Basic,5.0,Single,4.0,0,4,0,1.0,Executive,20758.0
3378,0,26.0,Self Enquiry,1,7.0,Small Business,Female,3,4.0,Basic,4.0,Single,3.0,0,3,1,1.0,Executive,20774.0
3379,0,33.0,Self Enquiry,3,15.0,Small Business,Male,3,2.0,Deluxe,3.0,Divorced,3.0,0,5,0,1.0,Manager,24887.0
3382,0,59.0,Self Enquiry,1,30.0,Salaried,Male,3,4.0,Basic,3.0,Married,3.0,0,3,1,2.0,Executive,21050.0
3383,1,33.0,Self Enquiry,1,14.0,Salaried,Male,4,4.0,Deluxe,3.0,Divorced,3.0,0,3,1,2.0,Manager,23561.0
3384,1,40.0,Self Enquiry,1,30.0,Small Business,Male,4,4.0,Basic,5.0,Unmarried,2.0,0,3,0,3.0,Executive,22582.0
3385,0,31.0,Self Enquiry,1,13.0,Large Business,Female,3,5.0,Deluxe,3.0,Divorced,2.0,0,4,1,2.0,Manager,23305.0
3386,0,37.0,Self Enquiry,1,17.0,Large Business,Female,4,4.0,Standard,3.0,Divorced,5.0,0,3,0,3.0,Senior Manager,25772.0
3387,0,47.0,Self Enquiry,2,7.0,Salaried,Female,3,4.0,Basic,5.0,Unmarried,8.0,0,5,1,1.0,Executive,22101.0
3388,0,29.0,Company Invited,1,7.0,Salaried,Female,3,6.0,Deluxe,3.0,Divorced,2.0,0,3,1,1.0,Manager,25352.0
3390,1,41.0,Self Enquiry,3,32.0,Small Business,Male,3,5.0,Standard,4.0,Unmarried,4.0,1,5,0,2.0,Senior Manager,27772.0
3391,1,53.0,Self Enquiry,3,12.0,Salaried,Male,4,4.0,Standard,4.0,Unmarried,2.0,1,4,1,2.0,Senior Manager,27124.0
3392,0,31.0,Self Enquiry,1,24.0,Small Business,Female,4,4.0,Standard,5.0,Divorced,3.0,1,4,0,3.0,Senior Manager,30594.0
3393,0,40.0,Self Enquiry,1,25.0,Salaried,Male,3,4.0,Deluxe,3.0,Unmarried,2.0,0,3,0,1.0,Manager,23212.0
3394,0,32.0,Company Invited,3,9.0,Salaried,Female,3,4.0,Standard,3.0,Married,3.0,1,1,1,1.0,Senior Manager,28530.0
3395,0,42.0,Company Invited,3,17.0,Small Business,Male,3,6.0,Deluxe,4.0,Unmarried,3.0,0,1,1,1.0,Manager,24829.0
3396,1,32.0,Company Invited,3,7.0,Salaried,Female,3,4.0,Basic,4.0,Single,3.0,1,5,1,2.0,Executive,20980.0
3397,1,45.0,Self Enquiry,1,10.0,Salaried,Male,3,4.0,Basic,5.0,Divorced,6.0,0,5,1,2.0,Executive,21040.0
3401,0,41.0,Company Invited,1,23.0,Salaried,Male,4,4.0,Basic,3.0,Married,2.0,0,3,1,3.0,Executive,22222.0
3402,0,35.0,Self Enquiry,1,16.0,Salaried,Male,3,4.0,Standard,3.0,Married,2.0,0,5,1,2.0,Senior Manager,27178.0
3403,0,41.0,Self Enquiry,1,9.0,Salaried,Male,4,4.0,Deluxe,3.0,Unmarried,3.0,0,3,1,3.0,Manager,23339.0
3404,0,42.0,Company Invited,3,7.0,Small Business,Female,4,4.0,Deluxe,5.0,Married,2.0,0,3,0,2.0,Manager,22781.0
3405,0,36.0,Company Invited,1,11.0,Salaried,Male,3,4.0,Deluxe,3.0,Unmarried,3.0,1,1,1,2.0,Manager,22927.0
3406,0,52.0,Self Enquiry,2,12.0,Salaried,Male,3,4.0,Super Deluxe,4.0,Married,3.0,1,3,1,2.0,AVP,32704.0
3407,0,39.0,Self Enquiry,3,9.0,Salaried,Female,3,4.0,Deluxe,5.0,Married,5.0,0,4,0,2.0,Manager,25571.0
3408,0,35.0,Self Enquiry,3,22.0,Small Business,Fe Male,4,4.0,Deluxe,5.0,Unmarried,3.0,0,1,1,3.0,Manager,24803.0
3409,0,26.0,Self Enquiry,1,26.0,Small Business,Male,4,4.0,Basic,3.0,Divorced,5.0,0,5,1,3.0,Executive,22347.0
3410,1,59.0,Self Enquiry,1,14.0,Small Business,Female,3,5.0,Standard,5.0,Divorced,2.0,1,4,1,1.0,Senior Manager,28686.0
3411,0,41.0,Self Enquiry,1,7.0,Salaried,Male,3,4.0,Basic,4.0,Divorced,5.0,0,1,1,2.0,Executive,21065.0
3412,0,37.0,Company Invited,3,14.0,Small Business,Female,3,2.0,Deluxe,5.0,Divorced,4.0,0,1,1,1.0,Manager,23317.0
3413,0,49.0,Self Enquiry,1,11.0,Salaried,Male,3,4.0,Standard,3.0,Unmarried,3.0,0,5,1,2.0,Senior Manager,26576.0
3414,0,28.0,Self Enquiry,3,18.0,Small Business,Female,4,2.0,Basic,3.0,Divorced,2.0,0,3,1,2.0,Executive,21212.0
3415,0,52.0,Self Enquiry,1,18.0,Large Business,Female,3,5.0,Super Deluxe,4.0,Single,5.0,0,1,0,2.0,AVP,31820.0
3416,0,19.0,Company Invited,1,7.0,Salaried,Female,4,4.0,Basic,3.0,Single,3.0,0,5,1,2.0,Executive,20289.0
3417,0,36.0,Self Enquiry,1,7.0,Small Business,Female,3,5.0,Deluxe,3.0,Divorced,2.0,0,1,1,2.0,Manager,24041.0
3418,0,28.0,Company Invited,3,9.0,Salaried,Male,3,6.0,Deluxe,3.0,Unmarried,5.0,0,4,1,2.0,Manager,23749.0
3419,1,56.0,Self Enquiry,3,20.0,Small Business,Male,3,2.0,Super Deluxe,3.0,Single,8.0,1,3,1,2.0,AVP,32373.0
3420,0,57.0,Self Enquiry,1,30.0,Salaried,Male,4,4.0,Super Deluxe,4.0,Divorced,6.0,1,4,1,3.0,AVP,32080.0
3421,0,35.0,Company Invited,1,33.0,Large Business,Female,4,5.0,Basic,3.0,Married,3.0,0,1,1,1.0,Executive,20707.0
3422,0,41.0,Self Enquiry,1,9.0,Small Business,Female,3,2.0,Deluxe,3.0,Married,7.0,0,3,1,1.0,Manager,25055.0
3423,0,35.0,Self Enquiry,1,36.0,Small Business,Male,3,4.0,Deluxe,3.0,Divorced,6.0,0,3,0,1.0,Manager,24107.0
3424,1,32.0,Company Invited,3,9.0,Salaried,Female,3,5.0,Basic,3.0,Unmarried,2.0,0,5,0,2.0,Executive,21463.0
3425,1,36.0,Company Invited,3,25.0,Small Business,Female,4,4.0,Deluxe,3.0,Divorced,2.0,1,5,1,3.0,Manager,23292.0
3426,0,39.0,Company Invited,1,14.0,Salaried,Male,3,2.0,Basic,3.0,Married,3.0,0,3,0,1.0,Executive,21288.0
3427,0,35.0,Self Enquiry,1,9.0,Large Business,Fe Male,4,4.0,Deluxe,3.0,Unmarried,3.0,0,5,1,2.0,Manager,25365.0
3428,0,29.0,Self Enquiry,3,33.0,Salaried,Male,3,5.0,Deluxe,5.0,Divorced,3.0,0,4,1,1.0,Manager,23402.0
3429,1,32.0,Self Enquiry,1,29.0,Small Business,Male,4,4.0,Deluxe,3.0,Divorced,3.0,1,5,1,1.0,Manager,24857.0
3430,0,40.0,Self Enquiry,3,28.0,Salaried,Male,3,5.0,Deluxe,3.0,Divorced,5.0,1,1,0,2.0,Manager,24798.0
3431,0,52.0,Company Invited,3,9.0,Small Business,Male,3,4.0,Standard,4.0,Divorced,4.0,0,4,0,1.0,Senior Manager,29274.0
3432,0,42.0,Company Invited,1,29.0,Salaried,Female,4,4.0,Deluxe,3.0,Married,5.0,1,5,0,1.0,Manager,24145.0
3433,0,38.0,Self Enquiry,1,11.0,Salaried,Male,3,4.0,Basic,3.0,Divorced,2.0,1,5,1,2.0,Executive,21674.0
3434,0,34.0,Company Invited,3,12.0,Salaried,Male,4,4.0,Deluxe,3.0,Divorced,8.0,0,1,1,3.0,Manager,28676.0
3435,0,33.0,Self Enquiry,3,9.0,Small Business,Male,3,4.0,Deluxe,4.0,Divorced,2.0,1,1,0,2.0,Manager,22756.0
3436,0,40.0,Company Invited,1,32.0,Salaried,Male,4,4.0,Standard,3.0,Divorced,5.0,0,1,0,1.0,Senior Manager,29598.0
3437,0,26.0,Self Enquiry,3,25.0,Salaried,Male,4,2.0,Deluxe,3.0,Divorced,4.0,0,1,0,1.0,Manager,24910.0
3438,0,53.0,Company Invited,1,35.0,Small Business,Female,3,2.0,Super Deluxe,3.0,Divorced,4.0,1,4,0,1.0,AVP,31925.0
3439,0,44.0,Self Enquiry,1,13.0,Small Business,Female,4,5.0,Deluxe,3.0,Unmarried,3.0,1,4,1,2.0,Manager,22759.0
3440,0,28.0,Self Enquiry,3,17.0,Small Business,Female,4,5.0,Deluxe,3.0,Divorced,3.0,1,3,1,3.0,Manager,24447.0
3441,1,28.0,Self Enquiry,1,24.0,Salaried,Female,3,4.0,Basic,3.0,Single,3.0,1,5,1,1.0,Executive,21072.0
3442,0,27.0,Self Enquiry,1,9.0,Small Business,Male,3,5.0,Basic,3.0,Unmarried,2.0,0,3,0,1.0,Executive,22582.0
3444,0,53.0,Self Enquiry,1,15.0,Salaried,Female,3,4.0,Basic,5.0,Divorced,2.0,0,1,1,2.0,Executive,21628.0
3445,0,38.0,Self Enquiry,1,18.0,Small Business,Female,4,4.0,Basic,3.0,Unmarried,6.0,0,3,0,2.0,Executive,22307.0
3446,0,36.0,Company Invited,1,25.0,Salaried,Male,3,4.0,Standard,3.0,Unmarried,4.0,0,3,0,1.0,Senior Manager,28040.0
3447,0,26.0,Self Enquiry,1,7.0,Large Business,Male,3,4.0,Basic,3.0,Divorced,6.0,0,5,1,2.0,Executive,21907.0
3448,0,27.0,Self Enquiry,1,14.0,Salaried,Male,4,2.0,Basic,5.0,Unmarried,2.0,0,1,1,1.0,Executive,22256.0
3449,0,30.0,Self Enquiry,2,24.0,Salaried,Male,3,5.0,Standard,5.0,Unmarried,3.0,0,3,0,1.0,Senior Manager,26666.0
3450,1,50.0,Company Invited,1,35.0,Salaried,Male,4,5.0,Deluxe,5.0,Unmarried,5.0,0,3,0,2.0,Manager,22962.0
3451,1,30.0,Company Invited,1,21.0,Salaried,Fe Male,3,4.0,Standard,3.0,Unmarried,2.0,1,5,1,1.0,Senior Manager,26231.0
3454,0,56.0,Self Enquiry,1,7.0,Small Business,Male,3,2.0,Super Deluxe,3.0,Married,4.0,0,5,1,1.0,AVP,33410.0
3455,0,37.0,Self Enquiry,3,10.0,Small Business,Fe Male,3,4.0,Deluxe,4.0,Unmarried,5.0,1,4,0,2.0,Manager,27956.0
3457,0,31.0,Self Enquiry,3,14.0,Small Business,Female,4,4.0,Deluxe,5.0,Married,2.0,0,3,1,1.0,Manager,23457.0
3459,0,35.0,Company Invited,1,7.0,Salaried,Male,4,4.0,Basic,5.0,Married,7.0,0,1,1,3.0,Executive,21674.0
3461,0,28.0,Self Enquiry,1,18.0,Salaried,Male,4,4.0,Basic,5.0,Divorced,2.0,0,5,1,3.0,Executive,20777.0
3462,0,37.0,Self Enquiry,1,11.0,Salaried,Male,3,5.0,Deluxe,3.0,Unmarried,3.0,0,5,1,2.0,Manager,24488.0
3463,0,37.0,Self Enquiry,3,23.0,Small Business,Female,4,5.0,Deluxe,5.0,Divorced,6.0,0,5,1,1.0,Manager,24325.0
3464,0,48.0,Self Enquiry,1,7.0,Large Business,Male,4,4.0,Basic,3.0,Divorced,2.0,0,3,1,1.0,Executive,22098.0
3465,1,26.0,Self Enquiry,3,16.0,Salaried,Male,4,5.0,Basic,5.0,Divorced,5.0,0,1,1,1.0,Executive,23078.0
3466,0,38.0,Company Invited,1,12.0,Large Business,Male,3,2.0,Basic,3.0,Unmarried,2.0,0,5,1,1.0,Executive,22178.0
3467,0,57.0,Self Enquiry,1,7.0,Salaried,Female,3,4.0,Basic,5.0,Divorced,4.0,0,5,1,2.0,Executive,20744.0
3469,0,25.0,Self Enquiry,3,11.0,Small Business,Female,3,4.0,Deluxe,3.0,Divorced,3.0,1,5,1,1.0,Manager,22840.0
3470,0,33.0,Self Enquiry,3,14.0,Small Business,Male,4,4.0,Deluxe,3.0,Divorced,6.0,0,5,1,2.0,Manager,27882.0
3471,0,35.0,Self Enquiry,1,7.0,Salaried,Female,3,5.0,Basic,4.0,Divorced,7.0,0,1,1,2.0,Executive,21972.0
3472,0,42.0,Self Enquiry,1,12.0,Small Business,Male,3,2.0,Basic,3.0,Divorced,4.0,1,1,1,2.0,Executive,20805.0
3473,0,41.0,Company Invited,1,16.0,Salaried,Male,3,4.0,Deluxe,3.0,Married,5.0,0,3,1,1.0,Manager,22653.0
3474,0,32.0,Self Enquiry,3,15.0,Salaried,Male,3,4.0,Standard,3.0,Married,3.0,0,3,1,1.0,Senior Manager,29471.0
3475,1,47.0,Self Enquiry,3,16.0,Small Business,Male,3,4.0,Standard,3.0,Married,6.0,0,3,0,2.0,Senior Manager,28774.0
3476,1,40.0,Company Invited,1,9.0,Salaried,Female,3,5.0,Basic,5.0,Unmarried,4.0,1,3,0,1.0,Executive,22324.0
3477,1,32.0,Company Invited,1,7.0,Salaried,Fe Male,4,2.0,Standard,4.0,Unmarried,3.0,0,3,1,3.0,Senior Manager,26124.0
3478,0,46.0,Self Enquiry,1,27.0,Small Business,Male,4,6.0,Standard,5.0,Married,4.0,1,3,0,1.0,Senior Manager,29529.0
3479,0,32.0,Self Enquiry,2,15.0,Small Business,Female,4,2.0,Basic,4.0,Single,2.0,0,1,0,3.0,Executive,20787.0
3480,1,32.0,Company Invited,1,9.0,Salaried,Male,4,4.0,Basic,3.0,Divorced,8.0,1,3,1,2.0,Executive,22400.0
3481,0,46.0,Self Enquiry,1,36.0,Large Business,Male,3,4.0,Standard,3.0,Divorced,6.0,1,5,1,1.0,Senior Manager,28058.0
3482,0,49.0,Self Enquiry,3,14.0,Small Business,Male,4,4.0,Deluxe,5.0,Married,6.0,0,4,1,2.0,Manager,24164.0
3483,1,35.0,Self Enquiry,2,16.0,Large Business,Female,3,4.0,Basic,3.0,Divorced,3.0,0,1,1,1.0,Executive,21420.0
3484,0,41.0,Company Invited,1,15.0,Small Business,Male,3,5.0,Standard,4.0,Married,4.0,0,1,1,2.0,Senior Manager,32435.0
3485,0,29.0,Self Enquiry,3,12.0,Small Business,Male,3,4.0,Deluxe,5.0,Unmarried,2.0,0,1,1,1.0,Manager,27141.0
3486,0,45.0,Company Invited,1,12.0,Salaried,Male,3,5.0,Basic,3.0,Unmarried,5.0,0,1,0,2.0,Executive,21840.0
3488,0,50.0,Self Enquiry,1,12.0,Large Business,Male,4,4.0,Deluxe,3.0,Divorced,4.0,0,3,0,1.0,Manager,25329.0
3489,0,41.0,Self Enquiry,1,9.0,Small Business,Male,4,4.0,Basic,3.0,Married,4.0,0,1,0,1.0,Executive,21023.0
3490,0,45.0,Self Enquiry,1,27.0,Salaried,Male,3,4.0,Basic,4.0,Unmarried,3.0,0,5,1,2.0,Executive,22098.0
3491,0,34.0,Company Invited,3,14.0,Small Business,Male,3,4.0,Deluxe,5.0,Divorced,2.0,0,3,0,1.0,Manager,23051.0
3492,0,35.0,Self Enquiry,3,10.0,Salaried,Male,3,6.0,Deluxe,5.0,Unmarried,5.0,0,5,1,2.0,Manager,23437.0
3493,0,31.0,Self Enquiry,3,23.0,Salaried,Male,4,4.0,Deluxe,3.0,Divorced,2.0,0,3,0,3.0,Manager,23979.0
3494,0,43.0,Company Invited,1,16.0,Small Business,Female,4,4.0,Basic,3.0,Unmarried,3.0,0,4,1,2.0,Executive,22351.0
3495,0,45.0,Company Invited,3,7.0,Small Business,Female,4,4.0,Deluxe,3.0,Divorced,2.0,0,4,1,2.0,Manager,23446.0
3497,0,58.0,Self Enquiry,1,7.0,Salaried,Male,4,2.0,Deluxe,3.0,Divorced,2.0,0,3,1,3.0,Manager,23578.0
3498,0,50.0,Self Enquiry,1,14.0,Salaried,Male,3,4.0,Standard,4.0,Married,5.0,0,4,0,2.0,Senior Manager,29144.0
3500,1,29.0,Company Invited,3,7.0,Large Business,Male,4,4.0,Basic,3.0,Divorced,5.0,0,3,1,1.0,Executive,21587.0
3501,1,30.0,Company Invited,3,20.0,Large Business,Fe Male,3,4.0,Deluxe,4.0,Unmarried,7.0,0,3,0,2.0,Manager,24443.0
3502,1,35.0,Self Enquiry,3,31.0,Small Business,Female,3,5.0,Deluxe,4.0,Unmarried,2.0,1,5,1,1.0,Manager,23277.0
3503,0,36.0,Self Enquiry,3,14.0,Salaried,Male,4,4.0,Basic,3.0,Divorced,3.0,0,3,1,1.0,Executive,21082.0
3504,1,25.0,Company Invited,1,16.0,Small Business,Male,3,4.0,Basic,5.0,Unmarried,4.0,1,3,0,2.0,Executive,21850.0
3505,0,25.0,Company Invited,3,20.0,Salaried,Female,4,4.0,Basic,4.0,Divorced,3.0,0,1,0,1.0,Executive,20711.0
3506,0,45.0,Company Invited,1,9.0,Small Business,Male,3,4.0,Standard,3.0,Single,7.0,1,1,0,2.0,Senior Manager,28887.0
3507,0,30.0,Self Enquiry,3,26.0,Salaried,Male,4,5.0,Deluxe,3.0,Married,3.0,0,4,1,1.0,Manager,27298.0
3508,0,31.0,Self Enquiry,2,7.0,Salaried,Male,3,4.0,Basic,3.0,Married,2.0,0,1,0,2.0,Executive,20742.0
3509,0,56.0,Self Enquiry,1,11.0,Salaried,Male,2,4.0,Deluxe,3.0,Divorced,2.0,1,4,0,1.0,Manager,22713.0
3510,0,34.0,Self Enquiry,1,11.0,Small Business,Female,3,5.0,Basic,4.0,Divorced,2.0,0,1,0,1.0,Executive,22516.0
3511,0,48.0,Self Enquiry,3,21.0,Small Business,Female,4,4.0,Deluxe,3.0,Divorced,5.0,1,5,1,1.0,Manager,23269.0
3512,1,29.0,Company Invited,1,9.0,Small Business,Male,3,5.0,Basic,5.0,Single,2.0,0,4,0,1.0,Executive,21239.0
3513,0,29.0,Self Enquiry,1,7.0,Salaried,Male,4,5.0,Basic,3.0,Married,3.0,0,4,0,2.0,Executive,20241.0
3514,0,29.0,Company Invited,3,14.0,Salaried,Male,3,4.0,Deluxe,5.0,Unmarried,2.0,0,3,1,2.0,Manager,23576.0
3515,0,50.0,Self Enquiry,1,10.0,Small Business,Female,3,5.0,Deluxe,5.0,Divorced,6.0,0,3,1,2.0,Manager,23467.0
3516,0,30.0,Company Invited,1,9.0,Salaried,Female,4,4.0,Basic,4.0,Divorced,2.0,0,5,0,3.0,Executive,21858.0
3517,0,29.0,Self Enquiry,1,36.0,Salaried,Male,4,6.0,Deluxe,4.0,Divorced,3.0,0,1,1,3.0,Manager,25227.0
3518,0,34.0,Self Enquiry,1,15.0,Salaried,Male,4,4.0,Deluxe,3.0,Unmarried,4.0,1,3,0,3.0,Manager,25066.0
3519,0,33.0,Self Enquiry,1,17.0,Small Business,Male,2,4.0,Standard,3.0,Single,4.0,0,1,0,1.0,Senior Manager,29922.0
3521,1,30.0,Self Enquiry,1,7.0,Large Business,Male,4,5.0,Basic,5.0,Single,8.0,0,3,0,3.0,Executive,21040.0
3523,0,40.0,Self Enquiry,1,13.0,Salaried,Fe Male,3,4.0,Standard,4.0,Unmarried,6.0,0,3,0,2.0,Senior Manager,27054.0
3525,0,36.0,Self Enquiry,1,23.0,Salaried,Fe Male,4,5.0,Standard,4.0,Unmarried,3.0,0,1,1,3.0,Senior Manager,27284.0
3526,0,24.0,Self Enquiry,1,27.0,Salaried,Male,4,4.0,Deluxe,3.0,Single,2.0,0,4,1,3.0,Manager,20950.0
3527,1,41.0,Self Enquiry,1,16.0,Salaried,Male,3,4.0,Basic,5.0,Single,5.0,0,1,1,2.0,Executive,20696.0
3528,0,35.0,Self Enquiry,3,7.0,Large Business,Male,4,5.0,Standard,3.0,Divorced,3.0,1,1,1,2.0,Senior Manager,25761.0
3529,1,32.0,Company Invited,1,10.0,Salaried,Female,3,4.0,Basic,3.0,Unmarried,3.0,0,4,1,2.0,Executive,22762.0
3530,0,51.0,Company Invited,1,29.0,Small Business,Male,3,6.0,Super Deluxe,3.0,Single,3.0,1,1,1,2.0,AVP,33089.0
3531,0,35.0,Self Enquiry,3,14.0,Large Business,Male,3,4.0,Basic,3.0,Married,2.0,1,1,0,2.0,Executive,20986.0
3532,0,43.0,Self Enquiry,1,9.0,Small Business,Male,4,5.0,Basic,4.0,Married,6.0,0,1,1,3.0,Executive,23519.0
3533,0,38.0,Self Enquiry,1,20.0,Small Business,Male,3,4.0,Deluxe,3.0,Married,3.0,0,1,0,1.0,Manager,22963.0
3534,0,30.0,Self Enquiry,1,15.0,Salaried,Female,3,6.0,Deluxe,5.0,Married,5.0,0,1,0,1.0,Manager,28393.0
3535,0,34.0,Self Enquiry,1,32.0,Salaried,Male,3,5.0,Deluxe,4.0,Unmarried,3.0,0,1,0,2.0,Manager,22998.0
3536,0,46.0,Self Enquiry,1,35.0,Large Business,Male,4,4.0,Basic,3.0,Married,6.0,0,3,1,3.0,Executive,20810.0
3537,0,43.0,Company Invited,1,9.0,Salaried,Male,3,4.0,Standard,3.0,Married,4.0,1,3,1,1.0,Senior Manager,28802.0
3538,0,41.0,Self Enquiry,3,16.0,Small Business,Male,3,4.0,Deluxe,5.0,Married,2.0,0,3,1,2.0,Manager,24151.0
3539,0,34.0,Self Enquiry,1,35.0,Salaried,Male,4,4.0,Deluxe,3.0,Married,3.0,1,1,1,1.0,Manager,23885.0
3541,0,25.0,Self Enquiry,1,28.0,Large Business,Male,3,5.0,Basic,5.0,Married,2.0,0,3,0,1.0,Executive,20974.0
3542,0,41.0,Company Invited,1,15.0,Salaried,Male,4,4.0,Deluxe,3.0,Married,5.0,1,3,1,2.0,Manager,22747.0
3543,0,46.0,Self Enquiry,1,7.0,Large Business,Male,4,4.0,Standard,4.0,Married,3.0,0,3,1,2.0,Senior Manager,26119.0
3544,0,36.0,Self Enquiry,3,35.0,Salaried,Female,4,5.0,Basic,3.0,Married,2.0,0,4,1,3.0,Executive,21108.0
3545,0,33.0,Self Enquiry,1,12.0,Salaried,Female,4,5.0,Deluxe,4.0,Married,5.0,0,3,1,1.0,Manager,24556.0
3546,0,37.0,Self Enquiry,3,9.0,Salaried,Male,4,4.0,Basic,3.0,Unmarried,5.0,1,3,0,1.0,Executive,21322.0
3547,0,49.0,Self Enquiry,3,23.0,Salaried,Female,4,4.0,Deluxe,3.0,Married,2.0,0,4,1,1.0,Manager,25117.0
3548,0,30.0,Self Enquiry,1,16.0,Salaried,Male,4,2.0,Basic,3.0,Married,8.0,0,5,1,1.0,Executive,21129.0
3549,0,34.0,Self Enquiry,3,15.0,Salaried,Male,3,4.0,Deluxe,5.0,Married,4.0,0,5,1,1.0,Manager,25070.0
3550,1,31.0,Self Enquiry,3,7.0,Salaried,Male,4,5.0,Deluxe,5.0,Married,3.0,0,4,1,2.0,Manager,28392.0
3551,0,39.0,Company Invited,2,17.0,Salaried,Male,4,4.0,Deluxe,3.0,Married,5.0,0,3,0,3.0,Manager,24755.0
3552,0,36.0,Self Enquiry,1,7.0,Small Business,Male,4,5.0,Basic,5.0,Single,3.0,0,1,0,3.0,Executive,21128.0
3553,0,31.0,Self Enquiry,3,36.0,Large Business,Male,3,4.0,Standard,4.0,Married,5.0,0,4,0,2.0,Senior Manager,27928.0
3554,1,36.0,Self Enquiry,1,9.0,Salaried,Female,4,4.0,Basic,5.0,Married,3.0,1,1,1,2.0,Executive,20752.0
3555,1,54.0,Self Enquiry,1,9.0,Large Business,Female,4,5.0,Standard,3.0,Married,2.0,0,5,1,3.0,Senior Manager,28847.0
3556,1,39.0,Self Enquiry,1,9.0,Small Business,Male,3,4.0,Deluxe,4.0,Married,6.0,0,4,0,1.0,Manager,23533.0
3557,0,33.0,Company Invited,1,7.0,Large Business,Male,4,4.0,Deluxe,5.0,Married,6.0,0,4,1,3.0,Manager,22765.0
3558,0,49.0,Self Enquiry,1,22.0,Salaried,Female,4,4.0,Basic,5.0,Married,2.0,0,1,1,1.0,Executive,21045.0
3559,0,35.0,Self Enquiry,1,14.0,Small Business,Male,3,4.0,Basic,3.0,Unmarried,3.0,0,1,0,2.0,Executive,21650.0
3560,0,56.0,Self Enquiry,3,33.0,Small Business,Male,3,5.0,King,3.0,Married,3.0,0,3,1,2.0,VP,38264.0
3561,0,35.0,Self Enquiry,1,7.0,Salaried,Male,3,4.0,Deluxe,3.0,Married,2.0,0,4,1,1.0,Manager,24162.0
3562,0,27.0,Self Enquiry,1,10.0,Salaried,Female,3,4.0,Basic,3.0,Married,3.0,0,3,1,2.0,Executive,20739.0
3563,0,39.0,Self Enquiry,3,21.0,Salaried,Male,4,4.0,Deluxe,4.0,Married,2.0,0,5,1,3.0,Manager,28602.0
3564,0,39.0,Self Enquiry,3,23.0,Salaried,Female,3,4.0,Deluxe,4.0,Unmarried,4.0,0,1,0,1.0,Manager,22876.0
3565,0,37.0,Self Enquiry,3,7.0,Salaried,Fe Male,4,4.0,Deluxe,3.0,Unmarried,8.0,0,1,1,2.0,Manager,25493.0
3566,0,30.0,Self Enquiry,1,10.0,Small Business,Male,3,4.0,Basic,5.0,Unmarried,3.0,1,3,0,2.0,Executive,23401.0
3567,0,36.0,Self Enquiry,1,17.0,Small Business,Fe Male,3,4.0,Deluxe,3.0,Unmarried,5.0,1,1,1,1.0,Manager,24820.0
3568,0,40.0,Self Enquiry,3,13.0,Small Business,Male,3,2.0,Standard,3.0,Married,4.0,0,4,1,2.0,Senior Manager,26915.0
3569,0,30.0,Company Invited,1,9.0,Salaried,Male,3,4.0,Deluxe,3.0,Married,3.0,0,3,0,1.0,Manager,27531.0
3571,0,24.0,Self Enquiry,1,17.0,Large Business,Male,3,2.0,Basic,3.0,Married,4.0,0,1,1,1.0,Executive,20751.0
3572,0,37.0,Company Invited,1,13.0,Salaried,Male,4,2.0,Deluxe,5.0,Married,5.0,1,4,1,2.0,Manager,24240.0
3573,0,43.0,Self Enquiry,1,16.0,Salaried,Male,4,5.0,King,3.0,Single,2.0,0,1,1,2.0,VP,38291.0
3574,0,36.0,Self Enquiry,1,35.0,Salaried,Male,3,2.0,Deluxe,3.0,Married,3.0,0,5,1,1.0,Manager,22085.0
3575,0,35.0,Company Invited,1,17.0,Large Business,Male,4,5.0,Deluxe,3.0,Married,3.0,0,4,1,2.0,Manager,23741.0
3576,0,41.0,Self Enquiry,3,21.0,Salaried,Female,3,4.0,Deluxe,5.0,Married,3.0,0,3,0,2.0,Manager,23317.0
3577,0,44.0,Self Enquiry,1,34.0,Large Business,Male,3,2.0,Basic,4.0,Married,7.0,0,5,1,2.0,Executive,23554.0
3578,0,36.0,Self Enquiry,1,14.0,Salaried,Male,4,5.0,Basic,3.0,Married,3.0,0,3,1,1.0,Executive,21368.0
3580,1,29.0,Self Enquiry,1,31.0,Small Business,Male,3,4.0,Basic,4.0,Married,3.0,1,1,0,1.0,Executive,21086.0
3581,0,23.0,Company Invited,1,33.0,Salaried,Female,3,5.0,Basic,3.0,Married,3.0,1,3,0,1.0,Executive,21492.0
3582,0,51.0,Company Invited,1,27.0,Small Business,Male,3,4.0,Super Deluxe,3.0,Married,4.0,1,4,1,2.0,AVP,29923.0
3583,0,33.0,Self Enquiry,1,12.0,Salaried,Female,3,2.0,Basic,3.0,Married,5.0,0,5,1,2.0,Executive,21990.0
3585,0,31.0,Self Enquiry,1,14.0,Small Business,Male,3,5.0,Basic,4.0,Married,3.0,0,5,0,1.0,Executive,20819.0
3586,0,46.0,Self Enquiry,1,12.0,Small Business,Fe Male,3,6.0,Deluxe,5.0,Unmarried,3.0,1,3,1,1.0,Manager,24447.0
3587,0,46.0,Company Invited,3,33.0,Small Business,Male,3,5.0,Deluxe,5.0,Married,3.0,0,3,0,1.0,Manager,23063.0
3588,0,32.0,Company Invited,3,9.0,Salaried,Male,3,4.0,Deluxe,5.0,Unmarried,2.0,0,1,0,1.0,Manager,24010.0
3589,0,37.0,Self Enquiry,1,19.0,Salaried,Female,4,4.0,Deluxe,3.0,Married,2.0,1,1,0,3.0,Manager,23341.0
3590,0,35.0,Company Invited,1,17.0,Salaried,Male,3,2.0,Deluxe,3.0,Married,3.0,0,4,1,1.0,Manager,23402.0
3591,0,50.0,Self Enquiry,1,32.0,Salaried,Female,3,4.0,Basic,5.0,Married,3.0,0,3,0,1.0,Executive,21889.0
3592,0,40.0,Self Enquiry,1,17.0,Small Business,Male,4,4.0,Deluxe,5.0,Married,4.0,0,5,1,3.0,Manager,24055.0
3593,0,28.0,Self Enquiry,1,26.0,Salaried,Male,4,5.0,Basic,5.0,Married,3.0,0,1,0,1.0,Executive,22744.0
3594,0,36.0,Self Enquiry,1,25.0,Salaried,Male,3,2.0,Deluxe,5.0,Married,3.0,0,3,0,2.0,Manager,23886.0
3595,0,29.0,Self Enquiry,1,34.0,Small Business,Female,3,6.0,Deluxe,5.0,Married,2.0,0,4,1,1.0,Manager,23886.0
3596,0,22.0,Self Enquiry,1,12.0,Small Business,Male,4,4.0,Basic,3.0,Unmarried,3.0,0,1,1,2.0,Executive,21795.0
3597,1,19.0,Company Invited,3,10.0,Small Business,Female,4,4.0,Basic,3.0,Single,3.0,1,5,0,2.0,Executive,20247.0
3599,0,40.0,Self Enquiry,1,10.0,Small Business,Male,4,5.0,Deluxe,3.0,Married,2.0,0,4,0,3.0,Manager,21747.0
3600,0,41.0,Self Enquiry,1,22.0,Salaried,Female,4,5.0,Standard,3.0,Married,3.0,0,1,1,2.0,Senior Manager,29113.0
3601,0,36.0,Company Invited,1,15.0,Salaried,Female,3,4.0,Deluxe,3.0,Married,3.0,0,5,1,2.0,Manager,22826.0
3602,0,38.0,Self Enquiry,1,26.0,Salaried,Male,3,4.0,Deluxe,3.0,Married,5.0,0,1,0,1.0,Manager,24446.0
3603,0,40.0,Company Invited,1,11.0,Small Business,Fe Male,3,4.0,Deluxe,3.0,Unmarried,2.0,0,3,1,1.0,Manager,23720.0
3604,0,46.0,Self Enquiry,1,9.0,Salaried,Female,3,5.0,Deluxe,3.0,Married,3.0,0,4,1,2.0,Manager,24448.0
3605,0,39.0,Self Enquiry,1,9.0,Small Business,Female,3,5.0,Standard,3.0,Married,5.0,1,5,1,2.0,Senior Manager,26434.0
3606,1,36.0,Self Enquiry,3,17.0,Small Business,Male,3,5.0,Standard,5.0,Married,2.0,0,5,1,2.0,Senior Manager,28984.0
3607,0,38.0,Self Enquiry,1,17.0,Small Business,Female,4,4.0,Basic,4.0,Married,3.0,0,1,1,1.0,Executive,22614.0
3608,0,41.0,Self Enquiry,1,23.0,Salaried,Fe Male,3,4.0,Standard,3.0,Unmarried,8.0,1,4,1,1.0,Senior Manager,26623.0
3609,0,45.0,Company Invited,2,7.0,Salaried,Male,3,4.0,Deluxe,3.0,Married,6.0,1,5,1,2.0,Manager,24421.0
3610,0,49.0,Company Invited,1,11.0,Small Business,Male,3,5.0,Super Deluxe,3.0,Married,4.0,0,5,1,2.0,AVP,33880.0
3611,1,36.0,Self Enquiry,3,22.0,Small Business,Male,3,6.0,Deluxe,3.0,Married,8.0,1,1,1,2.0,Manager,24118.0
3612,0,25.0,Company Invited,1,9.0,Large Business,Female,3,4.0,Basic,3.0,Unmarried,3.0,1,3,1,2.0,Executive,22438.0
3613,0,28.0,Self Enquiry,1,15.0,Small Business,Female,3,2.0,Basic,3.0,Married,2.0,0,4,0,1.0,Executive,22195.0
3614,0,28.0,Company Invited,1,9.0,Small Business,Male,3,4.0,Basic,3.0,Single,4.0,0,3,0,2.0,Executive,21258.0
3615,1,41.0,Self Enquiry,1,14.0,Salaried,Male,4,4.0,Basic,5.0,Single,5.0,1,3,0,2.0,Executive,20844.0
3616,0,30.0,Self Enquiry,3,17.0,Small Business,Male,3,5.0,Deluxe,3.0,Unmarried,2.0,0,4,1,1.0,Manager,24547.0
3617,0,37.0,Self Enquiry,1,12.0,Salaried,Female,3,4.0,Standard,5.0,Married,6.0,0,4,1,2.0,Senior Manager,26686.0
3618,0,26.0,Company Invited,1,9.0,Salaried,Male,4,2.0,Deluxe,3.0,Married,3.0,0,1,0,2.0,Manager,23884.0
3619,0,40.0,Self Enquiry,1,19.0,Small Business,Male,4,4.0,Deluxe,4.0,Married,6.0,0,3,1,2.0,Manager,23973.0
3621,0,51.0,Self Enquiry,1,24.0,Salaried,Female,3,5.0,Standard,5.0,Married,7.0,0,3,1,1.0,Senior Manager,31947.0
3622,0,21.0,Self Enquiry,3,9.0,Small Business,Female,3,4.0,Basic,3.0,Unmarried,3.0,0,4,0,1.0,Executive,21461.0
3623,0,35.0,Self Enquiry,1,10.0,Salaried,Female,4,4.0,Deluxe,4.0,Married,3.0,0,5,1,3.0,Manager,24111.0
3624,0,37.0,Self Enquiry,1,14.0,Salaried,Male,4,4.0,Basic,4.0,Single,4.0,0,1,0,3.0,Executive,20691.0
3625,0,50.0,Self Enquiry,1,13.0,Salaried,Female,3,5.0,Super Deluxe,3.0,Married,4.0,1,5,1,1.0,AVP,32644.0
3626,0,37.0,Company Invited,1,7.0,Small Business,Female,3,5.0,Deluxe,3.0,Married,2.0,0,5,1,2.0,Manager,23052.0
3627,0,37.0,Self Enquiry,1,10.0,Salaried,Male,4,2.0,Deluxe,5.0,Married,8.0,0,1,1,3.0,Manager,25520.0
3630,1,36.0,Company Invited,3,19.0,Salaried,Male,3,4.0,Deluxe,3.0,Unmarried,5.0,1,3,1,1.0,Manager,23259.0
3631,0,39.0,Company Invited,1,7.0,Salaried,Male,3,4.0,Deluxe,3.0,Married,2.0,0,5,1,1.0,Manager,23413.0
3632,0,30.0,Self Enquiry,3,12.0,Small Business,Male,3,5.0,Deluxe,4.0,Married,3.0,1,5,0,1.0,Manager,22865.0
3633,0,34.0,Self Enquiry,3,9.0,Small Business,Male,4,4.0,Deluxe,3.0,Married,3.0,0,3,1,2.0,Manager,24183.0
3634,0,33.0,Self Enquiry,1,9.0,Small Business,Male,3,4.0,Deluxe,4.0,Married,2.0,0,4,0,2.0,Manager,24148.0
3635,0,32.0,Self Enquiry,3,12.0,Salaried,Female,4,4.0,Deluxe,3.0,Married,3.0,0,1,0,3.0,Manager,24154.0
3636,0,50.0,Self Enquiry,1,23.0,Small Business,Female,4,4.0,Basic,5.0,Married,6.0,1,1,1,2.0,Executive,21265.0
3637,0,39.0,Company Invited,1,9.0,Small Business,Female,3,5.0,Basic,4.0,Single,3.0,0,1,1,1.0,Executive,21118.0
3639,0,50.0,Self Enquiry,1,7.0,Salaried,Male,3,4.0,Super Deluxe,3.0,Single,6.0,0,3,1,1.0,AVP,34057.0
3640,0,42.0,Self Enquiry,3,30.0,Salaried,Male,4,4.0,Standard,3.0,Unmarried,5.0,1,3,0,3.0,Senior Manager,25760.0
3641,0,21.0,Self Enquiry,3,16.0,Salaried,Male,3,4.0,Basic,5.0,Unmarried,3.0,0,1,0,2.0,Executive,21406.0
3642,0,34.0,Company Invited,3,23.0,Salaried,Female,3,4.0,Deluxe,3.0,Married,3.0,1,1,0,1.0,Manager,24046.0
3643,0,37.0,Self Enquiry,1,33.0,Salaried,Male,4,4.0,Deluxe,3.0,Married,8.0,0,3,1,1.0,Manager,24025.0
3644,0,45.0,Self Enquiry,2,7.0,Salaried,Female,3,4.0,Basic,3.0,Married,6.0,1,3,1,1.0,Executive,21873.0
3645,1,24.0,Self Enquiry,1,15.0,Small Business,Male,4,5.0,Basic,3.0,Unmarried,3.0,1,4,1,3.0,Executive,22667.0
3646,0,39.0,Self Enquiry,1,11.0,Small Business,Female,3,4.0,Basic,3.0,Married,2.0,0,5,0,1.0,Executive,21984.0
3647,0,54.0,Self Enquiry,1,31.0,Small Business,Male,3,2.0,Standard,3.0,Married,5.0,0,3,0,2.0,Senior Manager,25683.0
3648,1,49.0,Company Invited,3,14.0,Small Business,Female,4,4.0,Basic,3.0,Married,4.0,1,4,1,2.0,Executive,21333.0
3649,1,33.0,Self Enquiry,1,9.0,Salaried,Male,4,4.0,Basic,4.0,Single,3.0,0,3,1,2.0,Executive,20071.0
3650,0,27.0,Company Invited,1,14.0,Small Business,Male,4,4.0,Basic,3.0,Single,3.0,0,4,1,3.0,Executive,21248.0
3651,0,56.0,Self Enquiry,1,29.0,Large Business,Male,4,5.0,Basic,4.0,Married,7.0,0,1,1,2.0,Executive,22215.0
3652,0,35.0,Self Enquiry,1,12.0,Small Business,Male,3,5.0,Deluxe,3.0,Married,3.0,0,4,1,2.0,Manager,22664.0
3653,0,61.0,Self Enquiry,1,7.0,Small Business,Male,4,6.0,Standard,3.0,Married,5.0,0,5,0,1.0,Senior Manager,29561.0
3654,0,34.0,Self Enquiry,1,28.0,Small Business,Male,4,2.0,Basic,4.0,Married,3.0,0,1,1,2.0,Executive,20706.0
3655,0,38.0,Company Invited,3,7.0,Small Business,Male,3,6.0,Deluxe,3.0,Married,3.0,0,1,0,2.0,Manager,28203.0
3656,0,35.0,Self Enquiry,1,26.0,Salaried,Female,3,5.0,Basic,3.0,Married,3.0,0,4,1,2.0,Executive,21607.0
3657,1,24.0,Self Enquiry,3,14.0,Salaried,Male,3,4.0,Basic,3.0,Married,3.0,1,1,1,1.0,Executive,20953.0
3658,0,45.0,Self Enquiry,1,9.0,Salaried,Female,4,2.0,Standard,3.0,Married,3.0,1,4,1,1.0,Senior Manager,26557.0
3659,0,36.0,Company Invited,1,9.0,Small Business,Male,4,5.0,Basic,3.0,Unmarried,2.0,1,3,1,1.0,Executive,23608.0
3660,0,44.0,Self Enquiry,3,9.0,Small Business,Male,4,4.0,Deluxe,3.0,Married,3.0,1,3,0,1.0,Manager,26525.0
3661,0,25.0,Self Enquiry,1,16.0,Small Business,Male,4,2.0,Basic,3.0,Married,3.0,0,1,0,1.0,Executive,23079.0
3662,0,42.0,Self Enquiry,3,13.0,Small Business,Male,3,4.0,Standard,3.0,Unmarried,3.0,0,5,1,1.0,Senior Manager,27919.0
3663,0,30.0,Self Enquiry,1,16.0,Small Business,Female,3,4.0,Basic,3.0,Married,2.0,0,5,1,2.0,Executive,21652.0
3664,0,37.0,Self Enquiry,3,9.0,Salaried,Female,3,4.0,Deluxe,3.0,Unmarried,5.0,0,4,1,2.0,Manager,23180.0
3665,0,46.0,Company Invited,1,7.0,Salaried,Male,4,5.0,Standard,3.0,Married,5.0,0,1,1,3.0,Senior Manager,29426.0
3666,1,25.0,Self Enquiry,2,29.0,Salaried,Male,3,6.0,Basic,3.0,Married,3.0,0,1,0,2.0,Executive,20233.0
3667,1,48.0,Company Invited,3,16.0,Salaried,Male,3,6.0,Super Deluxe,3.0,Married,2.0,0,5,1,2.0,AVP,31614.0
3668,0,27.0,Self Enquiry,1,24.0,Small Business,Male,4,6.0,Basic,3.0,Married,3.0,0,3,0,3.0,Executive,20983.0
3670,0,33.0,Company Invited,1,17.0,Salaried,Male,3,4.0,Basic,3.0,Married,8.0,0,1,0,1.0,Executive,22111.0
3671,0,32.0,Self Enquiry,1,9.0,Salaried,Male,4,4.0,Basic,3.0,Married,3.0,0,5,0,3.0,Executive,22155.0
3672,0,42.0,Company Invited,2,11.0,Salaried,Male,3,6.0,Deluxe,4.0,Married,8.0,0,5,0,2.0,Manager,25108.0
3673,0,41.0,Self Enquiry,1,15.0,Salaried,Female,4,4.0,Deluxe,5.0,Married,4.0,1,1,0,1.0,Manager,25194.0
3674,0,25.0,Self Enquiry,1,36.0,Small Business,Male,4,4.0,Basic,5.0,Married,3.0,0,4,1,2.0,Executive,22585.0
3675,0,47.0,Self Enquiry,1,20.0,Salaried,Male,3,4.0,Deluxe,4.0,Unmarried,8.0,0,4,1,1.0,Manager,24240.0
3676,0,36.0,Self Enquiry,1,34.0,Salaried,Male,3,4.0,Deluxe,3.0,Married,4.0,0,5,0,2.0,Manager,25561.0
3677,0,31.0,Self Enquiry,1,23.0,Salaried,Male,3,4.0,Basic,3.0,Married,3.0,0,1,0,1.0,Executive,21540.0
3678,0,48.0,Company Invited,3,9.0,Small Business,Male,3,4.0,Deluxe,4.0,Married,2.0,0,1,0,2.0,Manager,23656.0
3679,0,47.0,Self Enquiry,3,9.0,Salaried,Male,4,4.0,Standard,3.0,Married,6.0,1,3,0,3.0,Senior Manager,29046.0
3680,1,37.0,Self Enquiry,3,20.0,Small Business,Male,4,5.0,Deluxe,5.0,Married,7.0,1,1,1,1.0,Manager,24812.0
3681,1,33.0,Self Enquiry,3,7.0,Salaried,Male,3,6.0,Deluxe,4.0,Unmarried,8.0,0,3,0,2.0,Manager,25413.0
3682,0,24.0,Self Enquiry,1,11.0,Small Business,Female,3,4.0,Basic,4.0,Unmarried,3.0,0,3,1,2.0,Executive,21973.0
3683,0,32.0,Company Invited,1,31.0,Large Business,Fe Male,2,4.0,Deluxe,3.0,Unmarried,4.0,0,1,1,1.0,Manager,23916.0
3684,0,40.0,Company Invited,1,7.0,Salaried,Male,4,4.0,Deluxe,3.0,Married,3.0,1,5,1,3.0,Manager,25150.0
3685,0,33.0,Self Enquiry,3,26.0,Salaried,Male,4,6.0,Standard,3.0,Married,5.0,0,3,1,3.0,Senior Manager,28288.0
3687,0,46.0,Self Enquiry,2,11.0,Salaried,Female,3,6.0,Standard,3.0,Married,6.0,0,1,1,2.0,Senior Manager,28434.0
3688,0,31.0,Company Invited,1,9.0,Large Business,Fe Male,4,5.0,Basic,5.0,Unmarried,2.0,0,3,0,2.0,Executive,23646.0
3689,0,25.0,Company Invited,2,17.0,Small Business,Male,3,4.0,Basic,3.0,Married,2.0,0,4,1,2.0,Executive,20823.0
3690,1,31.0,Company Invited,2,15.0,Salaried,Female,4,5.0,Basic,3.0,Married,8.0,0,5,1,3.0,Executive,20858.0
3691,0,32.0,Self Enquiry,3,12.0,Large Business,Male,3,4.0,Deluxe,3.0,Married,3.0,0,5,0,2.0,Manager,27024.0
3692,0,28.0,Self Enquiry,1,15.0,Small Business,Female,4,4.0,Basic,3.0,Unmarried,3.0,0,4,1,3.0,Executive,22123.0
3693,1,30.0,Self Enquiry,3,16.0,Small Business,Female,3,6.0,Basic,4.0,Unmarried,3.0,0,1,1,2.0,Executive,21438.0
3694,0,30.0,Company Invited,1,7.0,Salaried,Male,4,2.0,Deluxe,3.0,Unmarried,2.0,1,3,0,2.0,Manager,24972.0
3695,0,31.0,Self Enquiry,3,22.0,Small Business,Male,4,5.0,Standard,5.0,Married,4.0,0,1,0,3.0,Senior Manager,25818.0
3696,0,35.0,Self Enquiry,1,9.0,Small Business,Male,4,2.0,Basic,3.0,Married,2.0,1,1,0,2.0,Executive,21610.0
3697,0,34.0,Company Invited,3,9.0,Small Business,Fe Male,4,4.0,Deluxe,4.0,Unmarried,2.0,0,1,0,1.0,Manager,23825.0
3698,0,50.0,Self Enquiry,3,18.0,Small Business,Female,4,4.0,Deluxe,3.0,Unmarried,5.0,0,4,0,2.0,Manager,23185.0
3699,1,34.0,Self Enquiry,3,23.0,Salaried,Fe Male,4,4.0,Standard,5.0,Unmarried,4.0,1,5,0,1.0,Senior Manager,27242.0
3700,0,39.0,Company Invited,1,9.0,Small Business,Female,4,5.0,Basic,4.0,Married,6.0,0,3,0,1.0,Executive,21146.0
3701,1,32.0,Self Enquiry,3,23.0,Small Business,Male,4,4.0,Standard,3.0,Married,4.0,0,5,1,1.0,Senior Manager,26839.0
3702,0,30.0,Self Enquiry,1,11.0,Large Business,Female,4,5.0,Basic,5.0,Married,3.0,0,4,0,1.0,Executive,20787.0
3703,0,31.0,Self Enquiry,1,23.0,Salaried,Male,3,2.0,Deluxe,3.0,Married,5.0,0,1,1,1.0,Manager,23972.0
3704,0,33.0,Company Invited,1,12.0,Large Business,Male,4,4.0,Basic,4.0,Unmarried,4.0,0,3,1,2.0,Executive,21396.0
3705,0,39.0,Self Enquiry,1,25.0,Small Business,Male,3,6.0,Deluxe,3.0,Married,5.0,1,5,0,2.0,Manager,24489.0
3706,1,44.0,Company Invited,1,24.0,Large Business,Male,3,5.0,Basic,3.0,Married,2.0,1,5,1,2.0,Executive,21115.0
3707,0,43.0,Self Enquiry,1,19.0,Small Business,Male,3,4.0,Basic,4.0,Married,2.0,0,1,1,2.0,Executive,21444.0
3709,0,34.0,Company Invited,1,11.0,Large Business,Male,3,4.0,Deluxe,4.0,Married,7.0,0,1,0,1.0,Manager,21733.0
3710,0,42.0,Self Enquiry,1,16.0,Salaried,Male,4,4.0,Basic,5.0,Married,3.0,0,5,1,2.0,Executive,20967.0
3711,0,35.0,Company Invited,3,17.0,Salaried,Male,3,4.0,Deluxe,3.0,Married,3.0,1,1,1,2.0,Manager,22679.0
3712,0,54.0,Company Invited,1,7.0,Small Business,Female,3,5.0,Super Deluxe,3.0,Married,6.0,1,1,0,1.0,AVP,31643.0
3713,0,44.0,Self Enquiry,2,9.0,Salaried,Male,4,4.0,Basic,3.0,Unmarried,2.0,0,1,0,1.0,Executive,22217.0
3714,0,35.0,Self Enquiry,3,10.0,Salaried,Fe Male,3,6.0,Deluxe,3.0,Unmarried,7.0,0,1,1,1.0,Manager,24707.0
3715,1,22.0,Self Enquiry,3,14.0,Small Business,Male,3,4.0,Basic,4.0,Unmarried,3.0,0,5,1,2.0,Executive,21357.0
3716,0,39.0,Self Enquiry,1,13.0,Salaried,Female,3,5.0,Basic,3.0,Married,3.0,0,3,0,2.0,Executive,22380.0
3717,1,23.0,Self Enquiry,1,15.0,Small Business,Female,4,4.0,Basic,5.0,Married,3.0,1,3,0,2.0,Executive,21076.0
3718,0,32.0,Self Enquiry,3,36.0,Small Business,Female,4,5.0,Deluxe,3.0,Married,3.0,0,3,1,1.0,Manager,24146.0
3719,0,52.0,Self Enquiry,1,10.0,Large Business,Female,3,4.0,Standard,3.0,Married,4.0,0,4,1,2.0,Senior Manager,31794.0
3720,0,38.0,Self Enquiry,3,16.0,Small Business,Male,3,5.0,Deluxe,4.0,Married,3.0,0,4,0,2.0,Manager,22867.0
3722,0,37.0,Self Enquiry,1,17.0,Salaried,Male,3,4.0,Standard,5.0,Married,2.0,1,5,1,2.0,Senior Manager,26999.0
3723,1,45.0,Company Invited,1,7.0,Small Business,Male,3,4.0,Basic,4.0,Married,3.0,1,3,1,2.0,Executive,21020.0
3724,0,38.0,Self Enquiry,2,15.0,Salaried,Male,3,4.0,Deluxe,4.0,Married,4.0,0,3,1,2.0,Manager,22749.0
3725,1,36.0,Self Enquiry,3,34.0,Salaried,Male,3,4.0,Deluxe,3.0,Unmarried,3.0,1,5,0,1.0,Manager,24491.0
3726,0,34.0,Self Enquiry,1,15.0,Salaried,Male,3,2.0,Basic,5.0,Married,8.0,0,3,1,2.0,Executive,21821.0
3727,0,29.0,Self Enquiry,1,7.0,Salaried,Male,3,4.0,Basic,3.0,Married,3.0,0,1,0,1.0,Executive,20722.0
3728,0,40.0,Self Enquiry,1,17.0,Small Business,Male,4,4.0,Standard,3.0,Single,2.0,0,3,1,1.0,Senior Manager,32142.0
3729,0,47.0,Company Invited,3,33.0,Salaried,Male,4,5.0,Deluxe,4.0,Unmarried,2.0,0,4,1,3.0,Manager,26669.0
3730,0,41.0,Self Enquiry,1,9.0,Salaried,Female,3,4.0,Basic,5.0,Married,6.0,0,4,1,2.0,Executive,22055.0
3731,0,43.0,Self Enquiry,1,20.0,Small Business,Male,4,2.0,Deluxe,5.0,Married,7.0,0,4,1,1.0,Manager,24216.0
3732,0,36.0,Company Invited,1,9.0,Small Business,Male,3,4.0,Deluxe,3.0,Married,4.0,0,3,0,2.0,Manager,24440.0
3733,0,39.0,Company Invited,2,9.0,Salaried,Male,4,4.0,Basic,4.0,Married,7.0,0,3,1,3.0,Executive,21270.0
3734,1,35.0,Company Invited,1,16.0,Salaried,Male,4,4.0,Deluxe,5.0,Married,6.0,0,3,0,2.0,Manager,24024.0
3735,1,38.0,Self Enquiry,1,17.0,Small Business,Male,3,4.0,Deluxe,5.0,Unmarried,3.0,0,4,0,1.0,Manager,22891.0
3736,0,40.0,Company Invited,3,27.0,Salaried,Male,3,4.0,Deluxe,3.0,Married,4.0,0,3,1,1.0,Manager,22805.0
3737,0,44.0,Company Invited,1,16.0,Salaried,Male,3,4.0,Basic,3.0,Single,6.0,0,3,0,2.0,Executive,21116.0
3738,0,42.0,Self Enquiry,1,12.0,Salaried,Male,3,2.0,Deluxe,4.0,Unmarried,5.0,0,5,1,1.0,Manager,25548.0
3739,0,42.0,Self Enquiry,3,11.0,Small Business,Female,3,4.0,Standard,3.0,Married,2.0,1,1,0,2.0,Senior Manager,29125.0
3740,0,31.0,Self Enquiry,1,17.0,Small Business,Fe Male,4,4.0,Standard,3.0,Unmarried,2.0,0,4,0,1.0,Senior Manager,28345.0
3741,1,27.0,Self Enquiry,2,27.0,Small Business,Female,4,4.0,Basic,4.0,Married,2.0,1,3,0,2.0,Executive,20826.0
3742,1,47.0,Self Enquiry,1,28.0,Small Business,Female,4,4.0,Deluxe,4.0,Married,6.0,0,3,1,3.0,Manager,27604.0
3743,0,41.0,Self Enquiry,1,7.0,Salaried,Female,3,4.0,Deluxe,3.0,Married,6.0,0,3,0,2.0,Manager,25191.0
3744,0,35.0,Self Enquiry,3,15.0,Large Business,Male,4,2.0,Deluxe,3.0,Married,3.0,0,1,0,3.0,Manager,25477.0
3745,0,59.0,Company Invited,3,9.0,Small Business,Male,3,4.0,Super Deluxe,4.0,Married,6.0,0,4,1,1.0,AVP,21383.0
3746,0,36.0,Self Enquiry,1,30.0,Small Business,Male,4,6.0,Basic,3.0,Married,2.0,0,1,1,1.0,Executive,21383.0
3747,0,48.0,Self Enquiry,1,11.0,Salaried,Female,4,5.0,Standard,4.0,Married,2.0,1,4,1,3.0,Senior Manager,29011.0
3748,0,41.0,Self Enquiry,1,19.0,Salaried,Female,3,4.0,Deluxe,5.0,Married,4.0,0,1,1,2.0,Manager,23126.0
3749,0,55.0,Self Enquiry,1,14.0,Small Business,Female,4,4.0,Deluxe,3.0,Married,6.0,0,3,1,2.0,Manager,25532.0
3750,0,32.0,Company Invited,3,14.0,Small Business,Female,4,4.0,Standard,5.0,Married,4.0,0,1,1,3.0,Senior Manager,28315.0
3751,0,29.0,Self Enquiry,1,7.0,Small Business,Female,4,4.0,Basic,5.0,Married,3.0,0,1,1,1.0,Executive,22269.0
3752,0,39.0,Self Enquiry,3,9.0,Small Business,Female,4,6.0,Deluxe,3.0,Married,4.0,1,3,0,1.0,Manager,24083.0
3753,0,27.0,Self Enquiry,3,17.0,Small Business,Male,3,4.0,Deluxe,3.0,Unmarried,3.0,0,1,0,1.0,Manager,23362.0
3754,0,59.0,Company Invited,1,22.0,Salaried,Male,3,4.0,Super Deluxe,3.0,Married,4.0,1,1,1,1.0,AVP,34465.0
3755,0,19.0,Company Invited,1,21.0,Small Business,Female,3,4.0,Basic,3.0,Single,3.0,0,5,1,1.0,Executive,20192.0
3756,1,32.0,Self Enquiry,2,25.0,Salaried,Male,3,2.0,Basic,5.0,Married,2.0,0,1,1,1.0,Executive,21634.0
3757,1,30.0,Self Enquiry,2,20.0,Salaried,Male,3,5.0,Basic,5.0,Married,6.0,1,5,1,2.0,Executive,21013.0
3758,0,46.0,Company Invited,3,9.0,Salaried,Female,4,4.0,Deluxe,3.0,Married,6.0,0,1,1,3.0,Manager,23832.0
3759,0,37.0,Self Enquiry,1,9.0,Salaried,Female,4,4.0,Deluxe,4.0,Married,6.0,1,4,0,1.0,Manager,25640.0
3760,0,44.0,Company Invited,3,9.0,Salaried,Male,4,4.0,Deluxe,3.0,Married,3.0,0,3,1,3.0,Manager,24353.0
3761,0,28.0,Company Invited,1,12.0,Salaried,Female,3,4.0,Basic,3.0,Single,2.0,1,1,1,2.0,Executive,21057.0
3762,0,30.0,Company Invited,1,27.0,Small Business,Male,3,4.0,Basic,3.0,Married,3.0,0,3,1,2.0,Executive,22490.0
3763,0,33.0,Company Invited,3,17.0,Small Business,Male,4,4.0,Deluxe,3.0,Unmarried,2.0,0,3,1,2.0,Manager,23326.0
3764,0,43.0,Company Invited,1,17.0,Large Business,Male,3,4.0,Basic,3.0,Married,5.0,0,4,1,1.0,Executive,21614.0
3765,0,48.0,Self Enquiry,1,16.0,Salaried,Female,4,4.0,Basic,3.0,Single,6.0,0,3,1,1.0,Executive,20783.0
3766,0,47.0,Self Enquiry,1,9.0,Salaried,Male,3,4.0,Standard,3.0,Married,5.0,0,1,1,2.0,Senior Manager,27256.0
3767,0,29.0,Company Invited,2,7.0,Salaried,Male,3,4.0,Basic,3.0,Married,3.0,0,4,0,2.0,Executive,21384.0
3768,0,30.0,Self Enquiry,1,36.0,Salaried,Male,4,6.0,Deluxe,3.0,Married,2.0,0,5,1,3.0,Manager,25062.0
3769,0,43.0,Self Enquiry,1,15.0,Salaried,Male,3,4.0,Basic,3.0,Unmarried,6.0,0,1,1,2.0,Executive,22646.0
3770,1,33.0,Self Enquiry,3,9.0,Small Business,Male,3,5.0,Deluxe,4.0,Single,2.0,1,1,1,1.0,Manager,28585.0
3771,0,47.0,Self Enquiry,3,10.0,Large Business,Female,3,2.0,Super Deluxe,5.0,Married,4.0,0,3,1,1.0,AVP,31903.0
3772,0,28.0,Self Enquiry,3,30.0,Small Business,Female,3,5.0,Deluxe,3.0,Married,3.0,0,1,1,2.0,Manager,22218.0
3773,0,30.0,Self Enquiry,2,13.0,Small Business,Male,3,5.0,Basic,4.0,Married,3.0,0,3,1,2.0,Executive,21482.0
3776,1,30.0,Company Invited,1,31.0,Salaried,Male,4,5.0,Basic,3.0,Single,3.0,1,3,1,3.0,Executive,21117.0
3777,1,47.0,Self Enquiry,3,17.0,Salaried,Female,4,4.0,Standard,4.0,Married,7.0,0,1,0,3.0,Senior Manager,25992.0
3778,0,28.0,Company Invited,1,22.0,Salaried,Female,4,5.0,Basic,5.0,Married,2.0,0,4,1,1.0,Executive,23452.0
3779,0,40.0,Self Enquiry,1,26.0,Salaried,Male,3,4.0,Deluxe,3.0,Married,2.0,0,5,1,1.0,Manager,22580.0
3780,0,56.0,Self Enquiry,1,9.0,Large Business,Male,4,5.0,Basic,3.0,Married,2.0,0,5,0,1.0,Executive,21340.0
3781,0,29.0,Self Enquiry,3,10.0,Small Business,Female,4,4.0,Basic,4.0,Married,3.0,0,1,1,1.0,Executive,21534.0
3783,1,23.0,Self Enquiry,1,14.0,Salaried,Male,4,4.0,Basic,4.0,Single,3.0,1,3,1,1.0,Executive,21150.0
3784,0,37.0,Self Enquiry,3,17.0,Large Business,Female,4,5.0,Deluxe,3.0,Married,3.0,1,1,1,3.0,Manager,24351.0
3785,0,32.0,Self Enquiry,1,27.0,Salaried,Male,3,4.0,Deluxe,3.0,Married,3.0,0,5,0,1.0,Manager,22875.0
3786,0,35.0,Self Enquiry,3,11.0,Salaried,Male,4,4.0,Standard,3.0,Married,4.0,1,4,0,3.0,Senior Manager,28391.0
3787,0,30.0,Self Enquiry,1,14.0,Salaried,Male,3,4.0,Basic,5.0,Single,5.0,0,4,0,1.0,Executive,20740.0
3788,0,38.0,Self Enquiry,1,14.0,Small Business,Male,4,4.0,Deluxe,5.0,Married,7.0,1,3,0,1.0,Manager,22962.0
3789,0,36.0,Self Enquiry,1,23.0,Salaried,Female,3,5.0,Deluxe,4.0,Married,2.0,1,1,1,2.0,Manager,23466.0
3790,0,46.0,Self Enquiry,1,32.0,Salaried,Female,4,5.0,Deluxe,3.0,Married,2.0,0,4,0,1.0,Manager,24584.0
3791,0,37.0,Company Invited,2,9.0,Salaried,Male,4,5.0,Deluxe,3.0,Unmarried,3.0,0,3,1,1.0,Manager,22564.0
3793,0,27.0,Self Enquiry,1,7.0,Salaried,Female,3,5.0,Basic,3.0,Married,3.0,1,4,0,1.0,Executive,21611.0
3794,0,28.0,Self Enquiry,3,9.0,Small Business,Fe Male,3,2.0,Deluxe,3.0,Unmarried,2.0,0,1,0,2.0,Manager,25178.0
3796,0,45.0,Self Enquiry,1,7.0,Salaried,Male,4,2.0,Deluxe,5.0,Married,4.0,0,3,1,3.0,Manager,23711.0
3797,1,35.0,Company Invited,1,23.0,Large Business,Male,3,6.0,Basic,5.0,Married,3.0,1,3,1,1.0,Executive,20985.0
3798,1,57.0,Self Enquiry,1,31.0,Salaried,Male,4,4.0,Basic,3.0,Single,3.0,0,3,0,1.0,Executive,21265.0
3799,0,37.0,Self Enquiry,3,24.0,Small Business,Male,3,5.0,Deluxe,4.0,Married,4.0,0,4,1,1.0,Manager,24185.0
3800,0,42.0,Self Enquiry,3,15.0,Small Business,Female,3,4.0,Deluxe,4.0,Married,7.0,0,3,1,2.0,Manager,23071.0
3801,0,43.0,Self Enquiry,1,13.0,Small Business,Male,3,4.0,Standard,5.0,Married,2.0,0,3,1,1.0,Senior Manager,32026.0
3802,0,32.0,Self Enquiry,3,17.0,Small Business,Female,3,4.0,Deluxe,3.0,Married,4.0,1,1,0,1.0,Manager,25261.0
3803,0,35.0,Self Enquiry,3,10.0,Small Business,Female,4,5.0,Deluxe,3.0,Married,5.0,1,3,0,1.0,Manager,26781.0
3804,0,32.0,Self Enquiry,1,11.0,Small Business,Female,4,2.0,Basic,3.0,Married,2.0,0,5,1,3.0,Executive,22656.0
3805,0,27.0,Company Invited,1,13.0,Salaried,Male,4,2.0,Basic,3.0,Married,2.0,0,4,1,2.0,Executive,21222.0
3806,0,46.0,Company Invited,1,7.0,Small Business,Male,3,4.0,Deluxe,3.0,Unmarried,6.0,0,1,1,2.0,Manager,24077.0
3807,0,34.0,Self Enquiry,3,17.0,Small Business,Male,3,4.0,Deluxe,3.0,Unmarried,3.0,0,1,0,1.0,Manager,24165.0
3808,0,29.0,Company Invited,3,7.0,Salaried,Male,3,5.0,Deluxe,3.0,Married,3.0,1,1,0,1.0,Manager,25512.0
3810,0,40.0,Company Invited,3,28.0,Salaried,Female,3,6.0,Deluxe,3.0,Married,8.0,0,5,0,1.0,Manager,24414.0
3811,0,28.0,Self Enquiry,1,9.0,Large Business,Male,3,4.0,Basic,4.0,Married,3.0,0,4,1,2.0,Executive,20904.0
3812,0,35.0,Company Invited,1,29.0,Salaried,Male,3,5.0,Deluxe,3.0,Married,3.0,1,1,1,1.0,Manager,24425.0
3813,1,29.0,Self Enquiry,3,20.0,Small Business,Fe Male,3,4.0,Deluxe,3.0,Unmarried,5.0,1,5,1,2.0,Manager,28532.0
3814,0,48.0,Company Invited,1,21.0,Large Business,Male,4,4.0,Deluxe,4.0,Married,2.0,0,3,0,3.0,Manager,24145.0
3815,0,57.0,Self Enquiry,3,18.0,Small Business,Female,3,5.0,Deluxe,5.0,Married,6.0,0,5,0,2.0,Manager,24058.0
3816,0,40.0,Self Enquiry,1,16.0,Small Business,Male,3,4.0,Deluxe,5.0,Married,3.0,0,4,1,1.0,Manager,23829.0
3817,0,39.0,Company Invited,1,15.0,Small Business,Female,3,5.0,Deluxe,4.0,Married,3.0,1,1,1,1.0,Manager,20811.0
3819,1,33.0,Company Invited,1,12.0,Salaried,Female,3,2.0,Basic,3.0,Single,5.0,1,1,0,2.0,Executive,21110.0
3820,0,39.0,Self Enquiry,1,16.0,Salaried,Male,4,4.0,Basic,3.0,Married,4.0,0,1,1,2.0,Executive,23449.0
3822,0,43.0,Self Enquiry,3,19.0,Small Business,Male,4,4.0,Deluxe,3.0,Married,5.0,1,1,0,1.0,Manager,23765.0
3823,1,28.0,Company Invited,2,29.0,Salaried,Female,3,5.0,Basic,4.0,Married,3.0,0,1,1,1.0,Executive,21541.0
3824,0,36.0,Self Enquiry,3,25.0,Small Business,Male,4,4.0,Deluxe,5.0,Married,2.0,0,3,0,1.0,Manager,20822.0
3825,0,29.0,Company Invited,1,23.0,Small Business,Male,3,4.0,Basic,3.0,Single,3.0,0,3,0,1.0,Executive,20822.0
3826,0,32.0,Company Invited,1,10.0,Small Business,Male,3,4.0,Basic,5.0,Married,3.0,1,1,0,1.0,Executive,21743.0
3827,0,37.0,Company Invited,1,16.0,Salaried,Male,4,2.0,Basic,4.0,Married,3.0,0,5,1,1.0,Executive,21488.0
3828,0,35.0,Self Enquiry,3,7.0,Small Business,Male,3,4.0,Standard,3.0,Unmarried,3.0,0,5,1,1.0,Senior Manager,28566.0
3829,0,35.0,Self Enquiry,3,20.0,Small Business,Male,3,4.0,Standard,3.0,Married,3.0,0,1,1,2.0,Senior Manager,27306.0
3830,0,27.0,Self Enquiry,1,7.0,Small Business,Male,4,4.0,Basic,5.0,Unmarried,2.0,0,5,1,3.0,Executive,21545.0
3831,0,30.0,Self Enquiry,1,7.0,Salaried,Male,3,4.0,Deluxe,5.0,Married,2.0,0,3,1,1.0,Manager,24051.0
3832,0,33.0,Company Invited,1,22.0,Small Business,Female,3,4.0,Deluxe,3.0,Married,7.0,0,3,0,2.0,Manager,25345.0
3833,0,32.0,Company Invited,1,7.0,Salaried,Male,3,6.0,Deluxe,5.0,Married,3.0,0,1,1,2.0,Manager,23681.0
3834,1,29.0,Self Enquiry,1,24.0,Large Business,Male,3,5.0,Basic,3.0,Married,7.0,0,3,0,2.0,Executive,21045.0
3835,0,39.0,Self Enquiry,3,7.0,Salaried,Male,3,5.0,Basic,5.0,Unmarried,6.0,0,3,0,2.0,Executive,21536.0
3836,0,36.0,Self Enquiry,3,14.0,Salaried,Female,3,4.0,Deluxe,3.0,Married,3.0,1,4,1,2.0,Manager,23882.0
3837,0,28.0,Self Enquiry,3,16.0,Small Business,Male,3,4.0,Deluxe,3.0,Unmarried,3.0,0,1,0,2.0,Manager,22783.0
3838,0,33.0,Self Enquiry,1,12.0,Salaried,Male,3,5.0,Deluxe,3.0,Unmarried,2.0,0,1,0,2.0,Manager,28357.0
3839,1,32.0,Company Invited,3,33.0,Small Business,Male,4,4.0,Deluxe,3.0,Married,3.0,1,3,0,2.0,Manager,24295.0
3840,1,54.0,Self Enquiry,3,31.0,Salaried,Male,4,4.0,Standard,5.0,Single,8.0,1,3,1,3.0,Senior Manager,29126.0
3841,0,55.0,Self Enquiry,1,16.0,Salaried,Female,4,4.0,Deluxe,3.0,Married,5.0,0,5,0,2.0,Manager,21575.0
3842,0,34.0,Company Invited,1,14.0,Salaried,Male,3,4.0,Deluxe,3.0,Married,3.0,0,5,1,2.0,Manager,24646.0
3843,0,44.0,Self Enquiry,1,18.0,Salaried,Male,2,4.0,Standard,3.0,Married,3.0,0,1,1,1.0,Senior Manager,26188.0
3844,0,39.0,Company Invited,2,7.0,Salaried,Male,3,4.0,Basic,4.0,Married,2.0,1,1,1,2.0,Executive,21669.0
3847,0,40.0,Self Enquiry,3,22.0,Small Business,Male,4,4.0,Super Deluxe,5.0,Single,2.0,0,1,1,3.0,AVP,32019.0
3848,0,43.0,Company Invited,1,30.0,Salaried,Male,3,5.0,Deluxe,3.0,Unmarried,3.0,0,3,1,2.0,Manager,23010.0
3849,0,32.0,Company Invited,1,17.0,Small Business,Female,3,4.0,Standard,3.0,Married,6.0,0,1,1,2.0,Senior Manager,29709.0
3850,0,55.0,Self Enquiry,1,17.0,Small Business,Female,4,4.0,Deluxe,5.0,Unmarried,8.0,1,1,0,1.0,Manager,23118.0
3851,0,25.0,Self Enquiry,1,7.0,Salaried,Male,3,5.0,Deluxe,3.0,Unmarried,3.0,0,3,1,2.0,Manager,23295.0
3852,0,24.0,Self Enquiry,1,19.0,Salaried,Male,4,4.0,Basic,3.0,Unmarried,3.0,0,5,1,1.0,Executive,21325.0
3853,0,41.0,Company Invited,1,18.0,Large Business,Female,4,4.0,Deluxe,3.0,Married,3.0,0,3,1,2.0,Manager,25001.0
3854,0,41.0,Self Enquiry,3,9.0,Small Business,Female,4,4.0,Deluxe,4.0,Married,5.0,0,3,1,2.0,Manager,24355.0
3855,0,26.0,Self Enquiry,2,9.0,Salaried,Female,3,4.0,Basic,4.0,Married,6.0,0,4,0,1.0,Executive,20865.0
3856,0,31.0,Self Enquiry,1,7.0,Small Business,Male,4,4.0,Basic,4.0,Married,3.0,0,5,0,2.0,Executive,22426.0
3857,0,26.0,Self Enquiry,1,9.0,Salaried,Male,3,4.0,Basic,3.0,Married,8.0,1,5,0,1.0,Executive,22655.0
3858,0,48.0,Self Enquiry,1,32.0,Small Business,Male,3,4.0,Standard,3.0,Unmarried,4.0,0,3,1,1.0,Senior Manager,27311.0
3859,0,34.0,Company Invited,1,7.0,Small Business,Male,3,5.0,Basic,3.0,Married,3.0,0,3,0,1.0,Executive,20686.0
3860,0,39.0,Self Enquiry,3,7.0,Salaried,Male,3,4.0,Deluxe,4.0,Married,2.0,0,4,1,2.0,Manager,23118.0
3861,0,32.0,Self Enquiry,3,9.0,Salaried,Male,3,4.0,Basic,3.0,Married,2.0,0,4,1,1.0,Executive,21745.0
3862,0,39.0,Company Invited,1,13.0,Salaried,Male,4,5.0,Deluxe,3.0,Married,4.0,0,4,1,2.0,Manager,23999.0
3863,0,43.0,Self Enquiry,1,25.0,Salaried,Male,3,4.0,Deluxe,5.0,Married,8.0,1,1,0,1.0,Manager,24088.0
3864,0,42.0,Self Enquiry,1,7.0,Salaried,Male,4,4.0,Basic,3.0,Married,5.0,0,1,0,1.0,Executive,21460.0
3865,0,48.0,Company Invited,1,7.0,Small Business,Female,4,4.0,Standard,4.0,Married,2.0,0,5,0,1.0,Senior Manager,30635.0
3866,0,36.0,Self Enquiry,1,18.0,Small Business,Male,3,4.0,Basic,3.0,Married,2.0,1,5,0,1.0,Executive,21338.0
3867,0,23.0,Self Enquiry,1,7.0,Salaried,Male,4,4.0,Basic,3.0,Unmarried,2.0,0,3,0,3.0,Executive,22053.0
3868,0,36.0,Self Enquiry,1,16.0,Small Business,Male,3,4.0,Deluxe,3.0,Unmarried,3.0,0,4,0,2.0,Manager,23776.0
3869,0,34.0,Self Enquiry,1,22.0,Small Business,Female,4,4.0,Deluxe,3.0,Married,2.0,1,1,1,2.0,Manager,23556.0
3870,0,33.0,Self Enquiry,1,36.0,Salaried,Female,3,5.0,Basic,4.0,Unmarried,3.0,0,3,1,1.0,Executive,21515.0
3871,0,41.0,Self Enquiry,1,7.0,Salaried,Male,3,4.0,Basic,3.0,Married,2.0,0,1,0,1.0,Executive,21084.0
3872,0,33.0,Self Enquiry,3,7.0,Small Business,Male,4,5.0,Basic,4.0,Married,2.0,0,1,0,3.0,Executive,20947.0
3873,0,40.0,Self Enquiry,1,31.0,Salaried,Male,3,4.0,Deluxe,3.0,Unmarried,2.0,0,4,1,1.0,Manager,22786.0
3874,0,39.0,Self Enquiry,1,17.0,Small Business,Female,3,6.0,Standard,3.0,Married,5.0,0,1,1,2.0,Senior Manager,31884.0
3875,0,33.0,Self Enquiry,3,7.0,Small Business,Female,3,4.0,Standard,3.0,Married,3.0,0,5,1,1.0,Senior Manager,29100.0
3876,0,38.0,Self Enquiry,1,17.0,Salaried,Female,3,2.0,Standard,3.0,Married,3.0,1,1,0,2.0,Senior Manager,32422.0
3877,0,26.0,Self Enquiry,3,15.0,Salaried,Female,3,4.0,Deluxe,3.0,Married,2.0,1,1,1,2.0,Manager,23585.0
3878,0,53.0,Company Invited,3,127.0,Salaried,Male,3,4.0,Basic,3.0,Married,4.0,0,1,1,2.0,Executive,22160.0
3879,0,45.0,Self Enquiry,1,7.0,Small Business,Male,3,4.0,Basic,3.0,Single,8.0,1,4,0,2.0,Executive,21114.0
3880,0,22.0,Self Enquiry,3,12.0,Small Business,Male,3,4.0,Basic,5.0,Single,3.0,1,1,1,1.0,Executive,21058.0
3882,1,24.0,Company Invited,3,16.0,Small Business,Male,3,4.0,Basic,5.0,Married,3.0,0,5,1,1.0,Executive,20468.0
3883,0,37.0,Self Enquiry,3,10.0,Small Business,Female,4,5.0,Standard,3.0,Married,2.0,0,3,1,1.0,Senior Manager,26322.0
3884,0,37.0,Company Invited,1,11.0,Salaried,Female,4,4.0,Deluxe,4.0,Married,2.0,0,3,1,2.0,Manager,23809.0
3885,0,57.0,Company Invited,1,7.0,Salaried,Male,3,4.0,Deluxe,3.0,Married,3.0,0,3,0,1.0,Manager,24984.0
3886,1,30.0,Self Enquiry,1,7.0,Small Business,Male,3,4.0,Basic,3.0,Married,2.0,1,3,1,1.0,Executive,23465.0
3888,1,57.0,Self Enquiry,1,14.0,Large Business,Male,4,4.0,Basic,3.0,Married,2.0,0,4,1,3.0,Executive,21017.0
3889,0,42.0,Self Enquiry,1,35.0,Salaried,Female,3,5.0,Super Deluxe,4.0,Married,2.0,0,5,1,2.0,AVP,32248.0
3890,0,35.0,Self Enquiry,3,35.0,Small Business,Female,4,5.0,Deluxe,3.0,Married,3.0,0,5,1,1.0,Manager,25390.0
3891,0,37.0,Company Invited,3,22.0,Small Business,Male,3,6.0,Deluxe,3.0,Married,3.0,0,1,1,1.0,Manager,24084.0
3892,0,42.0,Self Enquiry,3,10.0,Salaried,Male,3,5.0,Deluxe,4.0,Married,4.0,0,3,0,2.0,Manager,27616.0
3893,0,33.0,Self Enquiry,1,9.0,Large Business,Male,4,4.0,Basic,5.0,Single,3.0,0,1,1,2.0,Executive,21117.0
3894,0,36.0,Self Enquiry,2,33.0,Salaried,Fe Male,3,4.0,Standard,3.0,Unmarried,3.0,1,1,1,1.0,Senior Manager,27515.0
3895,0,39.0,Self Enquiry,3,17.0,Salaried,Female,4,4.0,Deluxe,3.0,Married,3.0,0,4,0,3.0,Manager,24021.0
3896,1,51.0,Company Invited,3,7.0,Salaried,Male,4,4.0,Deluxe,3.0,Married,2.0,0,3,1,2.0,Manager,25406.0
3897,0,37.0,Self Enquiry,3,18.0,Small Business,Female,4,5.0,Deluxe,3.0,Married,6.0,0,1,1,2.0,Manager,25330.0
3898,0,46.0,Self Enquiry,3,27.0,Salaried,Female,3,4.0,Deluxe,3.0,Unmarried,2.0,0,1,1,1.0,Manager,23528.0
3899,0,41.0,Self Enquiry,1,9.0,Salaried,Male,3,5.0,Basic,3.0,Unmarried,4.0,0,5,0,2.0,Executive,21487.0
3900,0,36.0,Company Invited,1,25.0,Salaried,Male,4,4.0,Deluxe,3.0,Married,3.0,1,3,1,1.0,Manager,24367.0
3901,0,41.0,Self Enquiry,1,9.0,Small Business,Female,4,4.0,Basic,3.0,Married,4.0,0,1,1,2.0,Executive,20679.0
3902,0,36.0,Self Enquiry,1,7.0,Salaried,Female,4,6.0,Basic,3.0,Married,3.0,0,3,0,2.0,Executive,21655.0
3903,0,30.0,Self Enquiry,1,20.0,Salaried,Male,3,5.0,Deluxe,4.0,Married,6.0,1,4,1,1.0,Manager,22703.0
3904,0,30.0,Self Enquiry,1,35.0,Small Business,Female,4,5.0,Basic,5.0,Unmarried,3.0,0,1,0,2.0,Executive,22463.0
3905,1,51.0,Self Enquiry,3,35.0,Small Business,Male,3,5.0,Standard,5.0,Married,6.0,1,5,0,1.0,Senior Manager,29532.0
3906,0,40.0,Self Enquiry,3,31.0,Small Business,Female,3,5.0,Super Deluxe,3.0,Married,2.0,0,1,1,2.0,AVP,30709.0
3907,0,32.0,Company Invited,1,12.0,Small Business,Male,4,4.0,Deluxe,5.0,Single,2.0,0,1,0,3.0,Manager,28614.0
3908,0,27.0,Self Enquiry,3,12.0,Salaried,Female,2,5.0,Basic,3.0,Unmarried,2.0,0,1,0,1.0,Executive,21644.0
3909,0,37.0,Company Invited,1,30.0,Small Business,Male,3,2.0,Deluxe,3.0,Married,6.0,0,3,0,1.0,Manager,21249.0
3910,0,40.0,Self Enquiry,1,13.0,Small Business,Male,3,5.0,Standard,5.0,Married,6.0,0,4,1,1.0,Senior Manager,28669.0
3911,0,28.0,Self Enquiry,1,11.0,Salaried,Male,3,2.0,Deluxe,4.0,Married,3.0,1,4,1,1.0,Manager,24820.0
3912,0,50.0,Company Invited,3,9.0,Small Business,Male,4,5.0,Deluxe,4.0,Married,4.0,0,3,1,3.0,Manager,24068.0
3913,0,35.0,Self Enquiry,1,15.0,Small Business,Male,3,2.0,Deluxe,3.0,Married,4.0,0,3,0,2.0,Manager,23082.0
3914,1,42.0,Self Enquiry,3,7.0,Salaried,Fe Male,4,4.0,Deluxe,3.0,Unmarried,2.0,1,4,0,3.0,Manager,24671.0
3915,0,50.0,Company Invited,1,15.0,Salaried,Male,4,5.0,Deluxe,4.0,Married,3.0,0,1,0,1.0,Manager,23808.0
3916,1,38.0,Self Enquiry,1,9.0,Salaried,Male,4,5.0,Basic,3.0,Single,8.0,1,3,0,3.0,Executive,20768.0
3917,0,34.0,Company Invited,1,10.0,Salaried,Female,3,4.0,Basic,3.0,Married,3.0,1,1,1,2.0,Executive,21587.0
3918,0,28.0,Self Enquiry,1,9.0,Small Business,Male,3,4.0,Basic,4.0,Married,2.0,0,5,1,2.0,Executive,22146.0
3919,0,33.0,Company Invited,1,9.0,Salaried,Male,4,4.0,Basic,3.0,Unmarried,2.0,0,3,1,2.0,Executive,21746.0
3920,0,60.0,Self Enquiry,1,10.0,Small Business,Female,3,2.0,Basic,5.0,Married,6.0,1,1,0,2.0,Executive,21348.0
3921,0,31.0,Self Enquiry,1,31.0,Salaried,Male,4,4.0,Basic,3.0,Married,3.0,0,3,1,3.0,Executive,21371.0
3922,0,39.0,Company Invited,1,30.0,Salaried,Male,3,5.0,Standard,3.0,Unmarried,2.0,0,3,1,1.0,Senior Manager,28204.0
3923,0,37.0,Self Enquiry,1,34.0,Small Business,Male,4,4.0,Deluxe,3.0,Married,8.0,0,3,0,1.0,Manager,23915.0
3924,0,36.0,Self Enquiry,1,23.0,Small Business,Male,3,2.0,Basic,4.0,Married,2.0,0,4,1,2.0,Executive,21104.0
3925,0,30.0,Self Enquiry,1,22.0,Salaried,Female,3,5.0,Deluxe,3.0,Unmarried,2.0,1,1,1,2.0,Manager,22871.0
3926,0,32.0,Self Enquiry,1,33.0,Salaried,Male,3,4.0,Basic,3.0,Married,3.0,0,3,1,2.0,Executive,21589.0
3927,0,35.0,Self Enquiry,1,26.0,Small Business,Male,4,4.0,Basic,3.0,Married,2.0,0,3,0,1.0,Executive,21339.0
3928,1,29.0,Self Enquiry,1,31.0,Salaried,Male,3,5.0,Basic,3.0,Single,7.0,1,1,0,1.0,Executive,20706.0
3929,0,30.0,Self Enquiry,1,28.0,Salaried,Female,3,2.0,Standard,5.0,Married,3.0,0,5,1,2.0,Senior Manager,28658.0
3930,0,33.0,Self Enquiry,1,12.0,Salaried,Male,4,2.0,Basic,4.0,Married,2.0,1,1,1,3.0,Executive,21976.0
3931,0,23.0,Company Invited,1,23.0,Small Business,Male,4,2.0,Basic,3.0,Married,3.0,1,3,0,3.0,Executive,21613.0
3932,0,54.0,Self Enquiry,3,9.0,Salaried,Female,4,5.0,Super Deluxe,3.0,Married,4.0,0,3,0,1.0,AVP,34105.0
3933,0,39.0,Self Enquiry,1,9.0,Salaried,Male,3,4.0,Basic,3.0,Unmarried,7.0,1,1,0,1.0,Executive,22622.0
3934,0,25.0,Company Invited,1,18.0,Salaried,Female,4,2.0,Deluxe,3.0,Married,2.0,0,5,0,2.0,Manager,22689.0
3935,1,37.0,Self Enquiry,3,16.0,Salaried,Male,3,5.0,Basic,5.0,Unmarried,2.0,0,1,0,1.0,Executive,22085.0
3936,0,35.0,Self Enquiry,1,14.0,Salaried,Female,3,4.0,Standard,4.0,Single,2.0,0,5,0,1.0,Senior Manager,30672.0
3938,1,35.0,Self Enquiry,1,13.0,Small Business,Male,3,4.0,Basic,5.0,Unmarried,4.0,0,4,0,1.0,Executive,21638.0
3940,1,33.0,Company Invited,1,23.0,Salaried,Female,4,6.0,Basic,5.0,Unmarried,3.0,1,4,0,1.0,Executive,22597.0
3941,0,43.0,Self Enquiry,3,15.0,Small Business,Male,3,4.0,Deluxe,4.0,Married,2.0,0,3,1,1.0,Manager,25503.0
3942,0,45.0,Self Enquiry,1,14.0,Small Business,Female,3,5.0,Standard,3.0,Married,5.0,0,4,0,1.0,Senior Manager,28926.0
3944,0,34.0,Self Enquiry,1,9.0,Small Business,Male,4,4.0,Basic,3.0,Single,6.0,0,3,0,3.0,Executive,21174.0
3945,0,45.0,Self Enquiry,1,17.0,Salaried,Male,3,4.0,Deluxe,3.0,Married,4.0,1,3,0,2.0,Manager,25143.0
3946,0,31.0,Self Enquiry,1,16.0,Small Business,Male,3,5.0,Basic,3.0,Single,3.0,0,4,0,2.0,Executive,20884.0
3947,1,40.0,Self Enquiry,3,12.0,Large Business,Male,3,4.0,Deluxe,3.0,Married,5.0,0,1,0,1.0,Manager,20764.0
3948,1,25.0,Self Enquiry,1,7.0,Small Business,Male,4,4.0,Basic,3.0,Married,4.0,1,3,0,3.0,Executive,20971.0
3949,0,44.0,Self Enquiry,1,9.0,Small Business,Female,4,2.0,Basic,3.0,Married,3.0,0,1,1,3.0,Executive,21323.0
3950,1,51.0,Self Enquiry,3,10.0,Small Business,Male,3,5.0,Basic,3.0,Married,3.0,1,4,1,2.0,Executive,21361.0
3951,0,36.0,Self Enquiry,3,9.0,Small Business,Female,4,4.0,Basic,3.0,Married,3.0,0,1,1,3.0,Executive,20692.0
3952,0,37.0,Self Enquiry,1,12.0,Salaried,Female,3,5.0,Basic,5.0,Married,2.0,1,1,1,2.0,Executive,22097.0
3953,0,34.0,Company Invited,3,7.0,Salaried,Female,3,2.0,Deluxe,5.0,Married,4.0,0,3,0,2.0,Manager,24054.0
3954,0,36.0,Self Enquiry,1,11.0,Salaried,Male,4,4.0,Basic,3.0,Married,3.0,0,4,1,2.0,Executive,20629.0
3955,0,28.0,Self Enquiry,1,9.0,Salaried,Female,3,4.0,Basic,5.0,Married,3.0,0,3,1,2.0,Executive,21019.0
3956,1,27.0,Self Enquiry,1,32.0,Salaried,Male,3,6.0,Basic,3.0,Single,3.0,0,1,0,1.0,Executive,20971.0
3957,0,28.0,Company Invited,3,15.0,Salaried,Male,3,4.0,Standard,3.0,Unmarried,3.0,0,1,1,1.0,Senior Manager,27404.0
3958,0,31.0,Company Invited,1,7.0,Small Business,Female,3,4.0,Deluxe,3.0,Unmarried,3.0,0,3,1,1.0,Manager,22689.0
3959,1,42.0,Self Enquiry,1,19.0,Large Business,Female,3,4.0,King,3.0,Married,3.0,0,4,1,2.0,VP,38223.0
3960,0,35.0,Company Invited,3,30.0,Small Business,Male,4,4.0,Deluxe,3.0,Unmarried,2.0,0,5,0,2.0,Manager,23246.0
3961,0,38.0,Self Enquiry,1,26.0,Salaried,Male,4,4.0,Basic,4.0,Married,6.0,0,4,0,2.0,Executive,21700.0
3962,0,47.0,Company Invited,3,12.0,Small Business,Male,4,4.0,Deluxe,3.0,Unmarried,6.0,1,5,1,2.0,Manager,24450.0
3963,0,36.0,Self Enquiry,1,15.0,Salaried,Male,3,2.0,Basic,3.0,Married,3.0,0,5,1,2.0,Executive,20947.0
3964,1,49.0,Self Enquiry,1,7.0,Salaried,Male,4,5.0,Standard,3.0,Unmarried,2.0,1,5,0,1.0,Senior Manager,24059.0
3965,1,29.0,Self Enquiry,1,12.0,Large Business,Male,3,4.0,Basic,3.0,Unmarried,3.0,1,1,0,1.0,Executive,22119.0
3966,0,45.0,Self Enquiry,3,7.0,Small Business,Female,4,4.0,Deluxe,5.0,Married,7.0,1,1,1,2.0,Manager,24132.0
3967,0,36.0,Company Invited,1,18.0,Small Business,Male,4,5.0,Standard,5.0,Married,4.0,1,5,1,3.0,Senior Manager,28562.0
3968,0,27.0,Self Enquiry,3,30.0,Small Business,Female,3,5.0,Deluxe,3.0,Married,2.0,1,1,0,1.0,Manager,22835.0
3969,0,34.0,Company Invited,1,7.0,Salaried,Female,4,4.0,Standard,3.0,Single,3.0,1,1,1,1.0,Senior Manager,32136.0
3970,0,36.0,Company Invited,3,6.0,Salaried,Male,4,4.0,Standard,5.0,Married,3.0,0,4,0,1.0,Senior Manager,27747.0
3971,0,36.0,Self Enquiry,1,30.0,Small Business,Female,2,4.0,Basic,5.0,Married,5.0,1,4,0,1.0,Executive,22692.0
3972,0,32.0,Self Enquiry,1,14.0,Salaried,Male,3,4.0,Deluxe,3.0,Married,5.0,0,3,0,2.0,Manager,24593.0
3973,0,38.0,Self Enquiry,1,7.0,Salaried,Male,3,5.0,Deluxe,3.0,Married,3.0,0,5,0,1.0,Manager,24671.0
3974,0,33.0,Self Enquiry,1,7.0,Small Business,Male,3,4.0,Deluxe,3.0,Married,3.0,1,4,1,2.0,Manager,24840.0
3975,0,39.0,Company Invited,1,36.0,Salaried,Female,3,4.0,Deluxe,3.0,Single,3.0,0,3,1,1.0,Manager,21084.0
3977,0,60.0,Self Enquiry,3,32.0,Salaried,Fe Male,5,4.0,Standard,5.0,Unmarried,2.0,0,3,1,2.0,Senior Manager,26315.0
3978,0,37.0,Self Enquiry,1,15.0,Large Business,Female,3,4.0,Standard,3.0,Married,3.0,0,4,1,1.0,Senior Manager,28774.0
3979,0,56.0,Self Enquiry,1,15.0,Small Business,Female,3,4.0,Super Deluxe,3.0,Married,4.0,1,3,1,2.0,AVP,33434.0
3980,0,37.0,Company Invited,1,18.0,Salaried,Male,4,5.0,Deluxe,4.0,Unmarried,3.0,0,4,1,2.0,Manager,25177.0
3981,0,46.0,Self Enquiry,1,14.0,Salaried,Male,3,4.0,Standard,5.0,Married,4.0,0,3,0,1.0,Senior Manager,28402.0
3982,0,36.0,Company Invited,1,7.0,Small Business,Male,4,4.0,Basic,5.0,Married,6.0,0,1,0,2.0,Executive,20872.0
3983,1,37.0,Self Enquiry,1,16.0,Small Business,Male,4,5.0,Basic,3.0,Married,2.0,1,1,1,3.0,Executive,22066.0
3984,0,60.0,Company Invited,3,7.0,Salaried,Fe Male,3,5.0,Deluxe,3.0,Unmarried,2.0,0,5,1,1.0,Manager,24151.0
3985,0,30.0,Self Enquiry,1,9.0,Salaried,Male,4,4.0,Basic,4.0,Married,2.0,0,4,1,1.0,Executive,21381.0
3986,0,32.0,Self Enquiry,1,7.0,Small Business,Male,3,4.0,Basic,4.0,Single,3.0,0,3,1,1.0,Executive,21179.0
3987,0,33.0,Self Enquiry,1,7.0,Salaried,Male,4,4.0,Deluxe,4.0,Married,3.0,0,3,1,1.0,Manager,24898.0
3988,0,37.0,Self Enquiry,1,13.0,Salaried,Female,3,2.0,Basic,3.0,Married,5.0,0,1,0,1.0,Executive,21716.0
3989,0,32.0,Self Enquiry,1,15.0,Salaried,Female,4,4.0,Deluxe,3.0,Unmarried,3.0,0,5,1,3.0,Manager,23102.0
3990,0,36.0,Self Enquiry,3,7.0,Small Business,Male,3,5.0,Deluxe,5.0,Unmarried,2.0,0,1,1,2.0,Manager,22990.0
3991,0,46.0,Self Enquiry,1,13.0,Salaried,Male,3,4.0,Standard,5.0,Married,6.0,1,3,1,2.0,Senior Manager,31923.0
3992,0,38.0,Self Enquiry,1,14.0,Small Business,Male,2,4.0,Standard,3.0,Single,6.0,0,1,0,1.0,Senior Manager,32342.0
3993,0,47.0,Self Enquiry,2,12.0,Small Business,Male,4,4.0,Deluxe,4.0,Married,2.0,1,5,1,3.0,Manager,23699.0
3994,0,31.0,Self Enquiry,1,7.0,Salaried,Male,3,5.0,Deluxe,3.0,Married,3.0,1,1,1,2.0,Manager,23804.0
3995,0,36.0,Self Enquiry,1,7.0,Small Business,Male,2,5.0,Basic,3.0,Unmarried,3.0,0,4,1,1.0,Executive,21537.0
3996,0,56.0,Self Enquiry,3,7.0,Salaried,Male,4,4.0,Standard,3.0,Married,5.0,0,1,0,3.0,Senior Manager,28917.0
3997,0,39.0,Company Invited,1,13.0,Small Business,Female,4,6.0,Deluxe,3.0,Married,2.0,1,1,0,3.0,Manager,24007.0
3998,0,35.0,Self Enquiry,1,7.0,Small Business,Male,4,4.0,Deluxe,4.0,Married,3.0,0,5,1,3.0,Manager,23003.0
3999,0,57.0,Self Enquiry,1,14.0,Salaried,Male,3,6.0,Standard,3.0,Unmarried,6.0,0,1,0,1.0,Senior Manager,25938.0
4000,0,24.0,Self Enquiry,3,9.0,Large Business,Male,4,4.0,Basic,5.0,Married,5.0,0,3,1,3.0,Executive,21000.0
4001,0,52.0,Self Enquiry,1,16.0,Salaried,Male,4,4.0,Basic,3.0,Married,5.0,0,3,1,1.0,Executive,20753.0
4002,0,31.0,Self Enquiry,1,9.0,Salaried,Male,5,5.0,Deluxe,3.0,Married,3.0,0,4,1,2.0,Manager,22830.0
4003,1,47.0,Self Enquiry,3,16.0,Small Business,Male,4,5.0,Standard,3.0,Unmarried,3.0,0,5,1,3.0,Senior Manager,28297.0
4004,0,41.0,Company Invited,1,7.0,Salaried,Male,4,5.0,Super Deluxe,4.0,Married,3.0,0,1,1,2.0,AVP,32181.0
4005,0,52.0,Self Enquiry,3,28.0,Small Business,Male,4,4.0,Deluxe,3.0,Unmarried,2.0,1,5,0,3.0,Manager,24119.0
4006,0,31.0,Self Enquiry,3,11.0,Small Business,Female,4,5.0,Deluxe,4.0,Married,3.0,1,3,1,1.0,Manager,23887.0
4007,0,47.0,Company Invited,1,7.0,Small Business,Male,3,5.0,Standard,5.0,Married,4.0,1,1,1,2.0,Senior Manager,29351.0
4008,0,33.0,Self Enquiry,3,13.0,Small Business,Male,3,4.0,Deluxe,3.0,Unmarried,3.0,0,5,1,2.0,Manager,23688.0
4009,0,55.0,Self Enquiry,1,9.0,Large Business,Female,3,4.0,Standard,3.0,Married,2.0,0,4,0,1.0,Senior Manager,32227.0
4010,0,25.0,Self Enquiry,3,10.0,Salaried,Female,3,4.0,Deluxe,3.0,Married,2.0,0,4,0,1.0,Manager,23677.0
4011,0,29.0,Company Invited,3,11.0,Small Business,Male,3,4.0,Deluxe,3.0,Married,3.0,0,1,0,1.0,Manager,22899.0
4012,0,59.0,Self Enquiry,3,17.0,Small Business,Male,3,4.0,Super Deluxe,3.0,Single,2.0,0,3,0,2.0,AVP,32550.0
4013,0,45.0,Company Invited,1,30.0,Small Business,Male,4,4.0,Deluxe,4.0,Married,6.0,0,3,0,2.0,Manager,20720.0
4014,1,38.0,Self Enquiry,2,13.0,Salaried,Male,4,4.0,Basic,5.0,Married,6.0,1,1,0,3.0,Executive,20751.0
4015,0,33.0,Self Enquiry,1,7.0,Salaried,Male,4,4.0,Basic,5.0,Unmarried,3.0,0,1,0,2.0,Executive,21634.0
4016,1,21.0,Company Invited,1,13.0,Salaried,Female,4,5.0,Basic,3.0,Unmarried,3.0,1,1,0,1.0,Executive,21604.0
4017,0,35.0,Self Enquiry,1,13.0,Salaried,Female,3,4.0,Deluxe,3.0,Unmarried,3.0,0,3,0,1.0,Manager,23487.0
4018,0,38.0,Company Invited,1,9.0,Salaried,Male,4,5.0,Deluxe,3.0,Married,7.0,0,1,1,3.0,Manager,23841.0
4021,1,26.0,Self Enquiry,3,12.0,Small Business,Male,3,5.0,Deluxe,3.0,Unmarried,3.0,1,3,0,2.0,Manager,24422.0
4022,0,26.0,Self Enquiry,1,14.0,Small Business,Male,4,5.0,Basic,3.0,Married,3.0,0,1,0,3.0,Executive,21567.0
4023,0,23.0,Self Enquiry,1,22.0,Small Business,Female,3,4.0,Basic,3.0,Unmarried,3.0,0,1,1,2.0,Executive,21549.0
4024,0,52.0,Company Invited,1,7.0,Small Business,Fe Male,2,5.0,Standard,5.0,Unmarried,5.0,0,1,1,1.0,Senior Manager,26162.0
4025,1,35.0,Company Invited,1,14.0,Salaried,Male,4,6.0,Deluxe,3.0,Unmarried,3.0,1,5,1,1.0,Manager,24752.0
4027,0,25.0,Self Enquiry,1,25.0,Salaried,Male,3,4.0,Basic,3.0,Married,2.0,0,4,0,1.0,Executive,21452.0
4028,0,35.0,Self Enquiry,1,13.0,Salaried,Female,3,5.0,Deluxe,4.0,Married,8.0,0,3,1,1.0,Manager,23183.0
4029,0,38.0,Self Enquiry,3,10.0,Salaried,Male,3,4.0,Standard,3.0,Unmarried,4.0,0,3,0,2.0,Senior Manager,26106.0
4030,0,35.0,Self Enquiry,1,12.0,Small Business,Female,3,5.0,Standard,5.0,Single,4.0,0,1,1,2.0,Senior Manager,30309.0
4031,0,37.0,Company Invited,3,18.0,Large Business,Female,4,4.0,Standard,3.0,Married,2.0,0,5,0,3.0,Senior Manager,28416.0
4032,0,37.0,Self Enquiry,1,10.0,Salaried,Female,3,4.0,Basic,3.0,Married,7.0,0,1,0,2.0,Executive,21513.0
4034,0,31.0,Company Invited,1,30.0,Salaried,Male,4,6.0,Basic,3.0,Married,3.0,0,3,0,1.0,Executive,21291.0
4035,0,34.0,Company Invited,3,29.0,Small Business,Male,4,4.0,Deluxe,4.0,Married,2.0,0,1,0,1.0,Manager,24824.0
4036,1,57.0,Self Enquiry,1,21.0,Salaried,Female,4,4.0,Basic,4.0,Married,2.0,1,5,1,1.0,Executive,23641.0
4037,0,52.0,Self Enquiry,1,13.0,Salaried,Male,3,4.0,King,3.0,Single,2.0,0,5,1,2.0,VP,38215.0
4038,1,32.0,Self Enquiry,3,13.0,Salaried,Male,4,6.0,Deluxe,3.0,Married,6.0,1,3,0,3.0,Manager,24850.0
4039,0,27.0,Self Enquiry,1,13.0,Salaried,Female,3,5.0,Basic,4.0,Married,3.0,0,3,1,2.0,Executive,21046.0
4040,1,59.0,Self Enquiry,1,30.0,Small Business,Female,4,4.0,Standard,3.0,Married,3.0,0,3,1,1.0,Senior Manager,28990.0
4041,1,20.0,Self Enquiry,3,29.0,Small Business,Male,3,4.0,Basic,3.0,Single,3.0,1,1,1,1.0,Executive,20353.0
4042,0,23.0,Self Enquiry,1,9.0,Large Business,Male,4,4.0,Basic,3.0,Married,2.0,0,5,1,1.0,Executive,21201.0
4043,0,50.0,Self Enquiry,1,27.0,Small Business,Female,4,4.0,Deluxe,5.0,Married,3.0,0,1,1,1.0,Manager,25245.0
4044,0,44.0,Company Invited,1,35.0,Small Business,Female,4,2.0,Basic,3.0,Unmarried,6.0,0,3,0,3.0,Executive,23417.0
4045,0,51.0,Company Invited,3,19.0,Small Business,Fe Male,4,4.0,Standard,3.0,Unmarried,6.0,0,5,1,3.0,Senior Manager,27886.0
4046,1,32.0,Self Enquiry,3,27.0,Salaried,Female,4,6.0,Deluxe,3.0,Married,5.0,1,3,0,3.0,Manager,23237.0
4047,0,42.0,Self Enquiry,3,16.0,Salaried,Male,4,4.0,Standard,3.0,Married,5.0,1,1,0,2.0,Senior Manager,26867.0
4048,0,27.0,Self Enquiry,2,32.0,Salaried,Female,4,4.0,Basic,3.0,Married,3.0,0,4,1,2.0,Executive,21620.0
4049,0,37.0,Self Enquiry,1,13.0,Small Business,Male,3,4.0,Deluxe,4.0,Married,8.0,0,4,0,2.0,Manager,23619.0
4050,1,52.0,Company Invited,1,15.0,Salaried,Male,3,6.0,Standard,3.0,Single,4.0,0,1,1,1.0,Senior Manager,29328.0
4051,0,40.0,Self Enquiry,3,11.0,Salaried,Female,3,5.0,Deluxe,3.0,Married,6.0,0,5,1,2.0,Manager,24580.0
4052,0,26.0,Self Enquiry,3,35.0,Salaried,Male,3,5.0,Deluxe,3.0,Married,4.0,0,4,1,2.0,Manager,27317.0
4053,0,31.0,Self Enquiry,2,16.0,Salaried,Male,3,4.0,Deluxe,3.0,Married,2.0,1,3,1,2.0,Manager,25025.0
4054,1,33.0,Self Enquiry,1,16.0,Small Business,Female,3,4.0,Basic,5.0,Unmarried,2.0,0,4,1,1.0,Executive,22878.0
4055,0,46.0,Self Enquiry,1,36.0,Small Business,Male,3,4.0,Basic,3.0,Unmarried,7.0,0,1,1,1.0,Executive,22130.0
4056,0,39.0,Self Enquiry,1,10.0,Large Business,Female,3,4.0,Deluxe,3.0,Unmarried,5.0,1,5,1,1.0,Manager,22995.0
4057,0,31.0,Self Enquiry,1,25.0,Salaried,Female,4,4.0,Basic,3.0,Unmarried,3.0,0,1,1,3.0,Executive,21310.0
4058,0,33.0,Company Invited,3,16.0,Small Business,Male,3,6.0,Deluxe,3.0,Married,2.0,0,1,0,2.0,Manager,23346.0
4059,0,31.0,Self Enquiry,1,12.0,Large Business,Female,3,4.0,Basic,5.0,Married,7.0,0,5,0,2.0,Executive,21882.0
4060,0,31.0,Self Enquiry,1,9.0,Small Business,Male,3,5.0,Basic,3.0,Unmarried,2.0,0,4,0,1.0,Executive,21398.0
4062,0,42.0,Self Enquiry,1,16.0,Salaried,Male,4,4.0,Basic,5.0,Married,4.0,0,1,0,1.0,Executive,20916.0
4063,0,20.0,Self Enquiry,1,10.0,Small Business,Female,4,4.0,Basic,4.0,Single,3.0,0,3,1,1.0,Executive,20161.0
4064,0,41.0,Company Invited,1,33.0,Small Business,Female,3,4.0,Deluxe,4.0,Married,3.0,0,1,0,2.0,Manager,24283.0
4065,0,36.0,Self Enquiry,3,7.0,Small Business,Male,4,4.0,Standard,4.0,Married,3.0,0,4,0,1.0,Senior Manager,25973.0
4066,0,54.0,Self Enquiry,3,13.0,Small Business,Male,3,4.0,Deluxe,3.0,Married,4.0,1,5,0,2.0,Manager,20984.0
4067,0,46.0,Self Enquiry,1,16.0,Salaried,Male,3,4.0,Deluxe,4.0,Married,2.0,0,4,1,1.0,Manager,21026.0
4068,0,33.0,Company Invited,3,15.0,Small Business,Fe Male,3,4.0,Standard,3.0,Unmarried,3.0,0,4,1,2.0,Senior Manager,27676.0
4069,0,30.0,Company Invited,1,7.0,Large Business,Male,3,4.0,Deluxe,3.0,Married,3.0,0,3,0,1.0,Manager,22997.0
4070,0,52.0,Self Enquiry,1,14.0,Small Business,Male,3,5.0,Deluxe,3.0,Married,4.0,0,3,1,2.0,Manager,24810.0
4071,0,59.0,Self Enquiry,1,16.0,Small Business,Female,4,5.0,Basic,4.0,Married,6.0,1,1,1,2.0,Executive,22024.0
4072,0,41.0,Self Enquiry,3,11.0,Small Business,Male,4,5.0,Standard,3.0,Married,2.0,0,1,1,2.0,Senior Manager,29533.0
4073,0,35.0,Company Invited,3,9.0,Small Business,Female,4,4.0,Basic,3.0,Married,8.0,0,5,0,1.0,Executive,20909.0
4074,0,23.0,Self Enquiry,1,26.0,Small Business,Male,4,4.0,Basic,3.0,Married,3.0,0,1,1,1.0,Executive,21001.0
4075,0,28.0,Company Invited,1,16.0,Small Business,Male,3,4.0,Basic,4.0,Married,8.0,0,3,1,2.0,Executive,20702.0
4076,0,29.0,Self Enquiry,1,28.0,Small Business,Male,3,4.0,Basic,3.0,Married,3.0,0,1,0,1.0,Executive,21391.0
4077,0,58.0,Self Enquiry,1,31.0,Salaried,Male,3,2.0,Standard,3.0,Married,5.0,1,4,1,1.0,Senior Manager,28117.0
4078,0,28.0,Company Invited,1,10.0,Small Business,Male,4,5.0,Basic,3.0,Married,3.0,1,1,0,3.0,Executive,21244.0
4080,0,42.0,Self Enquiry,1,21.0,Salaried,Male,3,4.0,Basic,3.0,Married,6.0,0,4,1,2.0,Executive,21129.0
4081,0,31.0,Self Enquiry,3,12.0,Salaried,Female,3,4.0,Standard,3.0,Married,4.0,0,4,1,2.0,Senior Manager,28097.0
4082,0,39.0,Self Enquiry,3,7.0,Salaried,Fe Male,3,5.0,Deluxe,3.0,Unmarried,6.0,0,1,0,2.0,Manager,27364.0
4083,0,33.0,Self Enquiry,1,13.0,Salaried,Male,3,4.0,Basic,3.0,Unmarried,5.0,0,1,0,2.0,Executive,21716.0
4084,0,28.0,Self Enquiry,1,24.0,Large Business,Male,3,4.0,Basic,4.0,Married,2.0,1,4,0,1.0,Executive,21736.0
4085,1,20.0,Company Invited,3,7.0,Large Business,Female,4,6.0,Basic,5.0,Single,2.0,0,3,1,1.0,Executive,21003.0
4086,0,37.0,Company Invited,1,10.0,Small Business,Male,2,4.0,Basic,4.0,Single,6.0,0,4,1,1.0,Executive,20766.0
4087,0,31.0,Company Invited,1,16.0,Small Business,Male,4,4.0,Deluxe,5.0,Married,3.0,0,1,1,2.0,Manager,21750.0
4088,0,46.0,Self Enquiry,3,11.0,Salaried,Female,2,4.0,Deluxe,5.0,Married,6.0,1,4,0,1.0,Manager,23684.0
4089,0,57.0,Self Enquiry,1,15.0,Salaried,Female,4,4.0,Basic,5.0,Married,6.0,1,4,1,2.0,Executive,22935.0
4090,0,34.0,Self Enquiry,1,9.0,Salaried,Male,3,4.0,Basic,3.0,Single,2.0,0,3,1,1.0,Executive,21178.0
4092,0,47.0,Self Enquiry,3,7.0,Small Business,Female,4,4.0,Standard,5.0,Married,3.0,0,1,1,3.0,Senior Manager,29131.0
4093,0,39.0,Self Enquiry,1,16.0,Salaried,Female,4,4.0,Basic,3.0,Single,3.0,0,1,1,3.0,Executive,20966.0
4094,0,32.0,Self Enquiry,1,19.0,Small Business,Female,4,4.0,Basic,3.0,Married,2.0,1,4,1,2.0,Executive,22607.0
4095,0,35.0,Self Enquiry,1,34.0,Small Business,Female,4,4.0,Basic,4.0,Single,4.0,0,3,0,1.0,Executive,20989.0
4096,1,42.0,Self Enquiry,3,27.0,Small Business,Female,4,4.0,Basic,4.0,Unmarried,3.0,1,4,0,2.0,Executive,21818.0
4097,0,51.0,Self Enquiry,1,7.0,Small Business,Male,3,5.0,Basic,3.0,Married,4.0,0,3,1,1.0,Executive,22368.0
4098,0,54.0,Self Enquiry,1,20.0,Small Business,Female,3,2.0,Deluxe,5.0,Married,3.0,0,1,1,1.0,Manager,23128.0
4099,0,34.0,Self Enquiry,1,21.0,Small Business,Female,4,4.0,Basic,4.0,Married,3.0,0,5,1,2.0,Executive,21434.0
4102,0,35.0,Company Invited,1,9.0,Salaried,Male,3,5.0,Deluxe,3.0,Married,3.0,0,4,0,2.0,Manager,28225.0
4103,0,52.0,Self Enquiry,1,10.0,Small Business,Female,4,4.0,Super Deluxe,4.0,Single,5.0,0,5,1,2.0,AVP,32412.0
4105,0,28.0,Self Enquiry,1,16.0,Small Business,Female,5,4.0,Basic,4.0,Single,3.0,0,3,0,2.0,Executive,20957.0
4106,1,36.0,Self Enquiry,1,30.0,Salaried,Male,3,5.0,Deluxe,3.0,Married,5.0,1,4,1,1.0,Manager,24594.0
4107,0,44.0,Company Invited,1,14.0,Small Business,Male,3,2.0,Basic,3.0,Married,6.0,0,4,1,1.0,Executive,20767.0
4109,0,38.0,Self Enquiry,1,28.0,Salaried,Male,4,2.0,Basic,5.0,Married,3.0,1,3,1,1.0,Executive,22242.0
4110,0,36.0,Company Invited,1,9.0,Small Business,Female,3,4.0,Deluxe,4.0,Unmarried,7.0,0,1,0,1.0,Manager,23103.0
4111,0,43.0,Company Invited,1,28.0,Small Business,Female,3,4.0,Deluxe,3.0,Married,4.0,0,1,0,1.0,Manager,23943.0
4112,0,39.0,Self Enquiry,1,9.0,Salaried,Male,3,4.0,Deluxe,3.0,Married,2.0,0,1,1,2.0,Manager,25231.0
4113,0,39.0,Self Enquiry,1,36.0,Large Business,Male,3,4.0,Deluxe,3.0,Married,5.0,0,1,0,1.0,Manager,24939.0
4114,0,28.0,Company Invited,1,7.0,Large Business,Male,3,5.0,Deluxe,5.0,Married,7.0,0,3,1,1.0,Manager,22976.0
4115,0,50.0,Company Invited,1,25.0,Salaried,Male,4,4.0,Deluxe,3.0,Married,3.0,1,1,0,1.0,Manager,25482.0
4116,0,35.0,Company Invited,1,17.0,Small Business,Male,3,4.0,Basic,3.0,Married,3.0,1,3,1,2.0,Executive,22493.0
4117,0,41.0,Self Enquiry,1,26.0,Small Business,Male,2,4.0,Deluxe,3.0,Married,2.0,1,1,1,1.0,Manager,21419.0
4118,1,39.0,Self Enquiry,1,36.0,Small Business,Male,4,4.0,Deluxe,5.0,Married,2.0,1,3,1,3.0,Manager,25351.0
4119,1,30.0,Self Enquiry,3,34.0,Small Business,Female,3,4.0,Standard,3.0,Married,3.0,0,3,0,1.0,Senior Manager,26317.0
4120,0,23.0,Self Enquiry,1,12.0,Salaried,Male,3,2.0,Basic,4.0,Married,3.0,1,4,1,1.0,Executive,21006.0
4121,0,37.0,Company Invited,1,25.0,Small Business,Female,4,4.0,Basic,3.0,Single,3.0,0,3,0,2.0,Executive,20831.0
4122,0,41.0,Company Invited,1,16.0,Salaried,Male,4,5.0,Deluxe,3.0,Married,2.0,0,5,0,2.0,Manager,23554.0
4123,0,47.0,Self Enquiry,1,7.0,Small Business,Male,4,4.0,Standard,5.0,Married,2.0,0,1,0,3.0,Senior Manager,28074.0
4124,1,33.0,Self Enquiry,3,11.0,Small Business,Male,3,6.0,Standard,3.0,Married,3.0,0,1,1,1.0,Senior Manager,29078.0
4125,0,31.0,Company Invited,1,7.0,Salaried,Male,3,5.0,Standard,3.0,Unmarried,3.0,0,5,1,2.0,Senior Manager,27152.0
4126,0,28.0,Company Invited,3,27.0,Salaried,Female,3,4.0,Deluxe,3.0,Single,3.0,0,1,1,2.0,Manager,28659.0
4127,0,52.0,Self Enquiry,1,15.0,Salaried,Male,3,5.0,Standard,4.0,Married,7.0,0,3,1,2.0,Senior Manager,31168.0
4128,1,31.0,Self Enquiry,1,10.0,Large Business,Female,3,4.0,Basic,5.0,Unmarried,7.0,1,4,0,1.0,Executive,21335.0
4129,0,42.0,Self Enquiry,3,13.0,Salaried,Female,4,4.0,Standard,3.0,Single,5.0,1,1,0,1.0,Senior Manager,32269.0
4130,1,31.0,Company Invited,3,33.0,Small Business,Fe Male,3,5.0,Deluxe,5.0,Unmarried,7.0,0,1,1,2.0,Manager,25374.0
4131,1,30.0,Self Enquiry,1,7.0,Large Business,Male,3,4.0,Basic,3.0,Single,2.0,0,1,0,1.0,Executive,20736.0
4132,0,46.0,Company Invited,3,13.0,Small Business,Fe Male,3,5.0,Standard,3.0,Unmarried,8.0,0,4,1,1.0,Senior Manager,27543.0
4133,0,55.0,Self Enquiry,3,10.0,Small Business,Female,3,4.0,Deluxe,5.0,Married,4.0,0,4,1,1.0,Manager,24618.0
4134,0,37.0,Self Enquiry,1,12.0,Salaried,Male,4,4.0,Deluxe,4.0,Unmarried,2.0,0,1,1,2.0,Manager,24592.0
4135,0,34.0,Self Enquiry,1,11.0,Small Business,Female,3,5.0,Basic,4.0,Married,8.0,0,4,0,2.0,Executive,21300.0
4136,0,38.0,Company Invited,1,18.0,Salaried,Male,3,4.0,Standard,3.0,Married,3.0,1,3,1,2.0,Senior Manager,30863.0
4137,0,39.0,Self Enquiry,3,10.0,Salaried,Male,4,4.0,Standard,3.0,Married,2.0,0,1,1,2.0,Senior Manager,29287.0
4138,0,32.0,Company Invited,1,7.0,Small Business,Male,3,6.0,Deluxe,3.0,Married,2.0,0,3,0,1.0,Manager,23023.0
4139,0,60.0,Self Enquiry,1,10.0,Salaried,Male,4,5.0,Basic,3.0,Married,5.0,0,3,0,1.0,Executive,20855.0
4140,0,38.0,Company Invited,3,11.0,Small Business,Male,3,4.0,Basic,3.0,Married,6.0,0,4,1,1.0,Executive,21471.0
4141,0,30.0,Company Invited,3,7.0,Small Business,Female,3,4.0,Standard,3.0,Married,3.0,0,3,1,2.0,Senior Manager,26596.0
4142,0,36.0,Company Invited,3,7.0,Small Business,Fe Male,4,4.0,Standard,3.0,Unmarried,3.0,0,5,1,1.0,Senior Manager,27467.0
4143,1,30.0,Self Enquiry,1,25.0,Small Business,Male,3,5.0,Basic,3.0,Single,3.0,1,3,0,1.0,Executive,21067.0
4144,0,53.0,Self Enquiry,1,9.0,Salaried,Female,3,5.0,Basic,3.0,Unmarried,2.0,0,3,1,1.0,Executive,21890.0
4146,0,60.0,Self Enquiry,2,13.0,Small Business,Male,3,4.0,Basic,3.0,Married,2.0,0,4,0,1.0,Executive,20945.0
4148,1,34.0,Self Enquiry,1,21.0,Small Business,Male,3,4.0,Basic,3.0,Married,7.0,1,1,1,2.0,Executive,21114.0
4150,1,34.0,Self Enquiry,1,9.0,Salaried,Female,3,4.0,Basic,5.0,Married,2.0,0,3,1,2.0,Executive,21385.0
4152,0,33.0,Self Enquiry,3,11.0,Salaried,Female,3,4.0,Basic,4.0,Married,4.0,0,3,1,2.0,Executive,22609.0
4153,1,33.0,Self Enquiry,1,7.0,Salaried,Male,4,5.0,Basic,3.0,Unmarried,2.0,1,5,0,3.0,Executive,22408.0
4154,0,40.0,Self Enquiry,1,7.0,Small Business,Female,4,4.0,Basic,3.0,Married,2.0,0,3,1,1.0,Executive,20910.0
4155,0,33.0,Company Invited,3,33.0,Small Business,Male,4,4.0,Deluxe,3.0,Married,2.0,0,4,1,2.0,Manager,23143.0
4156,0,42.0,Self Enquiry,1,26.0,Salaried,Male,3,4.0,Deluxe,5.0,Married,4.0,0,1,0,1.0,Manager,21750.0
4157,0,41.0,Self Enquiry,1,31.0,Large Business,Male,4,4.0,Deluxe,3.0,Married,3.0,0,3,1,2.0,Manager,21997.0
4159,0,32.0,Company Invited,1,10.0,Small Business,Male,4,4.0,Standard,3.0,Married,2.0,0,4,1,1.0,Senior Manager,32353.0
4160,0,34.0,Self Enquiry,1,12.0,Salaried,Female,4,5.0,Basic,3.0,Married,3.0,0,1,0,1.0,Executive,21589.0
4161,0,35.0,Self Enquiry,1,9.0,Salaried,Male,3,5.0,Deluxe,5.0,Married,8.0,0,4,0,2.0,Manager,24635.0
4162,0,38.0,Self Enquiry,1,7.0,Small Business,Female,3,5.0,Basic,5.0,Married,4.0,0,4,0,2.0,Executive,22598.0
4163,0,46.0,Company Invited,1,14.0,Salaried,Male,4,2.0,Deluxe,3.0,Married,6.0,0,1,1,1.0,Manager,25112.0
4164,1,38.0,Company Invited,1,17.0,Small Business,Male,4,4.0,Standard,3.0,Married,8.0,0,3,0,3.0,Senior Manager,28726.0
4165,0,40.0,Company Invited,1,9.0,Large Business,Female,4,4.0,Standard,3.0,Single,2.0,0,1,1,3.0,Senior Manager,29616.0
4166,0,30.0,Self Enquiry,1,22.0,Salaried,Male,3,4.0,Basic,3.0,Single,3.0,0,3,1,2.0,Executive,21018.0
4167,0,43.0,Self Enquiry,1,24.0,Salaried,Fe Male,3,2.0,Deluxe,5.0,Unmarried,5.0,1,1,1,2.0,Manager,25223.0
4168,0,30.0,Self Enquiry,3,27.0,Small Business,Male,3,4.0,Deluxe,3.0,Married,4.0,0,1,1,1.0,Manager,25609.0
4169,0,26.0,Self Enquiry,1,7.0,Salaried,Female,4,4.0,Deluxe,3.0,Married,2.0,0,3,1,2.0,Manager,23576.0
4170,0,43.0,Self Enquiry,1,9.0,Small Business,Female,3,5.0,Basic,5.0,Married,2.0,1,4,1,2.0,Executive,21271.0
4172,0,52.0,Self Enquiry,1,7.0,Salaried,Male,4,4.0,Basic,3.0,Married,3.0,0,4,1,1.0,Executive,21401.0
4173,1,32.0,Company Invited,1,36.0,Small Business,Male,4,5.0,Basic,4.0,Unmarried,2.0,0,3,0,3.0,Executive,22157.0
4174,0,33.0,Company Invited,1,14.0,Salaried,Male,4,2.0,Basic,4.0,Married,3.0,0,1,0,2.0,Executive,21472.0
4175,0,39.0,Company Invited,3,9.0,Salaried,Male,3,5.0,Deluxe,3.0,Married,5.0,0,5,1,2.0,Manager,23927.0
4176,0,33.0,Self Enquiry,1,9.0,Large Business,Male,3,5.0,Deluxe,5.0,Single,6.0,0,4,0,2.0,Manager,20854.0
4177,0,47.0,Self Enquiry,3,9.0,Large Business,Female,4,6.0,Super Deluxe,4.0,Married,5.0,1,5,1,1.0,AVP,35550.0
4178,1,29.0,Self Enquiry,1,9.0,Salaried,Male,4,4.0,Basic,3.0,Unmarried,4.0,0,4,0,2.0,Executive,22163.0
4179,0,30.0,Self Enquiry,3,9.0,Small Business,Male,4,5.0,Deluxe,4.0,Married,4.0,0,4,1,1.0,Manager,25322.0
4180,0,32.0,Self Enquiry,1,30.0,Small Business,Male,4,5.0,Deluxe,3.0,Married,2.0,0,3,0,2.0,Manager,24260.0
4181,0,26.0,Company Invited,1,12.0,Salaried,Male,3,2.0,Deluxe,5.0,Married,3.0,0,5,1,2.0,Manager,22678.0
4182,0,46.0,Self Enquiry,1,27.0,Small Business,Male,4,4.0,Super Deluxe,3.0,Married,2.0,1,3,1,2.0,AVP,32174.0
4183,0,37.0,Self Enquiry,1,13.0,Salaried,Male,3,4.0,Basic,3.0,Married,2.0,0,5,1,2.0,Executive,21888.0
4185,1,48.0,Company Invited,1,36.0,Salaried,Male,3,4.0,Standard,4.0,Married,3.0,1,3,1,1.0,Senior Manager,30527.0
4186,0,29.0,Self Enquiry,1,16.0,Small Business,Male,4,4.0,Basic,3.0,Married,3.0,0,1,1,1.0,Executive,20748.0
4187,0,38.0,Self Enquiry,3,13.0,Small Business,Male,4,4.0,Deluxe,3.0,Married,6.0,0,3,1,1.0,Manager,25180.0
4188,0,22.0,Self Enquiry,1,10.0,Small Business,Male,4,5.0,Basic,3.0,Unmarried,3.0,0,5,1,3.0,Executive,21908.0
4189,0,38.0,Company Invited,1,7.0,Small Business,Female,4,4.0,Standard,3.0,Married,4.0,1,3,0,1.0,Senior Manager,32281.0
4190,0,36.0,Self Enquiry,1,29.0,Salaried,Female,4,2.0,Standard,4.0,Married,2.0,0,5,1,3.0,Senior Manager,30674.0
4191,0,39.0,Self Enquiry,3,14.0,Small Business,Female,3,2.0,Deluxe,5.0,Married,3.0,1,3,1,2.0,Manager,24283.0
4192,0,27.0,Company Invited,1,7.0,Salaried,Female,3,4.0,Deluxe,4.0,Married,3.0,0,5,1,2.0,Manager,25075.0
4195,0,43.0,Self Enquiry,3,7.0,Salaried,Male,2,4.0,Deluxe,3.0,Married,3.0,0,3,1,1.0,Manager,23585.0
4196,0,30.0,Company Invited,3,9.0,Salaried,Male,3,4.0,Deluxe,3.0,Unmarried,3.0,0,1,0,2.0,Manager,23232.0
4197,0,56.0,Self Enquiry,1,27.0,Large Business,Male,3,4.0,Deluxe,3.0,Married,5.0,1,1,0,1.0,Manager,24093.0
4198,0,27.0,Company Invited,1,18.0,Small Business,Male,3,4.0,Deluxe,5.0,Married,3.0,1,3,1,1.0,Manager,23419.0
4199,0,38.0,Self Enquiry,1,7.0,Salaried,Female,3,4.0,Basic,3.0,Single,3.0,0,1,1,1.0,Executive,20793.0
4200,1,45.0,Company Invited,1,31.0,Salaried,Male,3,4.0,Basic,3.0,Married,5.0,1,5,0,2.0,Executive,21839.0
4201,0,39.0,Self Enquiry,1,30.0,Salaried,Male,3,4.0,Deluxe,3.0,Married,2.0,0,3,0,2.0,Manager,24423.0
4202,1,27.0,Self Enquiry,1,23.0,Small Business,Male,3,4.0,Basic,4.0,Married,4.0,1,1,1,1.0,Executive,21051.0
4203,0,29.0,Self Enquiry,1,15.0,Salaried,Female,4,4.0,Basic,3.0,Unmarried,3.0,0,4,1,2.0,Executive,21988.0
4205,0,37.0,Self Enquiry,1,10.0,Large Business,Male,2,4.0,Deluxe,4.0,Unmarried,6.0,0,1,1,1.0,Manager,23163.0
4206,0,32.0,Company Invited,3,12.0,Small Business,Female,3,4.0,Basic,4.0,Married,3.0,0,3,0,1.0,Executive,21467.0
4207,1,27.0,Self Enquiry,3,11.0,Small Business,Male,3,5.0,Deluxe,3.0,Unmarried,3.0,1,1,1,1.0,Manager,24506.0
4208,0,38.0,Company Invited,1,16.0,Small Business,Male,3,4.0,Basic,3.0,Married,3.0,1,1,0,2.0,Executive,21004.0
4209,0,43.0,Company Invited,3,33.0,Small Business,Female,4,4.0,Super Deluxe,4.0,Married,7.0,0,3,1,2.0,AVP,32203.0
4210,1,19.0,Self Enquiry,1,10.0,Small Business,Male,3,4.0,Basic,3.0,Single,3.0,0,4,1,1.0,Executive,20098.0
4211,0,36.0,Self Enquiry,3,23.0,Small Business,Male,4,4.0,Standard,4.0,Married,2.0,0,1,1,2.0,Senior Manager,26698.0
4212,0,37.0,Company Invited,1,25.0,Salaried,Male,3,2.0,Basic,3.0,Married,6.0,0,5,1,2.0,Executive,22366.0
4213,0,52.0,Self Enquiry,1,9.0,Small Business,Male,3,6.0,Deluxe,4.0,Married,7.0,0,1,0,2.0,Manager,24160.0
4216,0,29.0,Self Enquiry,1,23.0,Small Business,Male,4,2.0,Deluxe,5.0,Unmarried,2.0,0,5,0,2.0,Manager,24339.0
4217,0,32.0,Self Enquiry,3,14.0,Large Business,Male,4,2.0,Deluxe,3.0,Married,6.0,0,1,1,2.0,Manager,25607.0
4218,0,40.0,Self Enquiry,1,7.0,Small Business,Male,3,2.0,Standard,3.0,Married,2.0,0,3,1,1.0,Senior Manager,28291.0
4219,0,37.0,Company Invited,1,31.0,Salaried,Female,3,4.0,Deluxe,4.0,Married,2.0,0,3,1,2.0,Manager,24352.0
4220,0,33.0,Self Enquiry,3,14.0,Salaried,Male,4,5.0,Deluxe,3.0,Married,3.0,0,3,1,1.0,Manager,24162.0
4221,0,39.0,Self Enquiry,1,32.0,Salaried,Female,3,5.0,Standard,4.0,Married,5.0,0,3,0,2.0,Senior Manager,30739.0
4222,0,59.0,Company Invited,1,7.0,Salaried,Male,3,6.0,Deluxe,3.0,Married,4.0,1,1,1,2.0,Manager,24338.0
4223,0,32.0,Self Enquiry,1,12.0,Large Business,Male,3,4.0,Basic,3.0,Married,2.0,1,4,1,1.0,Executive,23499.0
4224,0,32.0,Self Enquiry,2,9.0,Salaried,Male,4,5.0,Deluxe,5.0,Married,5.0,0,3,0,3.0,Manager,25088.0
4225,0,46.0,Company Invited,1,14.0,Salaried,Male,4,4.0,Standard,5.0,Married,3.0,0,1,1,1.0,Senior Manager,23888.0
4226,0,32.0,Self Enquiry,1,9.0,Salaried,Male,3,4.0,Basic,3.0,Married,2.0,1,4,1,2.0,Executive,21373.0
4227,0,34.0,Company Invited,1,12.0,Salaried,Female,4,4.0,Standard,4.0,Married,8.0,0,3,1,2.0,Senior Manager,30556.0
4229,0,44.0,Company Invited,1,17.0,Salaried,Female,3,4.0,Basic,3.0,Single,2.0,0,5,0,1.0,Executive,21133.0
4230,0,50.0,Self Enquiry,1,7.0,Large Business,Female,3,5.0,Super Deluxe,3.0,Single,2.0,1,3,0,1.0,AVP,32642.0
4231,1,53.0,Self Enquiry,1,15.0,Small Business,Male,3,5.0,Deluxe,4.0,Married,4.0,0,1,1,1.0,Manager,23619.0
4232,0,28.0,Self Enquiry,1,12.0,Salaried,Female,3,4.0,Basic,4.0,Single,3.0,1,3,0,2.0,Executive,21156.0
4233,0,33.0,Self Enquiry,3,15.0,Large Business,Female,4,5.0,Deluxe,4.0,Married,3.0,1,1,1,3.0,Manager,23906.0
4234,0,28.0,Self Enquiry,3,9.0,Salaried,Male,4,4.0,Deluxe,3.0,Unmarried,3.0,1,4,0,2.0,Manager,23156.0
4235,0,32.0,Self Enquiry,3,14.0,Small Business,Male,4,4.0,Deluxe,3.0,Married,6.0,0,1,0,1.0,Manager,26225.0
4236,0,33.0,Self Enquiry,1,9.0,Small Business,Fe Male,4,2.0,Deluxe,3.0,Unmarried,2.0,0,3,0,1.0,Manager,23733.0
4237,1,29.0,Self Enquiry,1,9.0,Small Business,Male,3,6.0,Basic,3.0,Married,7.0,1,3,1,2.0,Executive,22142.0
4238,0,31.0,Self Enquiry,1,35.0,Small Business,Female,4,4.0,Deluxe,3.0,Married,3.0,0,3,1,3.0,Manager,24453.0
4239,0,32.0,Company Invited,1,14.0,Salaried,Female,3,5.0,Standard,3.0,Married,3.0,0,1,1,1.0,Senior Manager,27621.0
4241,1,40.0,Self Enquiry,3,10.0,Small Business,Female,3,4.0,Deluxe,3.0,Married,6.0,1,4,1,2.0,Manager,23916.0
4242,0,34.0,Company Invited,3,17.0,Small Business,Male,3,5.0,Deluxe,3.0,Unmarried,5.0,0,3,1,1.0,Manager,23360.0
4244,0,44.0,Company Invited,1,17.0,Salaried,Female,3,5.0,Deluxe,3.0,Married,3.0,0,3,1,1.0,Manager,23935.0
4245,0,28.0,Company Invited,3,7.0,Small Business,Male,4,4.0,Deluxe,4.0,Married,2.0,1,1,0,2.0,Manager,25027.0
4246,0,55.0,Company Invited,1,27.0,Salaried,Fe Male,3,4.0,Deluxe,3.0,Unmarried,5.0,0,4,0,2.0,Manager,23547.0
4247,0,44.0,Self Enquiry,1,14.0,Salaried,Female,3,4.0,Standard,5.0,Married,2.0,0,5,1,1.0,Senior Manager,28663.0
4248,0,46.0,Self Enquiry,1,15.0,Salaried,Male,4,4.0,Deluxe,3.0,Married,2.0,0,3,1,1.0,Manager,22375.0
4249,0,41.0,Self Enquiry,3,7.0,Small Business,Male,3,6.0,Deluxe,3.0,Married,4.0,1,3,1,1.0,Manager,26135.0
4250,1,30.0,Self Enquiry,1,15.0,Salaried,Male,4,6.0,Basic,5.0,Married,3.0,1,3,0,2.0,Executive,20797.0
4251,0,30.0,Self Enquiry,1,16.0,Salaried,Male,2,5.0,Basic,3.0,Unmarried,2.0,0,1,1,1.0,Executive,22661.0
4252,0,31.0,Self Enquiry,3,12.0,Small Business,Female,2,5.0,Deluxe,3.0,Married,3.0,0,1,1,1.0,Manager,24796.0
4253,0,28.0,Self Enquiry,3,15.0,Small Business,Female,3,4.0,Deluxe,4.0,Married,3.0,0,1,0,2.0,Manager,24892.0
4254,0,38.0,Self Enquiry,1,12.0,Small Business,Male,4,4.0,Deluxe,3.0,Married,2.0,0,3,1,3.0,Manager,25025.0
4255,0,39.0,Self Enquiry,1,22.0,Salaried,Male,4,5.0,Standard,3.0,Married,2.0,1,5,1,3.0,Senior Manager,30188.0
4256,0,32.0,Self Enquiry,1,14.0,Small Business,Fe Male,3,4.0,Standard,3.0,Unmarried,3.0,1,4,1,2.0,Senior Manager,25821.0
4257,0,30.0,Self Enquiry,3,17.0,Small Business,Female,3,5.0,Deluxe,4.0,Married,3.0,1,5,1,1.0,Manager,26946.0
4258,0,36.0,Self Enquiry,1,12.0,Large Business,Male,4,4.0,Standard,4.0,Unmarried,2.0,0,3,1,2.0,Senior Manager,26773.0
4259,0,24.0,Self Enquiry,1,33.0,Salaried,Male,3,4.0,Basic,3.0,Married,3.0,0,1,0,2.0,Executive,21582.0
4260,0,42.0,Self Enquiry,1,13.0,Small Business,Male,4,5.0,Deluxe,4.0,Unmarried,8.0,1,3,1,3.0,Manager,24710.0
4261,0,48.0,Company Invited,3,11.0,Small Business,Male,4,4.0,Deluxe,3.0,Unmarried,5.0,0,4,0,3.0,Manager,21654.0
4263,0,30.0,Company Invited,3,9.0,Salaried,Male,4,4.0,Deluxe,3.0,Married,3.0,0,1,1,2.0,Manager,23327.0
4264,0,43.0,Self Enquiry,2,9.0,Large Business,Male,3,4.0,Basic,3.0,Married,2.0,1,4,1,2.0,Executive,21374.0
4265,0,33.0,Self Enquiry,1,9.0,Small Business,Female,4,4.0,Basic,4.0,Married,3.0,0,4,0,2.0,Executive,21048.0
4266,0,49.0,Self Enquiry,3,36.0,Small Business,Female,4,4.0,Standard,3.0,Married,5.0,0,4,0,2.0,Senior Manager,31182.0
4267,0,38.0,Self Enquiry,1,13.0,Small Business,Male,3,2.0,Deluxe,5.0,Married,6.0,1,3,1,2.0,Manager,24652.0
4268,0,31.0,Company Invited,3,32.0,Large Business,Female,3,4.0,Deluxe,3.0,Married,2.0,1,3,1,2.0,Manager,23414.0
4269,0,27.0,Self Enquiry,3,7.0,Salaried,Male,3,4.0,Deluxe,3.0,Married,3.0,0,5,0,2.0,Manager,23974.0
4270,0,43.0,Self Enquiry,1,9.0,Salaried,Male,4,5.0,Deluxe,3.0,Unmarried,5.0,0,1,1,1.0,Manager,25459.0
4271,1,22.0,Company Invited,3,7.0,Large Business,Female,4,5.0,Basic,4.0,Single,3.0,1,5,1,3.0,Executive,20852.0
4272,0,37.0,Company Invited,3,7.0,Small Business,Fe Male,3,4.0,Deluxe,3.0,Unmarried,6.0,0,1,1,2.0,Manager,25331.0
4273,0,37.0,Company Invited,3,10.0,Small Business,Male,3,5.0,Standard,3.0,Married,6.0,0,1,0,1.0,Senior Manager,28377.0
4274,0,58.0,Self Enquiry,1,7.0,Small Business,Male,3,4.0,Deluxe,3.0,Married,4.0,0,3,0,2.0,Manager,25433.0
4275,0,41.0,Self Enquiry,1,17.0,Salaried,Female,3,2.0,Basic,3.0,Married,5.0,1,3,0,2.0,Executive,20891.0
4276,0,22.0,Company Invited,3,16.0,Small Business,Male,3,4.0,Basic,3.0,Unmarried,3.0,0,4,1,1.0,Executive,21288.0
4277,1,34.0,Self Enquiry,3,12.0,Small Business,Female,3,4.0,Basic,3.0,Unmarried,3.0,1,1,0,2.0,Executive,21529.0
4278,0,38.0,Self Enquiry,1,17.0,Small Business,Female,4,4.0,Basic,5.0,Married,8.0,0,1,1,3.0,Executive,22130.0
4279,0,47.0,Company Invited,1,14.0,Small Business,Female,2,4.0,Deluxe,3.0,Married,4.0,0,5,1,1.0,Manager,23936.0
4280,1,42.0,Company Invited,3,11.0,Small Business,Male,3,4.0,Deluxe,4.0,Unmarried,3.0,0,3,1,1.0,Manager,28033.0
4281,0,51.0,Self Enquiry,1,17.0,Large Business,Male,4,5.0,Standard,3.0,Single,8.0,0,5,1,2.0,Senior Manager,29174.0
4282,1,41.0,Self Enquiry,3,29.0,Small Business,Male,4,5.0,Deluxe,3.0,Married,4.0,1,3,1,1.0,Manager,25058.0
4283,0,32.0,Self Enquiry,1,16.0,Salaried,Male,3,5.0,Basic,4.0,Unmarried,2.0,1,3,1,1.0,Executive,21335.0
4284,1,22.0,Self Enquiry,3,19.0,Salaried,Female,3,2.0,Basic,4.0,Unmarried,3.0,0,5,0,2.0,Executive,21394.0
4285,0,30.0,Self Enquiry,1,30.0,Salaried,Male,3,4.0,Basic,3.0,Single,2.0,0,3,0,1.0,Executive,20879.0
4286,0,36.0,Self Enquiry,1,16.0,Salaried,Male,4,5.0,Deluxe,4.0,Unmarried,2.0,0,1,0,2.0,Manager,25218.0
4287,0,28.0,Self Enquiry,1,7.0,Small Business,Male,3,4.0,Basic,4.0,Married,3.0,0,3,0,1.0,Executive,22494.0
4288,0,29.0,Self Enquiry,3,16.0,Salaried,Male,4,4.0,Deluxe,3.0,Unmarried,3.0,0,3,1,2.0,Manager,23931.0
4289,0,50.0,Self Enquiry,1,14.0,Salaried,Male,3,5.0,Standard,3.0,Single,2.0,0,1,1,1.0,Senior Manager,29643.0
4290,0,52.0,Self Enquiry,3,21.0,Salaried,Female,3,4.0,Deluxe,3.0,Married,6.0,0,3,1,1.0,Manager,23614.0
4291,0,37.0,Self Enquiry,1,9.0,Salaried,Female,4,4.0,Basic,3.0,Married,6.0,0,5,1,1.0,Executive,21221.0
4292,1,35.0,Company Invited,3,26.0,Small Business,Male,4,2.0,Deluxe,3.0,Unmarried,2.0,1,1,0,1.0,Manager,23982.0
4294,0,25.0,Self Enquiry,3,17.0,Small Business,Female,4,4.0,Deluxe,3.0,Married,3.0,1,1,0,1.0,Manager,22938.0
4295,0,31.0,Self Enquiry,3,9.0,Large Business,Male,4,4.0,Basic,4.0,Married,3.0,0,3,1,1.0,Executive,21154.0
4296,1,27.0,Company Invited,1,10.0,Large Business,Male,4,4.0,Basic,5.0,Unmarried,2.0,0,3,0,2.0,Executive,21780.0
4297,0,23.0,Self Enquiry,1,18.0,Small Business,Female,3,4.0,Basic,4.0,Married,3.0,0,1,1,2.0,Executive,20922.0
4298,0,37.0,Self Enquiry,3,9.0,Small Business,Male,4,5.0,Standard,3.0,Married,3.0,0,1,1,2.0,Senior Manager,26274.0
4299,1,31.0,Company Invited,1,11.0,Large Business,Male,3,4.0,Basic,3.0,Single,2.0,1,4,1,1.0,Executive,20963.0
4300,0,38.0,Self Enquiry,1,21.0,Salaried,Female,4,4.0,Basic,5.0,Married,3.0,0,4,1,2.0,Executive,21712.0
4301,0,41.0,Self Enquiry,3,9.0,Small Business,Female,3,4.0,Deluxe,4.0,Married,2.0,0,1,0,1.0,Manager,24393.0
4302,0,43.0,Self Enquiry,1,7.0,Salaried,Female,4,4.0,Basic,5.0,Married,5.0,0,3,0,3.0,Executive,21254.0
4303,0,38.0,Self Enquiry,1,17.0,Salaried,Male,3,4.0,Deluxe,4.0,Unmarried,4.0,1,5,0,2.0,Manager,22875.0
4304,0,44.0,Self Enquiry,1,19.0,Salaried,Male,3,5.0,Super Deluxe,4.0,Married,3.0,0,3,1,2.0,AVP,33014.0
4305,0,41.0,Self Enquiry,1,9.0,Small Business,Female,4,5.0,Deluxe,3.0,Married,8.0,0,5,1,2.0,Manager,22126.0
4307,0,35.0,Company Invited,3,11.0,Small Business,Female,4,4.0,Deluxe,3.0,Married,2.0,0,1,0,1.0,Manager,25216.0
4308,0,32.0,Self Enquiry,1,14.0,Small Business,Female,3,4.0,Deluxe,5.0,Married,3.0,0,1,1,1.0,Manager,22984.0
4309,0,44.0,Company Invited,1,28.0,Small Business,Male,4,4.0,Basic,3.0,Married,2.0,0,4,1,3.0,Executive,20936.0
4310,0,44.0,Self Enquiry,1,15.0,Salaried,Female,4,4.0,Deluxe,3.0,Married,6.0,1,1,1,1.0,Manager,23200.0
4311,0,26.0,Self Enquiry,3,11.0,Salaried,Female,4,5.0,Deluxe,3.0,Unmarried,3.0,1,1,0,3.0,Manager,23165.0
4312,0,38.0,Company Invited,1,32.0,Small Business,Female,4,4.0,Deluxe,3.0,Married,5.0,1,3,1,3.0,Manager,23127.0
4313,0,32.0,Self Enquiry,1,7.0,Salaried,Male,4,5.0,Basic,5.0,Married,3.0,0,4,1,2.0,Executive,20896.0
4315,0,57.0,Company Invited,3,13.0,Salaried,Female,3,2.0,Super Deluxe,5.0,Married,2.0,0,3,1,1.0,AVP,31890.0
4316,0,31.0,Self Enquiry,3,19.0,Large Business,Fe Male,3,4.0,Deluxe,3.0,Unmarried,2.0,0,1,1,2.0,Manager,25255.0
4317,0,42.0,Self Enquiry,3,7.0,Small Business,Male,3,2.0,Standard,5.0,Married,3.0,0,3,1,2.0,Senior Manager,27070.0
4318,0,29.0,Self Enquiry,1,24.0,Small Business,Male,4,4.0,Deluxe,5.0,Married,3.0,0,1,0,2.0,Manager,23236.0
4319,1,26.0,Self Enquiry,1,10.0,Small Business,Male,4,4.0,Basic,5.0,Married,7.0,0,5,1,2.0,Executive,22709.0
4320,0,53.0,Self Enquiry,1,10.0,Small Business,Male,3,5.0,Standard,3.0,Married,4.0,1,1,1,1.0,Senior Manager,26647.0
4321,0,46.0,Self Enquiry,1,17.0,Salaried,Male,4,4.0,Basic,3.0,Married,5.0,0,5,0,3.0,Executive,21332.0
4323,0,43.0,Company Invited,1,36.0,Salaried,Female,4,4.0,Deluxe,3.0,Married,4.0,0,3,1,2.0,Manager,23234.0
4324,0,31.0,Self Enquiry,1,9.0,Salaried,Fe Male,3,6.0,Deluxe,3.0,Unmarried,4.0,0,1,1,1.0,Manager,24769.0
4325,0,61.0,Self Enquiry,1,14.0,Salaried,Female,3,4.0,King,5.0,Married,7.0,0,5,1,1.0,VP,38244.0
4326,0,47.0,Self Enquiry,1,25.0,Small Business,Female,3,4.0,Deluxe,3.0,Married,4.0,0,5,1,2.0,Manager,23488.0
4327,0,43.0,Company Invited,1,35.0,Large Business,Female,3,5.0,Deluxe,3.0,Married,2.0,0,3,0,2.0,Manager,23201.0
4328,1,25.0,Self Enquiry,3,7.0,Large Business,Female,4,4.0,Basic,4.0,Unmarried,3.0,1,4,0,1.0,Executive,21880.0
4329,1,35.0,Company Invited,3,13.0,Small Business,Female,3,6.0,Basic,3.0,Married,2.0,0,4,0,2.0,Executive,21029.0
4330,0,39.0,Company Invited,1,9.0,Salaried,Male,3,4.0,Basic,3.0,Married,3.0,1,5,1,1.0,Executive,20380.0
4332,0,27.0,Self Enquiry,1,30.0,Salaried,Female,3,4.0,Basic,3.0,Married,3.0,0,3,0,1.0,Executive,21564.0
4333,0,31.0,Company Invited,1,10.0,Salaried,Male,3,4.0,Basic,3.0,Married,6.0,0,3,1,1.0,Executive,20775.0
4334,0,30.0,Self Enquiry,1,10.0,Small Business,Male,4,5.0,Standard,3.0,Married,3.0,0,1,0,3.0,Senior Manager,30613.0
4335,1,30.0,Self Enquiry,1,32.0,Large Business,Female,4,5.0,Basic,4.0,Married,7.0,0,3,1,3.0,Executive,21224.0
4336,1,20.0,Self Enquiry,2,9.0,Large Business,Male,3,5.0,Basic,3.0,Single,3.0,0,3,0,1.0,Executive,21242.0
4337,0,31.0,Company Invited,3,29.0,Salaried,Female,4,4.0,Standard,5.0,Married,2.0,0,1,1,2.0,Senior Manager,27090.0
4338,0,58.0,Self Enquiry,3,36.0,Small Business,Male,3,5.0,Super Deluxe,3.0,Married,5.0,0,3,1,1.0,AVP,32796.0
4340,0,31.0,Company Invited,1,9.0,Small Business,Female,3,4.0,Basic,3.0,Single,2.0,0,4,1,1.0,Executive,21242.0
4341,0,61.0,Company Invited,3,35.0,Small Business,Female,4,5.0,Standard,5.0,Married,6.0,0,1,1,1.0,Senior Manager,28944.0
4342,0,48.0,Self Enquiry,1,9.0,Small Business,Female,4,4.0,Deluxe,3.0,Married,7.0,0,1,0,1.0,Manager,23748.0
4344,0,36.0,Self Enquiry,1,29.0,Salaried,Male,3,6.0,Basic,3.0,Unmarried,2.0,0,4,1,2.0,Executive,22908.0
4345,0,55.0,Self Enquiry,1,6.0,Salaried,Female,3,4.0,Deluxe,3.0,Unmarried,2.0,0,1,0,1.0,Manager,22458.0
4346,0,35.0,Self Enquiry,1,9.0,Salaried,Male,4,5.0,Basic,3.0,Married,5.0,0,5,1,3.0,Executive,21446.0
4347,0,47.0,Self Enquiry,3,17.0,Small Business,Female,4,5.0,Standard,3.0,Married,4.0,1,1,0,1.0,Senior Manager,27749.0
4348,0,32.0,Self Enquiry,1,16.0,Salaried,Male,3,4.0,Standard,4.0,Married,3.0,0,3,0,1.0,Senior Manager,29326.0
4349,1,34.0,Self Enquiry,1,22.0,Small Business,Male,3,4.0,Standard,3.0,Married,2.0,1,5,1,1.0,Senior Manager,32288.0
4350,1,34.0,Self Enquiry,1,17.0,Small Business,Male,3,6.0,Basic,3.0,Married,2.0,0,5,0,1.0,Executive,22086.0
4351,0,31.0,Self Enquiry,3,14.0,Small Business,Male,3,4.0,Basic,4.0,Unmarried,2.0,0,1,0,1.0,Executive,21661.0
4352,0,36.0,Self Enquiry,1,23.0,Salaried,Male,4,4.0,Standard,3.0,Married,6.0,1,1,0,1.0,Senior Manager,26310.0
4353,1,32.0,Company Invited,1,27.0,Salaried,Male,4,4.0,Standard,3.0,Married,5.0,0,3,1,1.0,Senior Manager,28502.0
4354,1,35.0,Company Invited,2,30.0,Salaried,Female,3,4.0,Standard,5.0,Married,2.0,1,3,1,1.0,Senior Manager,28628.0
4355,0,43.0,Company Invited,1,12.0,Salaried,Male,4,4.0,Basic,3.0,Married,6.0,0,3,0,2.0,Executive,20771.0
4356,0,37.0,Company Invited,3,17.0,Small Business,Male,3,4.0,Standard,3.0,Single,3.0,0,1,1,2.0,Senior Manager,28658.0
4357,1,23.0,Company Invited,1,11.0,Large Business,Male,4,5.0,Basic,3.0,Unmarried,7.0,0,5,0,1.0,Executive,22572.0
4358,0,49.0,Self Enquiry,3,9.0,Small Business,Female,3,4.0,Deluxe,3.0,Married,4.0,0,5,1,1.0,Manager,22729.0
4360,0,42.0,Company Invited,3,17.0,Salaried,Male,3,4.0,Deluxe,3.0,Unmarried,2.0,0,1,0,2.0,Manager,24908.0
4361,0,36.0,Self Enquiry,3,7.0,Small Business,Male,3,4.0,Deluxe,3.0,Married,2.0,0,3,0,2.0,Manager,23395.0
4362,0,41.0,Self Enquiry,1,13.0,Salaried,Female,4,4.0,Super Deluxe,3.0,Single,2.0,0,5,1,1.0,AVP,31915.0
4363,0,40.0,Company Invited,1,15.0,Salaried,Female,3,4.0,Basic,3.0,Married,3.0,0,1,1,2.0,Executive,22433.0
4364,0,32.0,Self Enquiry,3,9.0,Salaried,Male,4,4.0,Deluxe,3.0,Unmarried,6.0,1,5,1,2.0,Manager,25260.0
4365,0,43.0,Self Enquiry,1,31.0,Small Business,Male,3,4.0,Standard,5.0,Married,3.0,1,1,1,1.0,Senior Manager,26084.0
4366,0,46.0,Self Enquiry,3,9.0,Salaried,Male,4,4.0,Deluxe,4.0,Married,2.0,0,5,1,3.0,Manager,23483.0
4367,1,27.0,Company Invited,2,24.0,Salaried,Female,3,4.0,Basic,3.0,Married,2.0,1,5,0,2.0,Executive,21419.0
4368,0,30.0,Self Enquiry,1,26.0,Large Business,Male,3,4.0,Deluxe,3.0,Married,6.0,0,5,1,1.0,Manager,22940.0
4370,0,32.0,Self Enquiry,3,14.0,Salaried,Male,3,5.0,Standard,3.0,Married,2.0,0,3,1,1.0,Senior Manager,30235.0
4371,1,19.0,Company Invited,3,12.0,Small Business,Male,4,4.0,Basic,4.0,Single,3.0,1,4,1,1.0,Executive,20556.0
4372,0,41.0,Company Invited,3,35.0,Salaried,Male,3,6.0,Standard,5.0,Married,5.0,0,5,0,2.0,Senior Manager,29610.0
4373,0,42.0,Company Invited,1,9.0,Salaried,Fe Male,4,5.0,Deluxe,3.0,Unmarried,4.0,1,1,0,1.0,Manager,25489.0
4374,0,27.0,Self Enquiry,3,36.0,Small Business,Male,3,4.0,Deluxe,3.0,Married,7.0,0,5,0,1.0,Manager,22984.0
4375,0,36.0,Self Enquiry,3,7.0,Small Business,Fe Male,4,4.0,Deluxe,3.0,Unmarried,3.0,0,4,1,1.0,Manager,23537.0
4376,0,35.0,Self Enquiry,3,28.0,Salaried,Male,4,2.0,Deluxe,3.0,Unmarried,3.0,0,3,0,1.0,Manager,24015.0
4377,1,27.0,Self Enquiry,1,31.0,Large Business,Male,4,6.0,Basic,3.0,Single,3.0,1,3,0,2.0,Executive,21018.0
4378,0,38.0,Self Enquiry,1,7.0,Large Business,Fe Male,3,4.0,Standard,3.0,Unmarried,6.0,0,5,1,1.0,Senior Manager,26169.0
4379,0,47.0,Company Invited,1,25.0,Small Business,Female,3,4.0,Standard,3.0,Married,7.0,0,3,0,2.0,Senior Manager,29205.0
4381,0,38.0,Company Invited,3,16.0,Small Business,Male,4,4.0,Standard,4.0,Married,3.0,0,1,1,3.0,Senior Manager,27512.0
4382,0,53.0,Self Enquiry,1,13.0,Large Business,Male,4,4.0,Deluxe,5.0,Married,5.0,1,4,1,2.0,Manager,24255.0
4383,1,33.0,Company Invited,3,18.0,Salaried,Male,3,2.0,Deluxe,3.0,Married,2.0,0,3,1,1.0,Manager,23385.0
4384,0,25.0,Company Invited,3,31.0,Small Business,Male,3,4.0,Basic,3.0,Married,2.0,0,4,1,2.0,Executive,21078.0
4385,0,39.0,Self Enquiry,1,17.0,Small Business,Female,4,4.0,Deluxe,3.0,Married,5.0,0,3,0,2.0,Manager,28502.0
4386,0,38.0,Self Enquiry,1,7.0,Salaried,Female,4,4.0,Deluxe,4.0,Married,8.0,0,1,1,3.0,Manager,25125.0
4388,0,25.0,Self Enquiry,1,30.0,Small Business,Male,3,2.0,Basic,3.0,Married,3.0,1,4,0,1.0,Executive,21403.0
4389,0,27.0,Self Enquiry,3,35.0,Small Business,Male,4,4.0,Deluxe,4.0,Married,3.0,0,3,0,1.0,Manager,24950.0
4390,0,25.0,Self Enquiry,1,24.0,Salaried,Male,4,5.0,Basic,4.0,Married,3.0,0,3,1,2.0,Executive,20805.0
4392,0,26.0,Self Enquiry,3,20.0,Small Business,Male,3,4.0,Basic,3.0,Married,3.0,0,3,1,2.0,Executive,20774.0
4393,1,25.0,Company Invited,1,14.0,Salaried,Female,3,4.0,Basic,3.0,Married,3.0,1,4,0,1.0,Executive,21564.0
4394,1,31.0,Company Invited,3,19.0,Salaried,Male,4,5.0,Basic,5.0,Married,3.0,0,5,1,3.0,Executive,20711.0
4395,0,35.0,Self Enquiry,1,7.0,Salaried,Male,3,5.0,Basic,3.0,Married,3.0,1,1,1,2.0,Executive,22300.0
4396,1,32.0,Self Enquiry,3,20.0,Small Business,Male,3,4.0,Deluxe,5.0,Married,4.0,0,1,0,2.0,Manager,22911.0
4397,0,36.0,Self Enquiry,1,32.0,Salaried,Male,3,5.0,Deluxe,3.0,Unmarried,6.0,0,1,1,1.0,Manager,22359.0
4398,0,32.0,Self Enquiry,3,13.0,Small Business,Male,4,2.0,Deluxe,3.0,Married,6.0,0,5,1,2.0,Manager,24138.0
4399,0,28.0,Self Enquiry,1,13.0,Small Business,Female,4,5.0,Basic,3.0,Married,2.0,0,1,0,2.0,Executive,20865.0
4400,0,38.0,Self Enquiry,3,9.0,Small Business,Male,4,4.0,Deluxe,3.0,Married,6.0,1,3,0,3.0,Manager,28280.0
4401,0,21.0,Self Enquiry,1,7.0,Salaried,Female,3,5.0,Basic,4.0,Unmarried,3.0,0,4,0,2.0,Executive,21514.0
4402,0,43.0,Self Enquiry,1,9.0,Salaried,Female,3,4.0,Deluxe,3.0,Married,3.0,0,1,0,1.0,Manager,22767.0
4404,0,39.0,Self Enquiry,1,7.0,Salaried,Female,3,4.0,Basic,5.0,Unmarried,5.0,0,1,0,2.0,Executive,21297.0
4405,0,44.0,Company Invited,1,16.0,Small Business,Male,4,4.0,Deluxe,3.0,Married,5.0,1,3,1,3.0,Manager,24357.0
4406,0,49.0,Self Enquiry,1,7.0,Salaried,Female,3,5.0,Super Deluxe,5.0,Married,2.0,0,4,0,1.0,AVP,34080.0
4407,0,45.0,Self Enquiry,2,7.0,Salaried,Fe Male,3,5.0,Deluxe,3.0,Unmarried,6.0,0,5,1,2.0,Manager,24663.0
4408,0,35.0,Self Enquiry,3,21.0,Large Business,Female,3,4.0,Basic,3.0,Married,3.0,1,5,1,1.0,Executive,21257.0
4409,1,28.0,Self Enquiry,3,9.0,Small Business,Male,3,4.0,Basic,5.0,Married,2.0,0,5,1,2.0,Executive,21719.0
4410,0,22.0,Self Enquiry,3,29.0,Large Business,Male,3,4.0,Basic,3.0,Unmarried,3.0,0,1,0,1.0,Executive,22125.0
4412,0,23.0,Self Enquiry,1,13.0,Small Business,Male,4,4.0,Basic,3.0,Married,2.0,0,1,1,2.0,Executive,21451.0
4413,0,34.0,Self Enquiry,3,15.0,Small Business,Male,3,4.0,Deluxe,3.0,Married,2.0,0,1,0,1.0,Manager,25782.0
4414,0,33.0,Self Enquiry,1,16.0,Salaried,Female,4,4.0,Deluxe,3.0,Married,3.0,1,5,1,3.0,Manager,25000.0
4415,0,31.0,Company Invited,1,10.0,Small Business,Female,4,4.0,Basic,3.0,Married,3.0,0,3,1,2.0,Executive,20761.0
4416,0,54.0,Self Enquiry,3,7.0,Small Business,Fe Male,3,4.0,Deluxe,5.0,Unmarried,2.0,0,1,1,2.0,Manager,27059.0
4417,0,35.0,Self Enquiry,1,7.0,Salaried,Male,3,4.0,Basic,3.0,Married,3.0,0,3,1,2.0,Executive,21369.0
4418,1,46.0,Company Invited,3,33.0,Salaried,Female,4,4.0,Deluxe,5.0,Married,4.0,0,1,0,3.0,Manager,22964.0
4419,0,27.0,Self Enquiry,1,13.0,Salaried,Female,4,4.0,Basic,3.0,Married,3.0,1,1,0,2.0,Executive,21337.0
4420,0,38.0,Self Enquiry,1,10.0,Salaried,Male,3,4.0,Standard,3.0,Married,3.0,0,1,1,1.0,Senior Manager,28112.0
4421,0,30.0,Self Enquiry,3,10.0,Small Business,Female,4,4.0,Deluxe,3.0,Married,3.0,0,1,0,1.0,Manager,24239.0
4422,0,36.0,Self Enquiry,1,13.0,Salaried,Male,3,6.0,Deluxe,3.0,Unmarried,3.0,0,5,0,2.0,Manager,25324.0
4423,0,34.0,Company Invited,1,13.0,Salaried,Male,2,4.0,Deluxe,3.0,Married,5.0,0,5,1,1.0,Manager,26403.0
4424,0,55.0,Self Enquiry,2,26.0,Small Business,Male,3,4.0,Standard,4.0,Married,4.0,0,3,1,2.0,Senior Manager,29403.0
4425,0,37.0,Self Enquiry,1,16.0,Small Business,Male,3,5.0,Deluxe,4.0,Married,4.0,1,4,0,2.0,Manager,27525.0
4426,0,28.0,Self Enquiry,1,10.0,Small Business,Male,3,5.0,Basic,3.0,Single,2.0,0,1,1,2.0,Executive,20723.0
4428,1,34.0,Company Invited,1,10.0,Salaried,Male,4,4.0,Basic,5.0,Unmarried,3.0,1,5,1,1.0,Executive,22026.0
4430,0,24.0,Self Enquiry,1,11.0,Small Business,Male,3,2.0,Basic,5.0,Married,4.0,0,4,0,2.0,Executive,21497.0
4431,0,26.0,Self Enquiry,3,15.0,Salaried,Male,3,2.0,Deluxe,4.0,Married,2.0,0,4,1,1.0,Manager,23529.0
4432,0,39.0,Self Enquiry,3,14.0,Small Business,Female,3,5.0,Deluxe,3.0,Unmarried,2.0,0,1,1,1.0,Manager,22706.0
4433,0,30.0,Company Invited,1,7.0,Salaried,Male,4,6.0,Basic,3.0,Married,3.0,0,1,0,3.0,Executive,21398.0
4434,0,49.0,Self Enquiry,3,9.0,Small Business,Male,3,2.0,Deluxe,4.0,Married,5.0,0,3,0,2.0,Manager,26798.0
4435,0,28.0,Company Invited,3,10.0,Small Business,Female,4,2.0,Deluxe,3.0,Married,3.0,1,1,1,1.0,Manager,23325.0
4436,0,38.0,Self Enquiry,1,17.0,Salaried,Male,4,2.0,Basic,3.0,Unmarried,5.0,0,4,1,3.0,Executive,23358.0
4437,0,51.0,Self Enquiry,1,35.0,Small Business,Male,4,2.0,Basic,3.0,Married,3.0,1,1,0,2.0,Executive,21899.0
4438,0,35.0,Self Enquiry,1,16.0,Small Business,Fe Male,3,5.0,Standard,4.0,Unmarried,3.0,0,1,1,1.0,Senior Manager,27299.0
4439,1,25.0,Self Enquiry,3,10.0,Salaried,Female,4,4.0,Deluxe,3.0,Unmarried,2.0,0,1,1,2.0,Manager,23255.0
4440,0,40.0,Self Enquiry,1,9.0,Large Business,Female,4,5.0,Deluxe,3.0,Unmarried,3.0,0,1,1,2.0,Manager,23231.0
4441,0,33.0,Self Enquiry,3,17.0,Small Business,Male,3,4.0,Deluxe,3.0,Unmarried,3.0,0,4,1,2.0,Manager,24074.0
4442,1,51.0,Company Invited,3,15.0,Large Business,Male,3,4.0,Deluxe,3.0,Married,5.0,1,5,0,1.0,Manager,25474.0
4443,0,39.0,Self Enquiry,1,7.0,Salaried,Fe Male,3,2.0,Deluxe,3.0,Unmarried,2.0,0,1,0,1.0,Manager,26303.0
4444,0,28.0,Self Enquiry,1,7.0,Salaried,Female,4,4.0,Standard,5.0,Married,3.0,0,4,0,3.0,Senior Manager,26090.0
4445,0,33.0,Self Enquiry,1,10.0,Salaried,Female,3,4.0,Standard,3.0,Single,5.0,0,1,1,1.0,Senior Manager,29837.0
4446,0,48.0,Self Enquiry,3,21.0,Small Business,Male,3,4.0,Deluxe,5.0,Unmarried,4.0,0,1,1,2.0,Manager,23638.0
4447,0,41.0,Company Invited,3,12.0,Salaried,Male,3,5.0,Standard,5.0,Married,7.0,1,5,0,1.0,Senior Manager,29153.0
4448,0,54.0,Self Enquiry,1,14.0,Salaried,Male,3,2.0,Super Deluxe,3.0,Married,5.0,0,1,0,2.0,AVP,33492.0
4450,0,61.0,Self Enquiry,3,23.0,Small Business,Male,3,4.0,Deluxe,5.0,Unmarried,2.0,0,4,1,2.0,Manager,24083.0
4451,0,28.0,Company Invited,1,17.0,Salaried,Male,3,4.0,Standard,5.0,Married,3.0,0,3,0,2.0,Senior Manager,27471.0
4453,0,51.0,Self Enquiry,3,15.0,Small Business,Male,3,4.0,Basic,4.0,Married,2.0,0,1,0,2.0,Executive,22553.0
4454,1,29.0,Self Enquiry,1,7.0,Salaried,Female,4,6.0,Basic,4.0,Single,2.0,1,1,1,3.0,Executive,20894.0
4455,0,37.0,Company Invited,1,15.0,Salaried,Female,4,2.0,Standard,5.0,Married,2.0,0,3,0,2.0,Senior Manager,30391.0
4456,0,39.0,Self Enquiry,1,7.0,Salaried,Fe Male,3,4.0,Standard,3.0,Unmarried,6.0,1,1,0,2.0,Senior Manager,26539.0
4457,0,45.0,Company Invited,1,31.0,Small Business,Male,3,6.0,Basic,3.0,Unmarried,4.0,0,3,0,1.0,Executive,22386.0
4458,0,48.0,Company Invited,3,10.0,Small Business,Female,3,4.0,Super Deluxe,3.0,Married,2.0,1,5,1,1.0,AVP,32448.0
4459,0,31.0,Self Enquiry,3,34.0,Small Business,Male,4,4.0,Deluxe,3.0,Married,2.0,0,3,1,3.0,Manager,23982.0
4460,0,30.0,Self Enquiry,3,17.0,Salaried,Male,4,4.0,Basic,3.0,Unmarried,3.0,0,4,1,1.0,Executive,21320.0
4461,1,43.0,Company Invited,1,26.0,Small Business,Male,3,2.0,Basic,3.0,Married,8.0,1,3,0,1.0,Executive,21437.0
4462,0,44.0,Company Invited,3,22.0,Salaried,Male,3,5.0,Deluxe,3.0,Married,5.0,0,5,1,1.0,Manager,25482.0
4463,0,35.0,Self Enquiry,1,15.0,Small Business,Fe Male,4,4.0,Deluxe,3.0,Unmarried,5.0,0,4,0,2.0,Manager,24820.0
4464,0,24.0,Self Enquiry,1,16.0,Small Business,Male,3,4.0,Basic,5.0,Married,3.0,0,3,1,1.0,Executive,21178.0
4465,0,40.0,Self Enquiry,2,10.0,Salaried,Female,3,2.0,Deluxe,4.0,Married,2.0,0,1,0,1.0,Manager,25067.0
4466,0,57.0,Self Enquiry,1,16.0,Small Business,Male,3,4.0,Super Deluxe,3.0,Married,2.0,0,4,0,1.0,AVP,29781.0
4467,0,41.0,Self Enquiry,1,9.0,Small Business,Female,3,5.0,Basic,3.0,Single,2.0,1,3,0,1.0,Executive,21020.0
4468,0,28.0,Self Enquiry,1,14.0,Small Business,Fe Male,3,5.0,Deluxe,5.0,Unmarried,2.0,0,3,1,1.0,Manager,25489.0
4469,0,30.0,Self Enquiry,3,17.0,Small Business,Male,3,4.0,Basic,4.0,Married,3.0,0,1,1,1.0,Executive,20975.0
4470,0,54.0,Self Enquiry,1,13.0,Salaried,Male,3,4.0,Deluxe,3.0,Single,4.0,0,5,1,2.0,Manager,21128.0
4471,0,36.0,Company Invited,1,9.0,Salaried,Female,4,4.0,Deluxe,5.0,Married,4.0,0,4,1,3.0,Manager,23771.0
4472,0,33.0,Company Invited,1,31.0,Salaried,Male,4,4.0,Deluxe,3.0,Married,3.0,0,4,1,3.0,Manager,23987.0
4473,0,39.0,Self Enquiry,1,9.0,Small Business,Male,4,4.0,Basic,3.0,Married,8.0,1,4,0,3.0,Executive,21735.0
4474,0,35.0,Self Enquiry,1,15.0,Salaried,Female,3,4.0,Deluxe,5.0,Married,5.0,0,5,1,2.0,Manager,23799.0
4476,1,34.0,Self Enquiry,1,7.0,Salaried,Male,4,4.0,Basic,3.0,Unmarried,3.0,1,3,1,1.0,Executive,21364.0
4477,0,26.0,Self Enquiry,3,33.0,Small Business,Fe Male,3,4.0,Deluxe,3.0,Unmarried,3.0,0,4,0,1.0,Manager,24858.0
4478,0,46.0,Self Enquiry,3,9.0,Large Business,Male,3,6.0,Deluxe,3.0,Unmarried,2.0,0,5,1,2.0,Manager,25310.0
4479,0,24.0,Self Enquiry,1,17.0,Small Business,Male,4,2.0,Basic,3.0,Unmarried,3.0,0,1,0,2.0,Executive,22183.0
4480,1,48.0,Company Invited,3,34.0,Salaried,Fe Male,4,2.0,Deluxe,3.0,Unmarried,6.0,1,4,0,2.0,Manager,25075.0
4481,0,35.0,Self Enquiry,3,9.0,Salaried,Male,3,4.0,Deluxe,3.0,Unmarried,3.0,0,5,0,2.0,Manager,24952.0
4483,0,37.0,Company Invited,3,15.0,Salaried,Male,4,5.0,Standard,5.0,Unmarried,3.0,0,1,0,1.0,Senior Manager,26265.0
4484,0,53.0,Company Invited,1,26.0,Small Business,Male,3,4.0,Basic,3.0,Married,2.0,0,3,1,1.0,Executive,22936.0
4485,0,27.0,Company Invited,1,7.0,Salaried,Female,4,6.0,Basic,3.0,Married,5.0,0,4,1,1.0,Executive,23042.0
4486,0,30.0,Self Enquiry,1,34.0,Small Business,Female,4,4.0,Deluxe,3.0,Married,6.0,0,1,0,2.0,Manager,23013.0
4487,1,27.0,Self Enquiry,3,15.0,Large Business,Male,3,5.0,Deluxe,5.0,Unmarried,8.0,0,3,0,1.0,Manager,24004.0
4488,0,35.0,Self Enquiry,1,7.0,Salaried,Female,4,2.0,Basic,3.0,Unmarried,4.0,0,1,1,2.0,Executive,21958.0
4489,0,55.0,Self Enquiry,1,26.0,Small Business,Female,4,4.0,Deluxe,5.0,Married,2.0,1,3,0,3.0,Manager,24163.0
4490,0,28.0,Company Invited,3,15.0,Small Business,Male,3,4.0,Deluxe,3.0,Married,2.0,0,3,1,2.0,Manager,23020.0
4491,0,38.0,Self Enquiry,1,17.0,Salaried,Female,3,4.0,Basic,5.0,Married,2.0,1,3,1,1.0,Executive,21460.0
4492,0,39.0,Company Invited,1,9.0,Salaried,Fe Male,4,2.0,Deluxe,5.0,Unmarried,8.0,1,1,0,1.0,Manager,24658.0
4493,0,35.0,Self Enquiry,1,9.0,Small Business,Female,3,5.0,Basic,5.0,Unmarried,3.0,0,1,1,1.0,Executive,23059.0
4494,0,36.0,Self Enquiry,3,15.0,Salaried,Female,4,4.0,Basic,3.0,Married,3.0,0,3,1,3.0,Executive,21250.0
4495,0,31.0,Self Enquiry,1,7.0,Salaried,Male,3,6.0,Basic,3.0,Married,5.0,0,4,1,1.0,Executive,22511.0
4496,0,41.0,Company Invited,1,9.0,Small Business,Female,3,2.0,Deluxe,4.0,Married,3.0,0,3,0,1.0,Manager,22922.0
4497,0,35.0,Self Enquiry,3,15.0,Salaried,Female,4,4.0,Deluxe,5.0,Married,7.0,0,1,1,3.0,Manager,25178.0
4499,1,24.0,Self Enquiry,1,13.0,Salaried,Male,4,2.0,Basic,5.0,Married,3.0,1,3,0,1.0,Executive,20279.0
4500,0,25.0,Company Invited,1,16.0,Salaried,Male,3,5.0,Basic,4.0,Married,3.0,0,5,0,2.0,Executive,21372.0
4501,0,53.0,Self Enquiry,1,18.0,Salaried,Female,3,4.0,Deluxe,3.0,Married,2.0,0,1,1,1.0,Manager,21827.0
4503,1,30.0,Self Enquiry,1,7.0,Salaried,Female,3,5.0,Basic,5.0,Married,3.0,1,1,0,1.0,Executive,20997.0
4504,0,34.0,Self Enquiry,1,14.0,Small Business,Male,3,4.0,Standard,3.0,Married,2.0,0,4,1,1.0,Senior Manager,30369.0
4505,1,34.0,Self Enquiry,3,23.0,Small Business,Fe Male,4,4.0,Deluxe,5.0,Unmarried,7.0,0,3,1,1.0,Manager,24002.0
4507,0,37.0,Self Enquiry,1,7.0,Salaried,Female,3,4.0,Deluxe,4.0,Married,2.0,0,5,1,2.0,Manager,23906.0
4508,0,30.0,Self Enquiry,1,30.0,Salaried,Male,3,2.0,Basic,3.0,Married,3.0,0,1,1,2.0,Executive,21378.0
4510,0,36.0,Self Enquiry,1,7.0,Salaried,Female,3,2.0,Basic,3.0,Single,5.0,0,3,1,2.0,Executive,21184.0
4511,0,43.0,Self Enquiry,1,7.0,Salaried,Female,3,5.0,Deluxe,3.0,Married,2.0,1,3,0,1.0,Manager,24740.0
4512,1,29.0,Self Enquiry,1,9.0,Small Business,Male,3,4.0,Basic,3.0,Unmarried,8.0,0,3,1,2.0,Executive,23060.0
4513,0,37.0,Self Enquiry,2,20.0,Salaried,Male,3,4.0,Basic,4.0,Married,6.0,0,3,1,2.0,Executive,20821.0
4514,0,33.0,Self Enquiry,1,11.0,Salaried,Female,4,5.0,Deluxe,3.0,Married,3.0,0,4,1,2.0,Manager,24840.0
4515,0,41.0,Company Invited,1,23.0,Small Business,Male,3,5.0,Deluxe,3.0,Unmarried,8.0,0,5,0,1.0,Manager,23772.0
4516,0,31.0,Self Enquiry,1,9.0,Small Business,Fe Male,3,5.0,Deluxe,3.0,Unmarried,7.0,1,1,1,2.0,Manager,25555.0
4517,0,46.0,Self Enquiry,1,9.0,Salaried,Female,4,5.0,Basic,3.0,Single,3.0,0,3,1,1.0,Executive,20952.0
4518,0,43.0,Self Enquiry,1,36.0,Salaried,Male,4,4.0,Deluxe,4.0,Married,3.0,0,3,1,1.0,Manager,23112.0
4519,0,39.0,Company Invited,1,19.0,Salaried,Male,2,5.0,Deluxe,5.0,Married,4.0,0,5,1,1.0,Manager,24966.0
4520,0,35.0,Company Invited,1,23.0,Salaried,Female,4,5.0,Basic,3.0,Single,3.0,0,5,1,3.0,Executive,21231.0
4521,1,50.0,Self Enquiry,3,18.0,Small Business,Female,3,4.0,Standard,3.0,Married,3.0,0,4,0,1.0,Senior Manager,26332.0
4522,1,56.0,Self Enquiry,3,9.0,Small Business,Male,3,4.0,Deluxe,3.0,Unmarried,6.0,0,1,1,1.0,Manager,23838.0
4524,0,28.0,Self Enquiry,1,12.0,Large Business,Male,3,5.0,Standard,3.0,Married,3.0,1,3,1,2.0,Senior Manager,31486.0
4525,0,36.0,Self Enquiry,1,14.0,Salaried,Male,3,4.0,Standard,3.0,Single,5.0,0,3,0,2.0,Senior Manager,28899.0
4526,0,29.0,Self Enquiry,3,9.0,Small Business,Female,3,4.0,Deluxe,4.0,Married,3.0,1,3,1,2.0,Manager,23457.0
4527,0,35.0,Self Enquiry,2,10.0,Salaried,Male,3,4.0,Basic,3.0,Married,2.0,0,1,1,1.0,Executive,22415.0
4528,1,27.0,Company Invited,1,12.0,Small Business,Female,3,5.0,Basic,3.0,Married,3.0,1,1,0,2.0,Executive,21044.0
4529,0,28.0,Company Invited,1,10.0,Small Business,Male,3,4.0,Basic,3.0,Married,3.0,0,1,0,1.0,Executive,20384.0
4531,0,45.0,Self Enquiry,1,11.0,Small Business,Male,3,4.0,Deluxe,4.0,Unmarried,2.0,0,1,1,2.0,Manager,24611.0
4532,0,26.0,Self Enquiry,1,9.0,Small Business,Male,4,2.0,Basic,5.0,Unmarried,2.0,0,1,0,2.0,Executive,22102.0
4533,0,34.0,Self Enquiry,3,7.0,Small Business,Male,3,2.0,Deluxe,5.0,Married,3.0,0,4,0,2.0,Manager,22715.0
4534,0,36.0,Self Enquiry,1,34.0,Small Business,Female,3,5.0,Basic,5.0,Single,3.0,0,4,0,2.0,Executive,21237.0
4535,0,37.0,Self Enquiry,3,7.0,Salaried,Male,3,4.0,Deluxe,3.0,Married,3.0,1,3,1,2.0,Manager,24879.0
4536,0,33.0,Self Enquiry,3,20.0,Salaried,Male,4,4.0,Deluxe,3.0,Married,4.0,0,1,0,3.0,Manager,23081.0
4537,0,31.0,Company Invited,1,12.0,Salaried,Male,4,5.0,Basic,3.0,Married,2.0,0,5,0,1.0,Executive,22439.0
4538,0,54.0,Self Enquiry,3,14.0,Small Business,Female,4,5.0,Standard,3.0,Married,2.0,1,1,0,2.0,Senior Manager,29612.0
4539,0,46.0,Self Enquiry,3,16.0,Small Business,Male,4,4.0,Standard,5.0,Married,6.0,1,1,0,1.0,Senior Manager,29439.0
4540,0,33.0,Self Enquiry,1,15.0,Small Business,Female,4,2.0,Deluxe,3.0,Married,7.0,0,3,1,3.0,Manager,23853.0
4541,0,53.0,Company Invited,1,32.0,Small Business,Female,3,5.0,Super Deluxe,3.0,Married,5.0,0,5,0,2.0,AVP,32504.0
4542,0,38.0,Self Enquiry,3,23.0,Small Business,Male,4,5.0,Deluxe,3.0,Married,6.0,0,5,1,1.0,Manager,25012.0
4543,0,29.0,Self Enquiry,2,15.0,Small Business,Male,4,5.0,Basic,3.0,Married,3.0,0,1,1,1.0,Executive,23614.0
4544,0,23.0,Self Enquiry,1,7.0,Salaried,Male,3,5.0,Deluxe,3.0,Married,8.0,0,1,1,2.0,Manager,23453.0
4545,0,45.0,Self Enquiry,1,15.0,Salaried,Male,4,2.0,Basic,3.0,Married,4.0,1,3,1,1.0,Executive,21496.0
4546,0,43.0,Company Invited,1,9.0,Small Business,Male,3,4.0,Basic,3.0,Single,7.0,1,1,1,2.0,Executive,21193.0
4547,0,37.0,Self Enquiry,2,15.0,Salaried,Male,4,5.0,Basic,5.0,Married,2.0,0,1,0,2.0,Executive,21020.0
4548,0,26.0,Self Enquiry,3,10.0,Salaried,Male,4,4.0,Deluxe,5.0,Married,3.0,1,4,0,3.0,Manager,22872.0
4549,0,36.0,Self Enquiry,1,16.0,Salaried,Female,4,5.0,Standard,3.0,Married,3.0,1,4,1,3.0,Senior Manager,29363.0
4550,1,36.0,Company Invited,1,32.0,Salaried,Female,4,4.0,Basic,4.0,Married,3.0,1,3,1,2.0,Executive,20700.0
4551,0,33.0,Company Invited,1,7.0,Salaried,Male,4,4.0,Basic,3.0,Married,2.0,0,5,1,1.0,Executive,20992.0
4552,0,26.0,Self Enquiry,3,11.0,Small Business,Male,3,5.0,Deluxe,5.0,Married,3.0,0,3,1,2.0,Manager,22934.0
4553,0,50.0,Self Enquiry,1,7.0,Large Business,Female,3,4.0,Basic,5.0,Married,4.0,0,4,0,1.0,Executive,22258.0
4554,0,25.0,Company Invited,1,11.0,Salaried,Male,3,5.0,Basic,3.0,Married,2.0,0,3,0,2.0,Executive,21840.0
4555,0,33.0,Company Invited,3,12.0,Salaried,Male,3,4.0,Deluxe,4.0,Married,3.0,0,3,1,2.0,Manager,25202.0
4556,0,39.0,Self Enquiry,3,16.0,Small Business,Male,4,5.0,Basic,4.0,Married,2.0,0,4,0,3.0,Executive,21577.0
4557,0,43.0,Self Enquiry,1,10.0,Salaried,Female,4,2.0,Deluxe,3.0,Married,4.0,1,5,1,1.0,Manager,23909.0
4558,0,32.0,Self Enquiry,1,18.0,Salaried,Male,3,4.0,Basic,3.0,Married,5.0,1,3,0,1.0,Executive,21034.0
4559,1,30.0,Self Enquiry,3,7.0,Small Business,Female,3,5.0,Basic,3.0,Married,8.0,1,1,1,2.0,Executive,21478.0
4560,0,54.0,Self Enquiry,3,15.0,Small Business,Male,4,4.0,Super Deluxe,3.0,Married,7.0,0,3,1,1.0,AVP,30514.0
4561,0,36.0,Self Enquiry,1,32.0,Large Business,Male,4,5.0,Standard,4.0,Married,5.0,0,3,1,2.0,Senior Manager,29581.0
4562,0,38.0,Company Invited,3,28.0,Small Business,Female,3,4.0,Basic,3.0,Married,7.0,0,1,1,1.0,Executive,21651.0
4563,0,54.0,Self Enquiry,1,30.0,Salaried,Female,4,4.0,Super Deluxe,3.0,Single,8.0,0,5,1,2.0,AVP,32953.0
4564,0,44.0,Company Invited,1,7.0,Salaried,Female,3,4.0,Deluxe,3.0,Married,6.0,0,1,1,2.0,Manager,24240.0
4565,0,48.0,Self Enquiry,3,9.0,Small Business,Female,3,4.0,Deluxe,3.0,Married,2.0,1,1,1,2.0,Manager,23215.0
4566,0,38.0,Company Invited,3,26.0,Small Business,Male,3,4.0,Standard,4.0,Unmarried,3.0,1,5,0,1.0,Senior Manager,26320.0
4568,0,40.0,Self Enquiry,2,9.0,Salaried,Female,3,5.0,Deluxe,3.0,Married,2.0,0,3,1,1.0,Manager,23882.0
4569,0,34.0,Self Enquiry,2,10.0,Salaried,Male,3,4.0,Basic,4.0,Married,5.0,1,5,0,2.0,Executive,20955.0
4570,1,33.0,Self Enquiry,1,32.0,Salaried,Male,3,4.0,Basic,3.0,Unmarried,3.0,1,5,0,1.0,Executive,21473.0
4571,0,30.0,Self Enquiry,1,14.0,Small Business,Female,4,5.0,Basic,3.0,Married,8.0,0,5,1,2.0,Executive,21210.0
4572,0,45.0,Self Enquiry,1,16.0,Salaried,Male,4,4.0,Basic,5.0,Married,3.0,1,3,1,1.0,Executive,21237.0
4573,0,29.0,Self Enquiry,3,12.0,Small Business,Male,4,4.0,Deluxe,3.0,Unmarried,3.0,0,3,0,2.0,Manager,23586.0
4574,1,59.0,Company Invited,1,9.0,Salaried,Male,3,5.0,Basic,3.0,Married,2.0,1,1,1,1.0,Executive,21058.0
4575,0,44.0,Self Enquiry,1,15.0,Salaried,Female,3,4.0,Deluxe,4.0,Married,6.0,0,3,1,1.0,Manager,23443.0
4576,1,21.0,Self Enquiry,3,9.0,Small Business,Female,3,5.0,Basic,3.0,Single,3.0,0,4,1,1.0,Executive,20722.0
4577,1,22.0,Self Enquiry,1,25.0,Salaried,Female,4,4.0,Basic,3.0,Unmarried,3.0,0,3,1,3.0,Executive,21371.0
4578,0,37.0,Self Enquiry,1,21.0,Salaried,Male,4,4.0,Deluxe,3.0,Married,2.0,1,5,1,1.0,Manager,25264.0
4579,0,48.0,Self Enquiry,3,9.0,Salaried,Female,4,5.0,Basic,3.0,Unmarried,3.0,1,1,0,1.0,Executive,21972.0
4580,1,23.0,Self Enquiry,1,10.0,Salaried,Female,3,4.0,Deluxe,3.0,Married,2.0,1,5,1,2.0,Manager,22849.0
4581,1,42.0,Self Enquiry,1,9.0,Salaried,Female,3,6.0,Basic,3.0,Married,6.0,1,3,0,2.0,Executive,21456.0
4582,0,29.0,Self Enquiry,1,16.0,Small Business,Female,4,4.0,Basic,3.0,Married,7.0,0,3,0,1.0,Executive,21055.0
4583,1,40.0,Self Enquiry,1,13.0,Small Business,Male,4,4.0,Basic,5.0,Married,2.0,1,1,1,2.0,Executive,21082.0
4584,0,28.0,Self Enquiry,1,11.0,Salaried,Female,4,4.0,Basic,3.0,Single,3.0,0,1,0,1.0,Executive,20996.0
4585,0,35.0,Self Enquiry,1,17.0,Salaried,Male,3,4.0,Basic,4.0,Married,3.0,0,1,1,2.0,Executive,20686.0
4586,0,43.0,Self Enquiry,3,21.0,Small Business,Fe Male,4,5.0,Deluxe,3.0,Unmarried,2.0,0,3,1,1.0,Manager,24922.0
4587,0,34.0,Self Enquiry,1,7.0,Salaried,Male,4,5.0,Basic,5.0,Unmarried,5.0,1,4,1,2.0,Executive,21477.0
4588,0,59.0,Self Enquiry,1,12.0,Large Business,Female,3,5.0,Standard,4.0,Married,4.0,1,5,1,2.0,Senior Manager,29230.0
4589,0,32.0,Self Enquiry,3,14.0,Salaried,Male,3,5.0,Basic,3.0,Married,5.0,0,4,1,2.0,Executive,21007.0
4590,0,36.0,Self Enquiry,1,28.0,Salaried,Female,3,4.0,Deluxe,3.0,Married,3.0,1,3,0,1.0,Manager,22692.0
4591,0,50.0,Self Enquiry,1,15.0,Salaried,Female,3,4.0,Standard,4.0,Married,6.0,0,4,0,2.0,Senior Manager,26081.0
4592,0,49.0,Self Enquiry,1,27.0,Small Business,Male,3,4.0,Basic,3.0,Married,6.0,0,1,1,1.0,Executive,20937.0
4593,0,32.0,Company Invited,3,27.0,Small Business,Female,3,4.0,Deluxe,3.0,Married,3.0,0,1,1,2.0,Manager,25610.0
4594,0,37.0,Self Enquiry,1,14.0,Salaried,Male,4,4.0,Basic,3.0,Unmarried,4.0,0,3,1,3.0,Executive,23356.0
4595,0,39.0,Self Enquiry,1,7.0,Large Business,Female,4,4.0,Standard,5.0,Married,3.0,0,4,1,2.0,Senior Manager,32260.0
4596,0,33.0,Company Invited,1,7.0,Salaried,Female,4,5.0,Basic,4.0,Married,8.0,0,3,0,3.0,Executive,21010.0
4597,1,26.0,Self Enquiry,3,26.0,Small Business,Male,3,5.0,Basic,4.0,Married,3.0,1,1,0,2.0,Executive,21091.0
4598,0,41.0,Self Enquiry,3,17.0,Small Business,Male,4,5.0,Standard,4.0,Married,4.0,0,4,0,1.0,Senior Manager,28383.0
4599,0,27.0,Company Invited,3,7.0,Small Business,Male,3,5.0,Deluxe,5.0,Unmarried,3.0,0,3,0,1.0,Manager,22972.0
4600,0,42.0,Self Enquiry,1,13.0,Small Business,Male,3,4.0,Basic,5.0,Unmarried,4.0,1,4,1,2.0,Executive,23399.0
4601,0,37.0,Self Enquiry,1,9.0,Small Business,Male,4,4.0,Basic,3.0,Single,6.0,0,5,1,2.0,Executive,21197.0
4602,1,20.0,Self Enquiry,3,28.0,Salaried,Male,3,5.0,Basic,4.0,Single,3.0,1,1,1,2.0,Executive,20799.0
4603,1,21.0,Self Enquiry,1,11.0,Large Business,Male,3,4.0,Basic,5.0,Unmarried,3.0,0,3,1,1.0,Executive,21651.0
4604,0,32.0,Self Enquiry,1,19.0,Small Business,Female,3,4.0,Deluxe,3.0,Married,2.0,1,4,1,1.0,Manager,24533.0
4605,0,41.0,Company Invited,1,16.0,Small Business,Male,3,4.0,Basic,4.0,Married,2.0,1,4,0,1.0,Executive,22295.0
4606,0,33.0,Self Enquiry,1,10.0,Small Business,Female,4,4.0,Deluxe,5.0,Married,3.0,0,1,1,1.0,Manager,25403.0
4607,1,37.0,Self Enquiry,3,10.0,Salaried,Male,3,5.0,Standard,3.0,Married,3.0,1,1,1,1.0,Senior Manager,29003.0
4608,0,34.0,Self Enquiry,1,7.0,Salaried,Fe Male,3,5.0,Deluxe,3.0,Unmarried,2.0,0,4,1,2.0,Manager,25627.0
4609,1,38.0,Self Enquiry,3,7.0,Salaried,Male,3,5.0,Standard,3.0,Married,7.0,0,1,1,2.0,Senior Manager,29287.0
4610,0,46.0,Company Invited,1,11.0,Salaried,Male,3,4.0,Deluxe,4.0,Married,3.0,0,4,1,1.0,Manager,23125.0
4611,0,30.0,Company Invited,3,27.0,Large Business,Female,3,4.0,Basic,3.0,Married,3.0,0,3,0,2.0,Executive,20835.0
4612,0,36.0,Self Enquiry,3,25.0,Small Business,Female,3,4.0,Deluxe,3.0,Married,3.0,0,4,1,2.0,Manager,23279.0
4614,1,59.0,Self Enquiry,1,9.0,Large Business,Male,3,4.0,Basic,3.0,Single,6.0,0,1,0,1.0,Executive,21157.0
4615,0,54.0,Self Enquiry,3,9.0,Small Business,Male,3,4.0,Super Deluxe,3.0,Married,8.0,0,3,1,1.0,AVP,33530.0
4616,0,31.0,Self Enquiry,3,15.0,Salaried,Male,4,4.0,Standard,3.0,Married,7.0,0,3,1,1.0,Senior Manager,25942.0
4617,0,39.0,Company Invited,3,17.0,Large Business,Fe Male,3,4.0,Deluxe,3.0,Unmarried,3.0,1,3,1,1.0,Manager,24344.0
4618,0,36.0,Self Enquiry,3,10.0,Salaried,Male,4,4.0,Standard,3.0,Married,8.0,0,5,0,3.0,Senior Manager,26501.0
4619,0,40.0,Self Enquiry,3,9.0,Salaried,Male,3,2.0,Standard,3.0,Unmarried,2.0,0,1,0,1.0,Senior Manager,26558.0
4620,1,41.0,Company Invited,3,31.0,Salaried,Female,4,2.0,Super Deluxe,4.0,Single,6.0,1,3,1,1.0,AVP,31872.0
4621,0,48.0,Company Invited,1,23.0,Small Business,Male,4,2.0,Deluxe,3.0,Married,3.0,1,1,1,1.0,Manager,23745.0
4622,0,37.0,Company Invited,3,15.0,Large Business,Male,3,4.0,Deluxe,3.0,Married,6.0,0,3,1,2.0,Manager,23757.0
4623,1,32.0,Company Invited,1,16.0,Small Business,Male,3,5.0,Basic,5.0,Single,2.0,1,3,0,2.0,Executive,20999.0
4625,1,30.0,Self Enquiry,1,17.0,Salaried,Female,4,5.0,Basic,5.0,Single,8.0,1,5,1,1.0,Executive,21082.0
4626,0,34.0,Self Enquiry,1,20.0,Salaried,Female,3,4.0,Basic,3.0,Unmarried,5.0,0,3,1,1.0,Executive,22130.0
4627,0,46.0,Self Enquiry,1,7.0,Small Business,Female,4,4.0,Basic,3.0,Married,5.0,0,5,1,1.0,Executive,20948.0
4629,0,34.0,Company Invited,1,7.0,Salaried,Female,3,2.0,Deluxe,4.0,Married,3.0,1,3,1,1.0,Manager,24166.0
4631,0,28.0,Self Enquiry,1,23.0,Large Business,Female,3,4.0,Basic,4.0,Married,2.0,0,1,1,1.0,Executive,21489.0
4632,0,46.0,Company Invited,1,30.0,Salaried,Male,3,4.0,Deluxe,5.0,Married,3.0,1,1,1,1.0,Manager,22311.0
4633,0,48.0,Self Enquiry,3,11.0,Salaried,Female,3,4.0,Deluxe,3.0,Unmarried,3.0,1,3,1,2.0,Manager,22841.0
4634,1,31.0,Self Enquiry,1,29.0,Salaried,Female,3,4.0,Basic,3.0,Married,6.0,1,1,0,1.0,Executive,20810.0
4635,0,51.0,Self Enquiry,1,31.0,Salaried,Male,4,4.0,Super Deluxe,3.0,Married,5.0,1,4,1,3.0,AVP,32651.0
4636,0,39.0,Company Invited,1,17.0,Small Business,Male,4,4.0,Basic,3.0,Married,2.0,0,5,0,1.0,Executive,21362.0
4637,0,47.0,Self Enquiry,1,14.0,Small Business,Male,4,4.0,Standard,3.0,Married,8.0,0,1,1,2.0,Senior Manager,29523.0
4638,0,25.0,Self Enquiry,1,24.0,Small Business,Female,3,5.0,Deluxe,3.0,Married,3.0,0,3,0,1.0,Manager,23055.0
4639,1,36.0,Self Enquiry,1,21.0,Salaried,Male,3,5.0,Basic,4.0,Married,3.0,1,5,1,2.0,Executive,22421.0
4640,0,32.0,Company Invited,1,7.0,Salaried,Female,4,4.0,Deluxe,5.0,Married,3.0,0,5,1,1.0,Manager,22826.0
4642,0,55.0,Self Enquiry,1,24.0,Large Business,Female,3,4.0,Standard,3.0,Married,2.0,0,5,0,1.0,Senior Manager,29417.0
4643,0,36.0,Self Enquiry,1,32.0,Small Business,Female,3,4.0,Standard,3.0,Married,3.0,1,3,0,2.0,Senior Manager,29066.0
4644,0,31.0,Self Enquiry,1,15.0,Salaried,Female,4,2.0,Standard,5.0,Married,2.0,1,1,0,3.0,Senior Manager,30094.0
4645,1,21.0,Self Enquiry,1,18.0,Small Business,Female,4,5.0,Basic,5.0,Unmarried,3.0,1,3,1,3.0,Executive,21278.0
4646,1,31.0,Company Invited,1,12.0,Small Business,Female,3,4.0,Basic,4.0,Single,2.0,0,3,0,1.0,Executive,21100.0
4647,0,27.0,Self Enquiry,1,9.0,Small Business,Male,3,2.0,Deluxe,3.0,Married,3.0,0,3,1,2.0,Manager,24150.0
4648,0,23.0,Self Enquiry,1,15.0,Salaried,Male,4,6.0,Basic,5.0,Married,3.0,0,1,0,2.0,Executive,21129.0
4649,0,49.0,Self Enquiry,1,13.0,Salaried,Male,4,5.0,Deluxe,3.0,Unmarried,4.0,0,1,0,3.0,Manager,22918.0
4650,0,49.0,Self Enquiry,1,11.0,Salaried,Male,4,5.0,Standard,3.0,Single,2.0,0,5,1,1.0,Senior Manager,29677.0
4651,0,42.0,Self Enquiry,1,14.0,Small Business,Fe Male,3,4.0,Deluxe,3.0,Unmarried,8.0,0,3,1,2.0,Manager,23681.0
4652,0,40.0,Self Enquiry,1,7.0,Salaried,Female,4,5.0,Super Deluxe,3.0,Married,3.0,0,3,1,1.0,AVP,31420.0
4653,0,28.0,Self Enquiry,1,9.0,Salaried,Female,3,4.0,Deluxe,3.0,Married,2.0,0,5,1,1.0,Manager,22905.0
4654,0,36.0,Self Enquiry,1,17.0,Salaried,Male,3,4.0,Basic,3.0,Married,3.0,0,5,0,1.0,Executive,22595.0
4656,0,51.0,Self Enquiry,1,16.0,Salaried,Male,4,4.0,Basic,3.0,Married,6.0,0,5,1,3.0,Executive,21058.0
4657,0,60.0,Self Enquiry,1,9.0,Salaried,Female,4,5.0,Super Deluxe,3.0,Single,5.0,1,5,1,1.0,AVP,32404.0
4658,1,38.0,Self Enquiry,1,18.0,Small Business,Female,4,6.0,Deluxe,4.0,Married,7.0,0,4,1,1.0,Manager,23455.0
4659,0,56.0,Company Invited,1,25.0,Small Business,Male,4,4.0,Deluxe,4.0,Married,5.0,1,5,1,2.0,Manager,25063.0
4661,0,39.0,Self Enquiry,3,10.0,Salaried,Male,3,4.0,Deluxe,3.0,Unmarried,2.0,1,3,1,1.0,Manager,25539.0
4662,1,27.0,Company Invited,3,36.0,Small Business,Male,4,6.0,Deluxe,5.0,Unmarried,2.0,0,3,1,2.0,Manager,23647.0
4664,0,45.0,Self Enquiry,3,35.0,Small Business,Female,3,2.0,Super Deluxe,3.0,Married,5.0,1,1,1,1.0,AVP,31998.0
4665,0,51.0,Company Invited,3,7.0,Salaried,Female,4,4.0,Deluxe,3.0,Married,2.0,0,1,0,2.0,Manager,25025.0
4666,1,37.0,Self Enquiry,1,23.0,Salaried,Female,3,2.0,Basic,5.0,Unmarried,3.0,0,1,1,1.0,Executive,21421.0
4667,0,40.0,Company Invited,1,29.0,Small Business,Female,3,4.0,Standard,5.0,Single,3.0,1,5,1,2.0,Senior Manager,29558.0
4668,0,34.0,Company Invited,3,15.0,Salaried,Female,3,5.0,Basic,3.0,Single,2.0,0,1,0,2.0,Executive,21020.0
4670,0,33.0,Company Invited,1,36.0,Small Business,Female,4,4.0,Basic,3.0,Unmarried,2.0,0,3,1,3.0,Executive,22703.0
4671,0,35.0,Self Enquiry,3,7.0,Small Business,Male,4,2.0,Deluxe,3.0,Married,2.0,0,5,0,2.0,Manager,28403.0
4672,0,60.0,Self Enquiry,3,7.0,Large Business,Male,4,4.0,Standard,3.0,Married,5.0,1,1,1,1.0,Senior Manager,30582.0
4673,0,46.0,Self Enquiry,2,31.0,Small Business,Male,3,4.0,Basic,4.0,Single,3.0,0,4,0,2.0,Executive,20855.0
4674,0,54.0,Company Invited,3,9.0,Small Business,Female,3,5.0,Standard,4.0,Married,4.0,0,1,1,1.0,Senior Manager,26203.0
4675,1,37.0,Self Enquiry,1,22.0,Salaried,Male,3,4.0,Deluxe,3.0,Married,2.0,0,4,0,2.0,Manager,23512.0
4676,1,27.0,Company Invited,1,9.0,Salaried,Male,3,4.0,Basic,5.0,Married,8.0,1,5,0,1.0,Executive,20720.0
4677,0,35.0,Self Enquiry,3,17.0,Salaried,Female,3,4.0,Basic,3.0,Married,3.0,1,1,0,2.0,Executive,20898.0
4679,0,39.0,Company Invited,1,10.0,Salaried,Male,3,4.0,Basic,3.0,Married,5.0,0,3,1,1.0,Executive,21499.0
4681,0,38.0,Self Enquiry,1,10.0,Salaried,Female,3,4.0,Deluxe,4.0,Unmarried,5.0,0,4,1,1.0,Manager,22785.0
4682,0,41.0,Self Enquiry,3,33.0,Small Business,Male,4,4.0,Deluxe,5.0,Married,3.0,0,1,1,3.0,Manager,27074.0
4683,0,27.0,Company Invited,1,7.0,Small Business,Female,4,5.0,Basic,3.0,Married,3.0,0,1,0,1.0,Executive,20685.0
4685,0,55.0,Self Enquiry,3,9.0,Salaried,Female,3,5.0,Standard,3.0,Married,8.0,0,5,1,2.0,Senior Manager,29364.0
4686,0,57.0,Company Invited,1,16.0,Small Business,Female,4,4.0,Basic,3.0,Married,4.0,0,1,1,1.0,Executive,21620.0
4687,0,37.0,Self Enquiry,1,19.0,Small Business,Fe Male,3,5.0,Standard,3.0,Unmarried,2.0,0,1,1,1.0,Senior Manager,27536.0
4689,0,44.0,Self Enquiry,3,32.0,Small Business,Male,4,5.0,Standard,3.0,Married,7.0,0,4,1,2.0,Senior Manager,29476.0
4690,1,21.0,Company Invited,3,16.0,Small Business,Female,3,4.0,Basic,3.0,Single,3.0,1,4,1,1.0,Executive,21001.0
4691,1,22.0,Self Enquiry,1,17.0,Salaried,Female,3,5.0,Basic,5.0,Single,3.0,0,3,0,2.0,Executive,20094.0
4692,0,47.0,Self Enquiry,1,15.0,Salaried,Female,4,5.0,Deluxe,5.0,Married,2.0,1,1,1,3.0,Manager,23293.0
4693,1,52.0,Self Enquiry,1,11.0,Salaried,Male,3,4.0,Basic,3.0,Married,2.0,1,1,0,1.0,Executive,21139.0
4694,1,29.0,Company Invited,1,31.0,Large Business,Male,4,5.0,Standard,5.0,Unmarried,3.0,0,1,1,2.0,Senior Manager,27400.0
4695,0,27.0,Self Enquiry,1,7.0,Small Business,Male,3,5.0,Basic,5.0,Married,3.0,0,3,1,2.0,Executive,22633.0
4696,0,31.0,Self Enquiry,1,27.0,Salaried,Male,3,4.0,Deluxe,5.0,Married,2.0,0,4,0,2.0,Manager,28635.0
4697,0,42.0,Self Enquiry,1,14.0,Large Business,Female,3,2.0,Basic,3.0,Married,3.0,0,3,0,1.0,Executive,22054.0
4698,0,39.0,Self Enquiry,1,24.0,Salaried,Female,4,5.0,Standard,3.0,Married,2.0,0,1,1,3.0,Senior Manager,27501.0
4699,0,41.0,Self Enquiry,1,27.0,Large Business,Male,4,4.0,Standard,3.0,Married,6.0,0,3,1,2.0,Senior Manager,29000.0
4700,0,28.0,Company Invited,1,15.0,Salaried,Male,3,6.0,Basic,3.0,Married,3.0,0,1,1,2.0,Executive,23299.0
4701,0,56.0,Company Invited,1,9.0,Salaried,Male,4,4.0,Standard,4.0,Married,5.0,0,1,0,2.0,Senior Manager,29654.0
4702,0,29.0,Self Enquiry,1,17.0,Salaried,Female,3,4.0,Deluxe,3.0,Unmarried,5.0,0,4,0,2.0,Manager,22338.0
4703,1,45.0,Self Enquiry,2,7.0,Small Business,Male,4,5.0,Standard,5.0,Married,2.0,0,4,1,1.0,Senior Manager,29160.0
4704,0,34.0,Self Enquiry,1,12.0,Salaried,Male,3,5.0,Standard,3.0,Married,6.0,0,3,1,2.0,Senior Manager,25797.0
4705,1,36.0,Self Enquiry,3,11.0,Large Business,Male,3,4.0,Standard,5.0,Unmarried,2.0,1,4,1,2.0,Senior Manager,28260.0
4706,1,34.0,Company Invited,1,36.0,Small Business,Female,3,5.0,Deluxe,3.0,Unmarried,3.0,0,5,1,1.0,Manager,23186.0
4707,0,29.0,Self Enquiry,1,22.0,Salaried,Male,3,4.0,Basic,3.0,Married,3.0,0,4,0,1.0,Executive,20885.0
4708,0,35.0,Company Invited,1,10.0,Salaried,Male,3,4.0,Deluxe,3.0,Unmarried,2.0,0,1,1,1.0,Manager,26434.0
4709,0,38.0,Self Enquiry,3,17.0,Salaried,Female,3,5.0,Deluxe,3.0,Married,4.0,1,4,1,2.0,Manager,25372.0
4710,1,26.0,Self Enquiry,1,11.0,Large Business,Male,3,4.0,Basic,3.0,Married,3.0,1,3,1,2.0,Executive,22369.0
4711,1,27.0,Self Enquiry,1,28.0,Small Business,Male,3,4.0,Basic,3.0,Married,3.0,0,5,1,1.0,Executive,21055.0
4712,1,34.0,Self Enquiry,1,32.0,Small Business,Male,3,5.0,Basic,4.0,Single,6.0,1,4,1,1.0,Executive,20991.0
4714,1,29.0,Company Invited,1,7.0,Small Business,Male,3,5.0,Basic,4.0,Married,3.0,0,4,1,1.0,Executive,21274.0
4715,1,51.0,Company Invited,3,7.0,Salaried,Male,3,4.0,Deluxe,3.0,Unmarried,5.0,1,1,1,2.0,Manager,23406.0
4716,0,34.0,Company Invited,3,14.0,Salaried,Female,2,4.0,Deluxe,4.0,Married,2.0,0,4,0,1.0,Manager,22980.0
4717,0,35.0,Company Invited,1,10.0,Salaried,Male,3,5.0,Basic,3.0,Married,5.0,0,1,0,1.0,Executive,21657.0
4719,0,46.0,Company Invited,3,16.0,Salaried,Female,4,5.0,Deluxe,3.0,Married,3.0,0,3,1,3.0,Manager,24271.0
4720,0,53.0,Self Enquiry,1,6.0,Salaried,Male,3,4.0,Standard,4.0,Single,2.0,0,3,1,2.0,Senior Manager,29123.0
4721,0,39.0,Self Enquiry,3,17.0,Small Business,Male,4,5.0,Standard,3.0,Married,2.0,1,3,1,2.0,Senior Manager,27418.0
4722,0,30.0,Self Enquiry,1,35.0,Salaried,Female,4,4.0,Basic,3.0,Married,6.0,0,5,1,1.0,Executive,21192.0
4723,0,29.0,Self Enquiry,1,10.0,Small Business,Female,4,4.0,Standard,4.0,Married,2.0,0,4,0,1.0,Senior Manager,26333.0
4725,0,39.0,Self Enquiry,3,9.0,Small Business,Male,3,4.0,Standard,4.0,Unmarried,2.0,0,4,1,2.0,Senior Manager,26029.0
4726,0,44.0,Company Invited,1,34.0,Salaried,Female,3,4.0,Standard,5.0,Married,2.0,0,4,1,1.0,Senior Manager,29498.0
4727,1,40.0,Company Invited,1,9.0,Salaried,Male,3,4.0,Super Deluxe,3.0,Married,2.0,0,3,1,1.0,AVP,30847.0
4728,0,41.0,Self Enquiry,1,21.0,Small Business,Male,3,5.0,King,3.0,Single,3.0,0,3,1,2.0,VP,38304.0
4729,0,22.0,Self Enquiry,1,7.0,Large Business,Female,4,5.0,Basic,4.0,Single,3.0,1,5,1,2.0,Executive,20748.0
4730,0,40.0,Company Invited,1,16.0,Salaried,Male,4,4.0,Deluxe,4.0,Unmarried,2.0,0,1,1,1.0,Manager,25460.0
4731,0,37.0,Company Invited,1,25.0,Salaried,Male,4,4.0,Deluxe,3.0,Unmarried,4.0,0,3,0,2.0,Manager,26457.0
4732,0,32.0,Company Invited,3,27.0,Salaried,Male,4,2.0,Basic,3.0,Married,2.0,0,5,1,1.0,Executive,21469.0
4733,0,29.0,Self Enquiry,1,9.0,Salaried,Male,4,5.0,Basic,4.0,Married,2.0,0,1,0,3.0,Executive,21879.0
4734,0,36.0,Company Invited,3,18.0,Small Business,Male,3,4.0,Deluxe,3.0,Married,3.0,0,5,1,2.0,Manager,23646.0
4735,0,50.0,Self Enquiry,3,15.0,Large Business,Male,3,5.0,Super Deluxe,4.0,Married,8.0,0,4,1,2.0,AVP,31798.0
4736,0,35.0,Company Invited,1,9.0,Salaried,Male,4,4.0,Deluxe,3.0,Unmarried,4.0,0,4,1,2.0,Manager,22711.0
4737,0,30.0,Company Invited,1,17.0,Salaried,Female,4,4.0,Basic,4.0,Married,2.0,0,5,0,1.0,Executive,21969.0
4738,0,43.0,Self Enquiry,1,36.0,Small Business,Male,3,6.0,Deluxe,3.0,Unmarried,6.0,0,3,1,2.0,Manager,22950.0
4739,0,30.0,Self Enquiry,1,15.0,Small Business,Male,4,5.0,Deluxe,3.0,Married,3.0,1,3,1,2.0,Manager,23734.0
4740,0,39.0,Self Enquiry,2,7.0,Salaried,Male,3,2.0,Basic,3.0,Married,3.0,0,4,1,1.0,Executive,21522.0
4741,0,29.0,Company Invited,1,13.0,Salaried,Male,3,5.0,Basic,3.0,Married,3.0,1,4,1,2.0,Executive,21381.0
4742,1,19.0,Company Invited,1,15.0,Small Business,Male,4,4.0,Basic,3.0,Single,3.0,0,5,1,1.0,Executive,20582.0
4743,1,34.0,Self Enquiry,3,16.0,Small Business,Fe Male,4,4.0,Deluxe,5.0,Unmarried,2.0,1,3,0,1.0,Manager,26902.0
4744,0,42.0,Self Enquiry,1,19.0,Salaried,Male,3,4.0,Basic,3.0,Married,5.0,1,3,1,1.0,Executive,23444.0
4745,1,32.0,Company Invited,1,22.0,Small Business,Male,4,4.0,Basic,3.0,Married,3.0,0,4,1,1.0,Executive,21288.0
4746,0,38.0,Self Enquiry,1,32.0,Small Business,Female,3,5.0,Deluxe,3.0,Married,2.0,0,3,1,1.0,Manager,24409.0
4747,0,28.0,Self Enquiry,1,13.0,Salaried,Male,3,5.0,Basic,3.0,Married,3.0,0,1,1,2.0,Executive,21217.0
4748,0,35.0,Self Enquiry,3,16.0,Salaried,Female,4,4.0,Deluxe,3.0,Married,3.0,0,1,0,1.0,Manager,24392.0
4749,0,36.0,Self Enquiry,2,15.0,Large Business,Male,4,4.0,Basic,3.0,Unmarried,3.0,0,5,0,2.0,Executive,23001.0
4750,1,30.0,Self Enquiry,3,30.0,Salaried,Female,3,5.0,Standard,5.0,Married,3.0,0,3,1,2.0,Senior Manager,26014.0
4751,0,41.0,Company Invited,1,16.0,Small Business,Female,3,4.0,Standard,3.0,Single,2.0,0,4,1,2.0,Senior Manager,32177.0
4752,1,43.0,Company Invited,3,19.0,Salaried,Male,3,4.0,Super Deluxe,5.0,Single,2.0,1,5,1,2.0,AVP,32436.0
4753,0,43.0,Self Enquiry,3,11.0,Small Business,Male,3,4.0,Deluxe,5.0,Unmarried,2.0,0,5,1,1.0,Manager,23833.0
4754,0,36.0,Self Enquiry,1,7.0,Small Business,Male,3,5.0,Basic,3.0,Married,8.0,0,1,1,2.0,Executive,20936.0
4755,0,25.0,Self Enquiry,1,31.0,Small Business,Male,3,4.0,Basic,4.0,Unmarried,2.0,0,5,0,2.0,Executive,22275.0
4756,1,29.0,Self Enquiry,1,19.0,Salaried,Female,4,4.0,Basic,3.0,Married,3.0,1,4,1,2.0,Executive,21193.0
4757,0,27.0,Self Enquiry,1,10.0,Small Business,Male,3,2.0,Basic,3.0,Married,3.0,0,5,1,2.0,Executive,23098.0
4758,0,31.0,Self Enquiry,3,17.0,Small Business,Male,4,5.0,Deluxe,3.0,Married,3.0,0,1,0,2.0,Manager,25256.0
4759,0,41.0,Company Invited,1,33.0,Small Business,Female,4,5.0,Deluxe,3.0,Married,5.0,1,1,0,2.0,Manager,23100.0
4760,0,36.0,Self Enquiry,1,9.0,Salaried,Male,3,5.0,Standard,4.0,Married,4.0,0,4,1,1.0,Senior Manager,28952.0
4761,0,35.0,Company Invited,1,8.0,Small Business,Male,4,5.0,Deluxe,5.0,Unmarried,2.0,0,1,0,1.0,Manager,24021.0
4762,0,36.0,Company Invited,1,11.0,Salaried,Male,3,5.0,Basic,3.0,Married,3.0,0,1,1,2.0,Executive,21054.0
4763,1,44.0,Self Enquiry,3,16.0,Small Business,Fe Male,3,6.0,Deluxe,3.0,Unmarried,2.0,0,1,0,1.0,Manager,24024.0
4764,0,33.0,Company Invited,3,9.0,Salaried,Female,4,4.0,Basic,5.0,Married,3.0,0,3,1,1.0,Executive,21505.0
4766,0,30.0,Self Enquiry,1,13.0,Small Business,Female,3,4.0,Basic,3.0,Married,3.0,0,3,0,2.0,Executive,21809.0
4767,0,20.0,Self Enquiry,1,16.0,Salaried,Male,3,4.0,Basic,5.0,Single,3.0,0,3,0,2.0,Executive,21230.0
4768,0,46.0,Self Enquiry,1,14.0,Small Business,Female,3,4.0,Basic,3.0,Married,6.0,1,3,0,2.0,Executive,23155.0
4769,0,38.0,Self Enquiry,1,8.0,Salaried,Female,3,5.0,Deluxe,3.0,Married,3.0,0,1,0,1.0,Manager,25152.0
4770,0,21.0,Self Enquiry,1,6.0,Salaried,Male,3,5.0,Basic,3.0,Unmarried,3.0,0,3,0,1.0,Executive,21711.0
4771,1,45.0,Self Enquiry,1,17.0,Salaried,Male,4,4.0,Basic,3.0,Unmarried,3.0,1,3,1,1.0,Executive,21614.0
4773,0,30.0,Self Enquiry,1,22.0,Salaried,Female,4,6.0,Basic,3.0,Married,2.0,1,5,1,2.0,Executive,20846.0
4774,1,23.0,Company Invited,1,10.0,Salaried,Male,3,5.0,Basic,3.0,Married,2.0,1,3,0,2.0,Executive,21531.0
4776,0,45.0,Company Invited,1,24.0,Salaried,Male,4,6.0,Basic,3.0,Single,4.0,0,4,1,2.0,Executive,20968.0
4777,0,34.0,Self Enquiry,2,9.0,Salaried,Male,4,4.0,Basic,3.0,Married,3.0,0,1,1,3.0,Executive,22278.0
4778,1,42.0,Company Invited,1,12.0,Salaried,Male,4,5.0,Basic,5.0,Married,8.0,0,3,0,2.0,Executive,20785.0
4779,0,31.0,Self Enquiry,3,36.0,Salaried,Male,4,4.0,Deluxe,5.0,Married,2.0,0,1,1,1.0,Manager,22793.0
4780,0,41.0,Company Invited,3,9.0,Small Business,Male,4,4.0,Deluxe,4.0,Married,7.0,0,4,1,2.0,Manager,23005.0
4782,0,29.0,Self Enquiry,1,26.0,Small Business,Male,4,5.0,Basic,5.0,Married,3.0,0,3,1,2.0,Executive,21874.0
4784,0,36.0,Self Enquiry,3,24.0,Salaried,Male,4,4.0,Deluxe,5.0,Married,5.0,1,3,0,3.0,Manager,27644.0
4785,1,25.0,Self Enquiry,1,24.0,Salaried,Female,4,4.0,Basic,4.0,Married,3.0,0,1,1,3.0,Executive,20888.0
4786,0,34.0,Company Invited,3,32.0,Small Business,Female,3,4.0,Deluxe,3.0,Married,3.0,0,3,0,2.0,Manager,23217.0
4787,0,37.0,Self Enquiry,1,13.0,Salaried,Male,3,6.0,Basic,3.0,Married,3.0,0,1,1,1.0,Executive,21419.0
4788,0,31.0,Self Enquiry,1,14.0,Salaried,Male,3,4.0,Deluxe,3.0,Married,3.0,0,5,1,2.0,Manager,22169.0
4789,0,45.0,Self Enquiry,1,36.0,Salaried,Male,3,4.0,Deluxe,3.0,Unmarried,3.0,0,5,1,2.0,Manager,23219.0
4790,0,21.0,Self Enquiry,3,28.0,Small Business,Male,3,2.0,Basic,3.0,Unmarried,3.0,0,3,1,2.0,Executive,21356.0
4791,0,47.0,Self Enquiry,1,9.0,Large Business,Male,3,4.0,Deluxe,3.0,Married,4.0,0,1,0,1.0,Manager,26057.0
4792,0,43.0,Company Invited,2,9.0,Small Business,Male,4,2.0,Deluxe,5.0,Married,2.0,0,1,1,2.0,Manager,24950.0
4793,0,61.0,Self Enquiry,3,14.0,Small Business,Male,3,2.0,Deluxe,3.0,Married,2.0,1,5,0,1.0,Manager,23898.0
4794,0,33.0,Company Invited,1,20.0,Salaried,Female,4,5.0,Basic,4.0,Married,3.0,0,5,1,1.0,Executive,21421.0
4795,0,33.0,Company Invited,1,9.0,Salaried,Fe Male,3,4.0,Deluxe,3.0,Unmarried,6.0,1,5,1,1.0,Manager,23676.0
4796,0,37.0,Self Enquiry,1,8.0,Large Business,Female,4,6.0,Standard,5.0,Married,4.0,1,1,1,1.0,Senior Manager,28930.0
4797,0,34.0,Self Enquiry,1,16.0,Small Business,Male,3,4.0,Basic,3.0,Married,2.0,0,1,0,2.0,Executive,21459.0
4798,0,41.0,Self Enquiry,3,17.0,Large Business,Female,3,5.0,Deluxe,4.0,Married,2.0,0,5,1,2.0,Manager,25530.0
4799,0,26.0,Self Enquiry,3,17.0,Salaried,Male,3,4.0,Deluxe,3.0,Unmarried,2.0,0,1,1,1.0,Manager,23628.0
4800,0,31.0,Self Enquiry,1,8.0,Small Business,Male,4,4.0,Basic,4.0,Married,2.0,1,4,1,3.0,Executive,22257.0
4801,0,43.0,Company Invited,1,33.0,Small Business,Female,3,4.0,Standard,5.0,Married,5.0,1,3,0,1.0,Senior Manager,31869.0
4802,0,36.0,Company Invited,3,15.0,Small Business,Female,4,5.0,Standard,3.0,Married,6.0,1,5,1,3.0,Senior Manager,29055.0
4803,0,28.0,Self Enquiry,1,21.0,Salaried,Male,3,4.0,Basic,5.0,Married,3.0,1,4,1,1.0,Executive,20913.0
4804,0,55.0,Company Invited,1,8.0,Salaried,Female,3,4.0,Standard,3.0,Married,2.0,0,5,0,2.0,Senior Manager,29180.0
4805,0,45.0,Self Enquiry,1,9.0,Salaried,Female,4,2.0,Basic,3.0,Married,3.0,0,4,1,3.0,Executive,20689.0
4806,1,20.0,Company Invited,1,17.0,Small Business,Female,4,5.0,Basic,4.0,Single,3.0,1,5,0,3.0,Executive,20537.0
4807,0,30.0,Self Enquiry,1,8.0,Salaried,Female,4,4.0,Basic,3.0,Married,3.0,0,1,1,3.0,Executive,22438.0
4809,0,32.0,Self Enquiry,1,18.0,Small Business,Male,4,4.0,Deluxe,5.0,Married,3.0,1,1,1,2.0,Manager,25511.0
4810,0,32.0,Self Enquiry,1,31.0,Small Business,Fe Male,4,5.0,Deluxe,5.0,Unmarried,3.0,0,5,1,1.0,Manager,25490.0
4811,0,60.0,Self Enquiry,3,10.0,Salaried,Fe Male,3,5.0,Deluxe,3.0,Unmarried,7.0,0,3,0,1.0,Manager,23849.0
4814,0,37.0,Company Invited,1,10.0,Large Business,Male,3,4.0,Basic,4.0,Married,3.0,0,3,0,2.0,Executive,22370.0
4815,1,49.0,Company Invited,3,31.0,Salaried,Male,4,6.0,Basic,3.0,Single,3.0,1,1,1,3.0,Executive,21237.0
4816,1,28.0,Self Enquiry,3,9.0,Small Business,Female,4,6.0,King,4.0,Single,4.0,1,5,1,2.0,VP,21195.0
4817,1,30.0,Company Invited,1,17.0,Salaried,Fe Male,3,5.0,Basic,3.0,Unmarried,3.0,0,4,1,1.0,Executive,25301.0
4820,1,35.0,Self Enquiry,1,14.0,Salaried,Male,4,4.0,Deluxe,3.0,Married,3.0,0,3,0,1.0,Manager,21263.0
4822,1,34.0,Self Enquiry,3,32.0,Small Business,Male,3,5.0,Standard,4.0,Unmarried,4.0,1,5,1,1.0,Senior Manager,27058.0
4823,1,20.0,Self Enquiry,3,12.0,Salaried,Male,4,4.0,Standard,4.0,Unmarried,2.0,1,4,1,1.0,Senior Manager,21672.0
4824,1,24.0,Company Invited,3,8.0,Salaried,Female,3,4.0,Basic,4.0,Single,3.0,1,5,1,2.0,Executive,19901.0
4826,1,27.0,Self Enquiry,1,14.0,Small Business,Female,3,5.0,Standard,5.0,Married,2.0,1,4,1,2.0,Senior Manager,21553.0
4828,1,56.0,Company Invited,3,9.0,Salaried,Female,3,5.0,Basic,3.0,Single,2.0,0,5,0,1.0,Executive,32255.0
4829,1,22.0,Company Invited,3,25.0,Small Business,Female,4,4.0,Deluxe,3.0,Married,2.0,1,5,0,2.0,Manager,21303.0
4831,1,35.0,Self Enquiry,1,24.0,Salaried,Female,3,4.0,Basic,3.0,Unmarried,3.0,1,5,1,1.0,Executive,23216.0
4833,1,60.0,Company Invited,1,21.0,Salaried,Female,3,4.0,Standard,3.0,Single,2.0,1,5,1,1.0,Senior Manager,29190.0
4834,1,35.0,Company Invited,3,8.0,Salaried,Female,3,6.0,Basic,3.0,Unmarried,3.0,0,3,0,2.0,Executive,23122.0
4835,1,29.0,Self Enquiry,1,15.0,Salaried,Female,3,5.0,Basic,4.0,Single,3.0,0,4,0,2.0,Executive,20832.0
4837,1,35.0,Self Enquiry,3,16.0,Small Business,Male,3,4.0,Standard,3.0,Married,6.0,0,3,1,2.0,Senior Manager,23168.0
4838,1,36.0,Company Invited,1,9.0,Salaried,Female,3,5.0,Basic,5.0,Unmarried,4.0,1,3,0,1.0,Executive,22184.0
4839,1,43.0,Company Invited,1,8.0,Salaried,Female,4,2.0,Standard,4.0,Single,3.0,0,3,1,1.0,Senior Manager,21050.0
4840,1,44.0,Company Invited,1,9.0,Salaried,Male,4,4.0,Basic,3.0,Married,8.0,1,3,0,1.0,Executive,28909.0
4841,1,37.0,Self Enquiry,2,16.0,Large Business,Female,3,4.0,Basic,3.0,Married,3.0,0,1,1,1.0,Executive,24088.0
4842,1,45.0,Company Invited,3,8.0,Large Business,Male,4,4.0,Basic,3.0,Married,5.0,0,3,1,2.0,Executive,26656.0
4843,1,29.0,Company Invited,3,20.0,Large Business,Female,3,4.0,Deluxe,4.0,Unmarried,7.0,0,3,1,1.0,Manager,22545.0
4844,1,52.0,Self Enquiry,3,31.0,Small Business,Female,3,5.0,Deluxe,4.0,Unmarried,2.0,1,5,1,2.0,Manager,21516.0
4845,1,31.0,Company Invited,1,16.0,Small Business,Male,3,4.0,Basic,5.0,Unmarried,4.0,1,3,0,2.0,Executive,23373.0
4846,1,30.0,Company Invited,1,9.0,Small Business,Male,3,5.0,Basic,5.0,Unmarried,2.0,0,4,1,2.0,Executive,22017.0
4847,1,29.0,Self Enquiry,1,8.0,Large Business,Male,4,5.0,Basic,5.0,Single,8.0,0,3,1,2.0,Executive,20758.0
4848,1,26.0,Self Enquiry,1,16.0,Salaried,Male,3,4.0,Basic,5.0,Single,5.0,0,1,1,1.0,Executive,20774.0
4849,1,33.0,Company Invited,1,10.0,Salaried,Fe Male,3,4.0,Basic,3.0,Unmarried,3.0,0,4,1,1.0,Executive,24887.0
4852,1,59.0,Self Enquiry,1,9.0,Large Business,Female,4,5.0,Standard,3.0,Married,2.0,0,5,0,1.0,Senior Manager,21050.0
4853,1,33.0,Self Enquiry,1,9.0,Small Business,Male,3,4.0,Deluxe,4.0,Married,6.0,0,4,1,2.0,Manager,23561.0
4854,1,40.0,Self Enquiry,1,31.0,Small Business,Male,3,4.0,Basic,4.0,Married,3.0,1,1,0,1.0,Executive,22582.0
4855,1,31.0,Company Invited,3,10.0,Small Business,Female,4,4.0,Basic,3.0,Unmarried,3.0,1,5,1,2.0,Executive,23305.0
4856,1,37.0,Self Enquiry,3,17.0,Small Business,Male,3,5.0,Standard,5.0,Married,2.0,0,5,0,1.0,Senior Manager,25772.0
4857,1,47.0,Self Enquiry,3,22.0,Small Business,Male,3,6.0,Deluxe,3.0,Married,8.0,1,1,0,2.0,Manager,22101.0
4858,1,29.0,Self Enquiry,1,14.0,Salaried,Male,4,4.0,Basic,5.0,Unmarried,5.0,1,3,0,3.0,Executive,25352.0
4859,1,51.0,Company Invited,3,19.0,Salaried,Male,3,4.0,Deluxe,3.0,Single,5.0,1,3,1,2.0,Manager,35558.0
4860,1,41.0,Self Enquiry,1,15.0,Small Business,Male,4,5.0,Basic,3.0,Unmarried,3.0,1,4,1,3.0,Executive,27772.0
4861,1,53.0,Company Invited,3,14.0,Small Business,Female,4,4.0,Basic,3.0,Married,4.0,1,4,1,3.0,Executive,27124.0
4862,1,31.0,Self Enquiry,1,9.0,Salaried,Male,4,4.0,Basic,4.0,Single,3.0,0,3,0,1.0,Executive,30594.0
4863,1,40.0,Self Enquiry,3,14.0,Salaried,Male,4,4.0,Basic,3.0,Married,3.0,1,1,1,3.0,Executive,23212.0
4864,1,32.0,Self Enquiry,2,29.0,Salaried,Male,3,6.0,Basic,3.0,Married,3.0,0,1,0,2.0,Executive,28530.0
4865,1,42.0,Company Invited,3,16.0,Salaried,Male,3,6.0,Super Deluxe,3.0,Married,2.0,0,5,1,2.0,AVP,24829.0
4866,1,32.0,Self Enquiry,3,20.0,Small Business,Male,4,5.0,Deluxe,5.0,Married,7.0,1,1,1,1.0,Manager,20980.0
4867,1,45.0,Self Enquiry,3,8.0,Salaried,Male,3,6.0,Deluxe,4.0,Single,8.0,0,3,0,2.0,Manager,21040.0
4871,1,41.0,Self Enquiry,3,23.0,Small Business,Male,4,4.0,Standard,3.0,Married,4.0,0,5,0,2.0,Senior Manager,22222.0
4872,1,35.0,Company Invited,1,24.0,Large Business,Male,3,5.0,Basic,3.0,Married,2.0,1,5,1,2.0,Executive,27178.0
4873,1,41.0,Self Enquiry,3,14.0,Small Business,Male,3,4.0,Basic,4.0,Unmarried,3.0,0,5,0,1.0,Executive,23339.0
4874,1,42.0,Self Enquiry,1,15.0,Small Business,Female,4,4.0,Basic,5.0,Married,3.0,1,3,0,3.0,Executive,22781.0
4875,1,36.0,Company Invited,1,8.0,Small Business,Male,4,4.0,Basic,4.0,Married,3.0,1,3,1,1.0,Executive,22927.0
4876,1,52.0,Self Enquiry,3,34.0,Salaried,Male,3,4.0,Deluxe,3.0,Single,3.0,1,5,1,2.0,Manager,32704.0
4877,1,39.0,Company Invited,1,16.0,Salaried,Male,4,4.0,Deluxe,5.0,Married,6.0,0,3,0,3.0,Manager,25571.0
4878,1,35.0,Self Enquiry,1,17.0,Small Business,Male,3,4.0,Deluxe,5.0,Unmarried,3.0,0,4,0,1.0,Manager,24803.0
4879,1,26.0,Self Enquiry,2,27.0,Small Business,Female,4,4.0,Basic,4.0,Married,2.0,1,3,0,2.0,Executive,22347.0
4880,1,59.0,Self Enquiry,1,28.0,Small Business,Female,4,4.0,Deluxe,4.0,Married,6.0,0,3,1,2.0,Manager,28686.0
4881,1,41.0,Self Enquiry,2,25.0,Salaried,Male,3,2.0,Basic,5.0,Married,2.0,0,1,1,2.0,Executive,21065.0
4882,1,37.0,Self Enquiry,2,20.0,Salaried,Male,3,5.0,Basic,5.0,Married,6.0,1,5,1,2.0,Executive,23317.0
4883,1,49.0,Self Enquiry,3,9.0,Small Business,Male,3,5.0,Deluxe,4.0,Unmarried,2.0,1,1,1,1.0,Manager,26576.0
4884,1,28.0,Company Invited,1,31.0,Salaried,Male,4,5.0,Basic,3.0,Single,3.0,1,3,1,2.0,Executive,21212.0
4885,1,52.0,Self Enquiry,3,17.0,Salaried,Female,4,4.0,Standard,4.0,Married,7.0,0,1,1,3.0,Senior Manager,31820.0
4886,1,19.0,Self Enquiry,3,16.0,Small Business,Male,3,4.0,Basic,3.0,Single,3.0,0,5,0,2.0,Executive,20289.0
4887,1,36.0,Self Enquiry,1,14.0,Salaried,Male,4,4.0,Basic,4.0,Unmarried,3.0,1,3,1,2.0,Executive,24041.0
